suppressed, gen_suppressed, gen, adult, adult_fe, fertile_fe, rate_dr, has_dr, release, drive_conversion
0,10000,200.0,99964.7925925926,50001.28888888889,50001.28888888889,0.0,0.0,0.0,0.0
0,10000,200.0,99936.0,50000.8,50000.8,0.0,0.0,0.0,0.0
0,10000,200.0,100039.88148148148,49990.07407407407,49990.07407407407,0.0,0.0,0.0,0.0
0,10000,200.0,99933.4,50005.02962962963,50005.02962962963,0.0,0.0,0.0,0.0
0,10000,200.0,100097.12592592592,49996.65185185185,49996.65185185185,0.0,0.0,0.0,0.0
0,10000,200.0,99996.06666666667,50002.65925925926,50002.65925925926,0.0,0.0,0.0,0.0
0,10000,200.0,99973.65925925926,49997.96296296296,49997.96296296296,0.0,0.0,0.0,0.0
0,10000,200.0,99990.88888888889,50003.69629629629,50003.69629629629,0.0,0.0,0.0,0.0
0,10000,200.0,100059.7925925926,49986.8962962963,49986.8962962963,0.0,0.0,0.0,0.0
0,10000,200.0,100037.62222222223,49996.65185185185,49996.65185185185,0.0,0.0,0.0,0.0
0,10000,200.0,99983.29629629629,49989.444444444445,49989.444444444445,0.0,0.0,0.0,0.0
0,10000,200.0,100028.4,49997.30370370371,49997.30370370371,0.0,0.0,0.0,0.0
0,10000,200.0,99967.55555555556,49994.311111111114,49994.311111111114,0.0,0.0,0.0,0.0
0,10000,200.0,99931.48148148147,49991.91111111111,49991.91111111111,0.0,0.0,0.0,0.0
0,10000,200.0,99966.61481481482,49983.2,49983.2,0.0,0.0,0.0,0.0
0,10000,200.0,99951.65185185186,50004.65185185185,50004.65185185185,0.0,0.0,0.0,0.0
0,10000,200.0,99972.43703703703,49999.85925925926,49999.85925925926,0.0,0.0,0.0,0.0
0,10000,200.0,99990.36296296296,49999.45185185185,49999.45185185185,0.0,0.0,0.0,0.0
0,10000,200.0,99959.05185185185,50000.51851851852,50000.51851851852,0.0,0.0,0.0,0.0
0,10000,200.0,100039.17777777778,50004.05185185185,50004.05185185185,0.0,0.0,0.0,0.0
0,10000,200.0,123215.82222222222,55909.585185185184,55909.585185185184,0.09275640814814812,0.09275640814814812,0.2,0.0
0,10000,200.0,123268.22962962963,55888.333333333336,55888.333333333336,0.0927395925925926,0.0927395925925926,0.2,0.0
0,10000,200.0,123212.35555555555,55882.62962962963,55882.62962962963,0.09273023629629622,0.09273023629629622,0.2,0.0
0,10000,200.0,123198.24444444444,55919.97037037037,55919.97037037037,0.09275744814814818,0.09275744814814818,0.2,0.0
0,10000,200.0,123226.14074074074,55911.496296296296,55911.496296296296,0.09277694666666667,0.09277694666666667,0.2,0.0
0,10000,200.0,123166.04444444444,55897.64444444444,55897.64444444444,0.09270600074074072,0.09270600074074072,0.2,0.0
0,10000,200.0,123233.80740740741,55860.92592592593,55860.92592592593,0.09270425925925924,0.09270425925925924,0.2,0.0
0,10000,200.0,123277.11111111111,55884.65925925926,55884.65925925926,0.09273175407407412,0.09273175407407412,0.2,0.0
0,10000,200.0,123230.78518518519,55908.392592592594,55908.392592592594,0.09271220000000001,0.09271220000000001,0.2,0.0
0,10000,200.0,123285.23703703703,55884.13333333333,55884.13333333333,0.09278082074074073,0.09278082074074073,0.2,0.0
0,10000,200.0,123248.97037037037,55881.688888888886,55881.688888888886,0.09261491333333333,0.09261491333333333,0.2,0.0
0,10000,200.0,123212.73333333334,55870.444444444445,55870.444444444445,0.09274817777777779,0.09274817777777779,0.2,0.0
0,10000,200.0,123191.12592592592,55903.2,55903.2,0.09271422000000003,0.09271422000000003,0.2,0.0
0,10000,200.0,123147.77777777778,55889.84444444445,55889.84444444445,0.09274471037037033,0.09274471037037033,0.2,0.0
0,10000,200.0,123267.31851851851,55890.38518518519,55890.38518518519,0.0927226162962963,0.0927226162962963,0.2,0.0
0,10000,200.0,123235.4,55927.08148148148,55927.08148148148,0.09283285037037037,0.09283285037037037,0.2,0.0
0,10000,200.0,123223.35555555555,55906.51851851852,55906.51851851852,0.09277210962962965,0.09277210962962965,0.2,0.0
0,10000,200.0,123142.38518518518,55912.97037037037,55912.97037037037,0.09269137111111114,0.09269137111111114,0.2,0.0
0,10000,200.0,123243.84444444445,55901.84444444445,55901.84444444445,0.09272102740740742,0.09272102740740742,0.2,0.0
0,10000,200.0,123184.61481481482,55921.444444444445,55921.444444444445,0.09267560666666665,0.09267560666666665,0.2,0.0
0,10000,200.0,143843.04444444444,60536.45185185185,60536.45185185185,0.1587942000000001,0.1587942000000001,0.4,0.0
0,10000,200.0,143901.15555555557,60520.92592592593,60520.92592592593,0.15893409629629623,0.15893409629629623,0.4,0.0
0,10000,200.0,143892.6888888889,60528.822222222225,60528.822222222225,0.15889766666666666,0.15889766666666666,0.4,0.0
0,10000,200.0,143874.2074074074,60519.555555555555,60519.555555555555,0.15882882222222217,0.15882882222222217,0.4,0.0
0,10000,200.0,143928.22962962964,60513.88888888889,60513.88888888889,0.15878382962962956,0.15878382962962956,0.4,0.0
0,10000,200.0,143906.8148148148,60520.251851851855,60520.251851851855,0.15874808148148148,0.15874808148148148,0.4,0.0
0,10000,200.0,143869.54814814814,60546.177777777775,60546.177777777775,0.15886014814814814,0.15886014814814814,0.4,0.0
0,10000,200.0,143903.66666666666,60546.11111111111,60546.11111111111,0.1588762444444444,0.1588762444444444,0.4,0.0
0,10000,200.0,143900.11851851852,60511.80740740741,60511.80740740741,0.15876876296296294,0.15876876296296294,0.4,0.0
0,10000,200.0,143949.62962962964,60550.0,60550.0,0.15880305925925942,0.15880305925925942,0.4,0.0
0,10000,200.0,143952.61481481482,60529.903703703705,60529.903703703705,0.15885517037037028,0.15885517037037028,0.4,0.0
0,10000,200.0,143952.25185185185,60528.05925925926,60528.05925925926,0.15878394074074068,0.15878394074074068,0.4,0.0
0,10000,200.0,143848.6,60544.45185185185,60544.45185185185,0.15887651111111106,0.15887651111111106,0.4,0.0
0,10000,200.0,143899.9111111111,60504.86666666667,60504.86666666667,0.158887125925926,0.158887125925926,0.4,0.0
0,10000,200.0,143875.34814814816,60507.91851851852,60507.91851851852,0.15884261481481482,0.15884261481481482,0.4,0.0
0,10000,200.0,143906.2888888889,60509.474074074074,60509.474074074074,0.1586576814814815,0.1586576814814815,0.4,0.0
0,10000,200.0,143899.6,60535.770370370374,60535.770370370374,0.15873488148148152,0.15873488148148152,0.4,0.0
0,10000,200.0,143895.68148148147,60536.05925925926,60536.05925925926,0.15876262962962967,0.15876262962962967,0.4,0.0
0,10000,200.0,143874.94074074074,60523.82962962963,60523.82962962963,0.15884801481481484,0.15884801481481484,0.4,0.0
0,10000,200.0,143840.98518518519,60540.11851851852,60540.11851851852,0.15892399259259263,0.15892399259259263,0.4,0.0
0,10000,200.0,163070.1925925926,64414.688888888886,64414.688888888886,0.21028230370370368,0.21028230370370368,0.6,0.0
0,10000,200.0,163046.54814814814,64368.066666666666,64368.066666666666,0.21022614074074067,0.21022614074074067,0.6,0.0
0,10000,200.0,163065.92592592593,64361.96296296296,64361.96296296296,0.21023538518518517,0.21023538518518517,0.6,0.0
0,10000,200.0,163056.14074074075,64390.59259259259,64390.59259259259,0.210356237037037,0.210356237037037,0.6,0.0
0,10000,200.0,163056.75555555554,64406.34814814815,64406.34814814815,0.21028659259259258,0.21028659259259258,0.6,0.0
0,10000,200.0,162989.77777777778,64385.718518518515,64385.718518518515,0.21032432592592584,0.21032432592592584,0.6,0.0
0,10000,200.0,163118.05925925926,64387.229629629626,64387.229629629626,0.21019314074074072,0.21019314074074072,0.6,0.0
0,10000,200.0,163014.3037037037,64392.414814814816,64392.414814814816,0.2102362444444444,0.2102362444444444,0.6,0.0
0,10000,200.0,163010.44444444444,64362.955555555556,64362.955555555556,0.21029749629629615,0.21029749629629615,0.6,0.0
0,10000,200.0,163030.26666666666,64376.555555555555,64376.555555555555,0.21024170370370365,0.21024170370370365,0.6,0.0
0,10000,200.0,163031.37037037036,64385.62222222222,64385.62222222222,0.2102746444444443,0.2102746444444443,0.6,0.0
0,10000,200.0,163052.23703703703,64394.496296296296,64394.496296296296,0.21038400000000002,0.21038400000000002,0.6,0.0
0,10000,200.0,163114.17777777778,64353.503703703704,64353.503703703704,0.21023639259259264,0.21023639259259264,0.6,0.0
0,10000,200.0,163082.8,64389.07407407407,64389.07407407407,0.2102637481481481,0.2102637481481481,0.6,0.0
0,10000,200.0,163088.42222222223,64391.42222222222,64391.42222222222,0.21027411111111108,0.21027411111111108,0.6,0.0
0,10000,200.0,163071.47407407407,64389.1037037037,64389.1037037037,0.21029908148148152,0.21029908148148152,0.6,0.0
0,10000,200.0,163128.77037037036,64368.91851851852,64368.91851851852,0.21015211111111107,0.21015211111111107,0.6,0.0
0,10000,200.0,162970.72592592592,64406.4,64406.4,0.2103375851851852,0.2103375851851852,0.6,0.0
0,10000,200.0,163079.71851851852,64379.044444444444,64379.044444444444,0.21026537037037035,0.21026537037037035,0.6,0.0
0,10000,200.0,163072.01481481481,64384.94814814815,64384.94814814815,0.21034562222222222,0.21034562222222222,0.6,0.0
0,10000,200.0,181148.40740740742,67713.62222222223,67713.62222222223,0.2524149629629629,0.2524149629629629,0.8,0.0
0,10000,200.0,181085.7111111111,67695.28148148148,67695.28148148148,0.25248904444444437,0.25248904444444437,0.8,0.0
0,10000,200.0,181035.02222222224,67673.07407407407,67673.07407407407,0.2524880592592594,0.2524880592592594,0.8,0.0
0,10000,200.0,181201.72592592592,67719.63703703704,67719.63703703704,0.25241328888888886,0.25241328888888886,0.8,0.0
0,10000,200.0,181048.6074074074,67679.81481481482,67679.81481481482,0.2524218,0.2524218,0.8,0.0
0,10000,200.0,181082.8074074074,67644.26666666666,67644.26666666666,0.2524010962962964,0.2524010962962964,0.8,0.0
0,10000,200.0,181135.55555555556,67682.16296296296,67682.16296296296,0.25241462222222216,0.25241462222222216,0.8,0.0
0,10000,200.0,181083.42962962962,67692.8962962963,67692.8962962963,0.25250077777777774,0.25250077777777774,0.8,0.0
0,10000,200.0,181076.1925925926,67665.65925925926,67665.65925925926,0.2523575407407409,0.2523575407407409,0.8,0.0
0,10000,200.0,181081.17777777778,67725.6962962963,67725.6962962963,0.25246859259259274,0.25246859259259274,0.8,0.0
0,10000,200.0,181081.1851851852,67694.25925925926,67694.25925925926,0.25244485185185195,0.25244485185185195,0.8,0.0
0,10000,200.0,181087.93333333332,67620.28888888888,67620.28888888888,0.2523287925925926,0.2523287925925926,0.8,0.0
0,10000,200.0,181091.85185185185,67711.74074074074,67711.74074074074,0.2523969777777777,0.2523969777777777,0.8,0.0
0,10000,200.0,181046.34074074074,67724.57037037038,67724.57037037038,0.25243564444444455,0.25243564444444455,0.8,0.0
0,10000,200.0,181116.83703703704,67690.9037037037,67690.9037037037,0.25234751851851855,0.25234751851851855,0.8,0.0
0,10000,200.0,181089.07407407407,67707.65185185186,67707.65185185186,0.2524207259259259,0.2524207259259259,0.8,0.0
0,10000,200.0,181109.25925925927,67719.99259259259,67719.99259259259,0.25253643703703677,0.25253643703703677,0.8,0.0
0,10000,200.0,181082.34814814816,67617.2074074074,67617.2074074074,0.2522931851851852,0.2522931851851852,0.8,0.0
0,10000,200.0,181124.85925925925,67676.84444444445,67676.84444444445,0.2524514888888888,0.2524514888888888,0.8,0.0
0,10000,200.0,181119.99259259258,67676.08148148148,67676.08148148148,0.2525272518518517,0.2525272518518517,0.8,0.0
0,10000,200.0,198365.6074074074,70602.32592592592,70602.32592592592,0.2881123185185185,0.2881123185185185,1.0,0.0
0,10000,200.0,198283.87407407406,70605.47407407407,70605.47407407407,0.2881379703703703,0.2881379703703703,1.0,0.0
0,10000,200.0,198252.54814814814,70563.11851851852,70563.11851851852,0.28819784444444435,0.28819784444444435,1.0,0.0
0,10000,200.0,198289.8074074074,70624.86666666667,70624.86666666667,0.2882032074074074,0.2882032074074074,1.0,0.0
0,10000,200.0,198304.44444444444,70556.22222222222,70556.22222222222,0.28801905925925925,0.28801905925925925,1.0,0.0
0,10000,200.0,198310.16296296296,70582.71111111112,70582.71111111112,0.2880858370370371,0.2880858370370371,1.0,0.0
0,10000,200.0,198393.85185185185,70601.75555555556,70601.75555555556,0.28813074814814804,0.28813074814814804,1.0,0.0
0,10000,200.0,198327.98518518519,70594.81481481482,70594.81481481482,0.28800991111111124,0.28800991111111124,1.0,0.0
0,10000,200.0,198380.02962962963,70572.6888888889,70572.6888888889,0.28796541481481475,0.28796541481481475,1.0,0.0
0,10000,200.0,198254.04444444444,70592.37037037036,70592.37037037036,0.28808201481481494,0.28808201481481494,1.0,0.0
0,10000,200.0,198314.65925925926,70582.99259259259,70582.99259259259,0.2881401037037038,0.2881401037037038,1.0,0.0
0,10000,200.0,198297.59259259258,70562.64444444445,70562.64444444445,0.2881411703703705,0.2881411703703705,1.0,0.0
0,10000,200.0,198327.21481481483,70595.08148148148,70595.08148148148,0.28814062962962966,0.28814062962962966,1.0,0.0
0,10000,200.0,198349.5851851852,70624.85925925926,70624.85925925926,0.2880555999999998,0.2880555999999998,1.0,0.0
0,10000,200.0,198376.2888888889,70570.99259259259,70570.99259259259,0.2881160962962965,0.2881160962962965,1.0,0.0
0,10000,200.0,198307.96296296295,70589.12592592592,70589.12592592592,0.2881390148148148,0.2881390148148148,1.0,0.0
0,10000,200.0,198291.9185185185,70580.65925925926,70580.65925925926,0.2881172074074074,0.2881172074074074,1.0,0.0
0,10000,200.0,198260.9185185185,70604.36296296296,70604.36296296296,0.28814998518518514,0.28814998518518514,1.0,0.0
0,10000,200.0,198325.2962962963,70622.31851851851,70622.31851851851,0.28810053333333313,0.28810053333333313,1.0,0.0
0,10000,200.0,198379.22962962964,70625.77037037037,70625.77037037037,0.28809334814814824,0.28809334814814824,1.0,0.0
0,10000,200.0,214912.6222222222,73214.18518518518,73214.18518518518,0.31909617037037036,0.31909617037037036,1.2,0.0
0,10000,200.0,214933.82962962962,73166.45925925925,73166.45925925925,0.3190589185185184,0.3190589185185184,1.2,0.0
0,10000,200.0,214958.25185185185,73192.67407407408,73192.67407407408,0.3191527111111111,0.3191527111111111,1.2,0.0
0,10000,200.0,214936.4148148148,73230.08148148148,73230.08148148148,0.3191198666666667,0.3191198666666667,1.2,0.0
0,10000,200.0,214930.16296296296,73221.6888888889,73221.6888888889,0.31903528148148136,0.31903528148148136,1.2,0.0
0,10000,200.0,214943.03703703705,73167.0,73167.0,0.3189662740740741,0.3189662740740741,1.2,0.0
0,10000,200.0,214880.14814814815,73172.97037037037,73172.97037037037,0.31898194074074077,0.31898194074074077,1.2,0.0
0,10000,200.0,214949.51111111112,73163.7925925926,73163.7925925926,0.3191007407407407,0.3191007407407407,1.2,0.0
0,10000,200.0,214930.38518518518,73154.19259259259,73154.19259259259,0.3190683925925924,0.3190683925925924,1.2,0.0
0,10000,200.0,214900.2888888889,73149.82222222222,73149.82222222222,0.31900020740740737,0.31900020740740737,1.2,0.0
0,10000,200.0,214881.05185185187,73194.92592592593,73194.92592592593,0.31917814074074075,0.31917814074074075,1.2,0.0
0,10000,200.0,214906.1851851852,73185.97037037037,73185.97037037037,0.3190725185185186,0.3190725185185186,1.2,0.0
0,10000,200.0,214838.85185185185,73139.65185185186,73139.65185185186,0.3191122518518519,0.3191122518518519,1.2,0.0
0,10000,200.0,214864.67407407408,73129.36296296296,73129.36296296296,0.31901594074074063,0.31901594074074063,1.2,0.0
0,10000,200.0,214936.3111111111,73112.54074074075,73112.54074074075,0.31891621481481475,0.31891621481481475,1.2,0.0
0,10000,200.0,214963.33333333334,73169.64444444445,73169.64444444445,0.31893950370370383,0.31893950370370383,1.2,0.0
0,10000,200.0,214886.2,73153.94814814815,73153.94814814815,0.3190599703703704,0.3190599703703704,1.2,0.0
0,10000,200.0,214908.0962962963,73183.87407407408,73183.87407407408,0.3191259629629627,0.3191259629629627,1.2,0.0
0,10000,200.0,214857.4148148148,73121.37037037036,73121.37037037036,0.31904740000000015,0.31904740000000015,1.2,0.0
0,10000,200.0,214979.55555555556,73147.44444444444,73147.44444444444,0.3191258000000001,0.3191258000000001,1.2,0.0
0,10000,200.0,230917.65185185184,75498.74814814815,75498.74814814815,0.34650022222222226,0.34650022222222226,1.4,0.0
0,10000,200.0,230977.85185185185,75487.33333333333,75487.33333333333,0.3463888962962964,0.3463888962962964,1.4,0.0
0,10000,200.0,230903.0962962963,75456.96296296296,75456.96296296296,0.34646544444444427,0.34646544444444427,1.4,0.0
0,10000,200.0,230957.52592592593,75482.88148148148,75482.88148148148,0.34646735555555563,0.34646735555555563,1.4,0.0
0,10000,200.0,230923.83703703704,75472.33333333333,75472.33333333333,0.3464641259259259,0.3464641259259259,1.4,0.0
0,10000,200.0,230925.4962962963,75439.33333333333,75439.33333333333,0.346421288888889,0.346421288888889,1.4,0.0
0,10000,200.0,230905.85925925925,75477.85185185185,75477.85185185185,0.3463354888888889,0.3463354888888889,1.4,0.0
0,10000,200.0,230987.32592592592,75484.01481481481,75484.01481481481,0.34643045185185195,0.34643045185185195,1.4,0.0
0,10000,200.0,231002.97777777776,75530.38518518518,75530.38518518518,0.346297888888889,0.346297888888889,1.4,0.0
0,10000,200.0,230931.0888888889,75467.45925925925,75467.45925925925,0.3463953259259259,0.3463953259259259,1.4,0.0
0,10000,200.0,230901.02222222224,75472.05185185185,75472.05185185185,0.3462951111111113,0.3462951111111113,1.4,0.0
0,10000,200.0,230915.82222222222,75476.34814814814,75476.34814814814,0.3464261777777778,0.3464261777777778,1.4,0.0
0,10000,200.0,230927.97777777776,75487.43703703703,75487.43703703703,0.3464214962962963,0.3464214962962963,1.4,0.0
0,10000,200.0,230988.57777777777,75458.07407407407,75458.07407407407,0.3464279703703702,0.3464279703703702,1.4,0.0
0,10000,200.0,231048.04444444444,75532.76296296297,75532.76296296297,0.3462372518518516,0.3462372518518516,1.4,0.0
0,10000,200.0,230980.21481481483,75458.80740740741,75458.80740740741,0.34644976296296276,0.34644976296296276,1.4,0.0
0,10000,200.0,230968.83703703704,75495.84444444445,75495.84444444445,0.34643640000000003,0.34643640000000003,1.4,0.0
0,10000,200.0,230971.56296296295,75458.11111111111,75458.11111111111,0.3464373703703704,0.3464373703703704,1.4,0.0
0,10000,200.0,230925.7037037037,75489.16296296296,75489.16296296296,0.34638178518518514,0.34638178518518514,1.4,0.0
0,10000,200.0,230929.83703703704,75478.87407407408,75478.87407407408,0.3464936296296297,0.3464936296296297,1.4,0.0
0,10000,200.0,246557.9037037037,77540.74814814815,77540.74814814815,0.3708552370370371,0.3708552370370371,1.6,0.0
0,10000,200.0,246549.97037037037,77560.47407407407,77560.47407407407,0.3707896296296295,0.3707896296296295,1.6,0.0
0,10000,200.0,246453.40740740742,77598.14074074074,77598.14074074074,0.3708014370370372,0.3708014370370372,1.6,0.0
0,10000,200.0,246535.12592592594,77559.67407407408,77559.67407407408,0.37084877777777764,0.37084877777777764,1.6,0.0
0,10000,200.0,246500.85925925925,77555.01481481481,77555.01481481481,0.37079116296296283,0.37079116296296283,1.6,0.0
0,10000,200.0,246502.22222222222,77579.21481481481,77579.21481481481,0.37091226666666666,0.37091226666666666,1.6,0.0
0,10000,200.0,246522.1925925926,77531.96296296296,77531.96296296296,0.3708789481481483,0.3708789481481483,1.6,0.0
0,10000,200.0,246475.87407407406,77567.62962962964,77567.62962962964,0.3708279407407406,0.3708279407407406,1.6,0.0
0,10000,200.0,246540.02962962963,77488.13333333333,77488.13333333333,0.37079491111111124,0.37079491111111124,1.6,0.0
0,10000,200.0,246592.45185185186,77613.65185185186,77613.65185185186,0.3708508148148148,0.3708508148148148,1.6,0.0
0,10000,200.0,246520.62962962964,77544.63703703704,77544.63703703704,0.37095668888888905,0.37095668888888905,1.6,0.0
0,10000,200.0,246532.94074074074,77562.28888888888,77562.28888888888,0.37089860740740743,0.37089860740740743,1.6,0.0
0,10000,200.0,246527.7925925926,77557.3037037037,77557.3037037037,0.37097286666666657,0.37097286666666657,1.6,0.0
0,10000,200.0,246533.2962962963,77583.2074074074,77583.2074074074,0.37088596296296306,0.37088596296296306,1.6,0.0
0,10000,200.0,246408.5851851852,77542.71111111112,77542.71111111112,0.37099459259259265,0.37099459259259265,1.6,0.0
0,10000,200.0,246631.93333333332,77541.31851851851,77541.31851851851,0.37090437037037044,0.37090437037037044,1.6,0.0
0,10000,200.0,246567.05185185187,77538.57777777778,77538.57777777778,0.37076418518518517,0.37076418518518517,1.6,0.0
0,10000,200.0,246490.31851851853,77546.28888888888,77546.28888888888,0.3708341777777779,0.3708341777777779,1.6,0.0
0,10000,200.0,246489.7925925926,77528.92592592593,77528.92592592593,0.37093665925925917,0.37093665925925917,1.6,0.0
0,10000,200.0,246555.65185185184,77514.05925925926,77514.05925925926,0.37094531111111084,0.37094531111111084,1.6,0.0
0,10000,200.0,261702.9111111111,79435.93333333333,79435.93333333333,0.3930537703703703,0.3930537703703703,1.8,0.0
0,10000,200.0,261664.87407407406,79422.96296296296,79422.96296296296,0.3930092962962962,0.3930092962962962,1.8,0.0
0,10000,200.0,261658.66666666666,79432.71851851852,79432.71851851852,0.3930765481481483,0.3930765481481483,1.8,0.0
0,10000,200.0,261688.25925925927,79380.39259259259,79380.39259259259,0.39304711111111107,0.39304711111111107,1.8,0.0
0,10000,200.0,261746.05185185187,79409.78518518519,79409.78518518519,0.39299592592592586,0.39299592592592586,1.8,0.0
0,10000,200.0,261686.54814814814,79472.83703703704,79472.83703703704,0.3931043185185187,0.3931043185185187,1.8,0.0
0,10000,200.0,261722.36296296297,79387.91851851852,79387.91851851852,0.3930659407407405,0.3930659407407405,1.8,0.0
0,10000,200.0,261713.46666666667,79447.0962962963,79447.0962962963,0.39304054074074085,0.39304054074074085,1.8,0.0
0,10000,200.0,261732.6962962963,79422.54814814815,79422.54814814815,0.3930756444444445,0.3930756444444445,1.8,0.0
0,10000,200.0,261706.25185185185,79385.03703703704,79385.03703703704,0.39305484444444433,0.39305484444444433,1.8,0.0
0,10000,200.0,261707.05185185187,79411.17037037037,79411.17037037037,0.3931377555555556,0.3931377555555556,1.8,0.0
0,10000,200.0,261761.55555555556,79423.39259259259,79423.39259259259,0.3930503555555555,0.3930503555555555,1.8,0.0
0,10000,200.0,261748.26666666666,79440.19259259259,79440.19259259259,0.39297132592592576,0.39297132592592576,1.8,0.0
0,10000,200.0,261590.74074074073,79405.70370370371,79405.70370370371,0.39305039259259233,0.39305039259259233,1.8,0.0
0,10000,200.0,261666.97037037037,79365.76296296297,79365.76296296297,0.39312916296296296,0.39312916296296296,1.8,0.0
0,10000,200.0,261680.4814814815,79421.35555555555,79421.35555555555,0.3930424074074074,0.3930424074074074,1.8,0.0
0,10000,200.0,261747.06666666668,79517.36296296296,79517.36296296296,0.3928924296296298,0.3928924296296298,1.8,0.0
0,10000,200.0,261668.7037037037,79447.51111111112,79447.51111111112,0.39311959259259266,0.39311959259259266,1.8,0.0
0,10000,200.0,261670.83703703704,79421.4074074074,79421.4074074074,0.39307971111111095,0.39307971111111095,1.8,0.0
0,10000,200.0,261767.14814814815,79448.04444444444,79448.04444444444,0.3929695777777778,0.3929695777777778,1.8,0.0
0,10000,200.0,276514.2,81064.08148148148,81064.08148148148,0.41324668888888894,0.41324668888888894,2.0,0.0
0,10000,200.0,276547.0888888889,81134.22222222222,81134.22222222222,0.41330232592592586,0.41330232592592586,2.0,0.0
0,10000,200.0,276587.7851851852,81112.85925925926,81112.85925925926,0.4132824888888887,0.4132824888888887,2.0,0.0
0,10000,200.0,276462.2814814815,81033.75555555556,81033.75555555556,0.41340962222222233,0.41340962222222233,2.0,0.0
0,10000,200.0,276469.31111111114,81136.87407407408,81136.87407407408,0.4133155703703706,0.4133155703703706,2.0,0.0
0,10000,200.0,276391.02962962963,81083.87407407408,81083.87407407408,0.4133310888888889,0.4133310888888889,2.0,0.0
0,10000,200.0,276506.2148148148,81064.0962962963,81064.0962962963,0.41319757037037047,0.41319757037037047,2.0,0.0
0,10000,200.0,276455.9111111111,81124.0,81124.0,0.41330385185185187,0.41330385185185187,2.0,0.0
0,10000,200.0,276568.8814814815,81146.78518518519,81146.78518518519,0.41333472592592607,0.41333472592592607,2.0,0.0
0,10000,200.0,276492.26666666666,81116.7925925926,81116.7925925926,0.4134542962962962,0.4134542962962962,2.0,0.0
0,10000,200.0,276572.47407407407,81104.29629629629,81104.29629629629,0.4133014814814814,0.4133014814814814,2.0,0.0
0,10000,200.0,276478.64444444445,81105.00740740741,81105.00740740741,0.4133966814814814,0.4133966814814814,2.0,0.0
0,10000,200.0,276513.1925925926,81097.19259259259,81097.19259259259,0.4135233555555555,0.4135233555555555,2.0,0.0
0,10000,200.0,276447.9259259259,81073.34814814814,81073.34814814814,0.4133742,0.4133742,2.0,0.0
0,10000,200.0,276442.8814814815,81098.08888888889,81098.08888888889,0.413334362962963,0.413334362962963,2.0,0.0
0,10000,200.0,276493.1777777778,81056.97777777778,81056.97777777778,0.41341794814814803,0.41341794814814803,2.0,0.0
0,10000,200.0,276508.54814814817,81083.68148148149,81083.68148148149,0.413435725925926,0.413435725925926,2.0,0.0
0,10000,200.0,276577.8888888889,81085.60740740741,81085.60740740741,0.4132383111111113,0.4132383111111113,2.0,0.0
0,10000,200.0,276392.9555555555,81035.77037037037,81035.77037037037,0.41345732592592604,0.41345732592592604,2.0,0.0
0,10000,200.0,276405.4592592593,81037.85185185185,81037.85185185185,0.4133531259259258,0.4133531259259258,2.0,0.0
0,10000,200.0,290872.5851851852,82594.94074074074,82594.94074074074,0.4320125703703703,0.4320125703703703,2.2,0.0
0,10000,200.0,290999.9037037037,82615.54074074075,82615.54074074075,0.4320580592592592,0.4320580592592592,2.2,0.0
0,10000,200.0,291025.2518518519,82704.2,82704.2,0.43206885925925914,0.43206885925925914,2.2,0.0
0,10000,200.0,290849.27407407406,82563.2074074074,82563.2074074074,0.4321832962962962,0.4321832962962962,2.2,0.0
0,10000,200.0,290903.22222222225,82587.97037037037,82587.97037037037,0.43197855555555587,0.43197855555555587,2.2,0.0
0,10000,200.0,290969.0962962963,82623.94074074074,82623.94074074074,0.4320351333333335,0.4320351333333335,2.2,0.0
0,10000,200.0,290943.06666666665,82642.3111111111,82642.3111111111,0.4321125851851851,0.4321125851851851,2.2,0.0
0,10000,200.0,290954.6,82595.26666666666,82595.26666666666,0.43202485925925915,0.43202485925925915,2.2,0.0
0,10000,200.0,290934.35555555555,82573.28148148148,82573.28148148148,0.43205419259259265,0.43205419259259265,2.2,0.0
0,10000,200.0,291054.2814814815,82690.22962962963,82690.22962962963,0.432082711111111,0.432082711111111,2.2,0.0
0,10000,200.0,291002.1703703704,82647.57777777778,82647.57777777778,0.43206872592592593,0.43206872592592593,2.2,0.0
0,10000,200.0,291055.0,82540.70370370371,82540.70370370371,0.43203787407407396,0.43203787407407396,2.2,0.0
0,10000,200.0,290938.63703703706,82653.38518518518,82653.38518518518,0.4321007555555554,0.4321007555555554,2.2,0.0
0,10000,200.0,290932.65185185184,82645.17037037037,82645.17037037037,0.43217264444444436,0.43217264444444436,2.2,0.0
0,10000,200.0,291046.9037037037,82622.61481481482,82622.61481481482,0.4319858592592592,0.4319858592592592,2.2,0.0
0,10000,200.0,291050.47407407407,82660.53333333334,82660.53333333334,0.431940911111111,0.431940911111111,2.2,0.0
0,10000,200.0,290989.962962963,82662.85185185185,82662.85185185185,0.43203769629629657,0.43203769629629657,2.2,0.0
0,10000,200.0,290984.0814814815,82597.07407407407,82597.07407407407,0.4319848814814814,0.4319848814814814,2.2,0.0
0,10000,200.0,291041.34074074076,82623.98518518519,82623.98518518519,0.43210117777777796,0.43210117777777796,2.2,0.0
0,10000,200.0,290895.0814814815,82626.29629629629,82626.29629629629,0.4321303629629627,0.4321303629629627,2.2,0.0
0,10000,200.0,305146.6740740741,83928.45925925925,83928.45925925925,0.44944988148148135,0.44944988148148135,2.4,0.0
0,10000,200.0,305096.3259259259,83966.93333333333,83966.93333333333,0.4494984148148148,0.4494984148148148,2.4,0.0
0,10000,200.0,305133.2444444444,83930.37777777777,83930.37777777777,0.4494774296296297,0.4494774296296297,2.4,0.0
0,10000,200.0,305035.23703703703,83972.26666666666,83972.26666666666,0.44957651851851865,0.44957651851851865,2.4,0.0
0,10000,200.0,305149.9111111111,84005.55555555556,84005.55555555556,0.44936048148148156,0.44936048148148156,2.4,0.0
0,10000,200.0,305051.93333333335,83956.25185185185,83956.25185185185,0.4495203259259259,0.4495203259259259,2.4,0.0
0,10000,200.0,305227.10370370373,83975.80740740741,83975.80740740741,0.4494440518518519,0.4494440518518519,2.4,0.0
0,10000,200.0,305070.22962962964,83964.47407407407,83964.47407407407,0.4494712296296296,0.4494712296296296,2.4,0.0
0,10000,200.0,305041.4148148148,84003.91851851852,84003.91851851852,0.4496128962962966,0.4496128962962966,2.4,0.0
0,10000,200.0,305090.0,84007.70370370371,84007.70370370371,0.44950977777777773,0.44950977777777773,2.4,0.0
0,10000,200.0,305088.837037037,84059.85925925926,84059.85925925926,0.4494216074074074,0.4494216074074074,2.4,0.0
0,10000,200.0,305114.13333333336,84039.3111111111,84039.3111111111,0.4494797703703704,0.4494797703703704,2.4,0.0
0,10000,200.0,305045.10370370373,83934.28888888888,83934.28888888888,0.44951068148148143,0.44951068148148143,2.4,0.0
0,10000,200.0,305154.85925925925,84020.21481481481,84020.21481481481,0.44951517777777783,0.44951517777777783,2.4,0.0
0,10000,200.0,305123.98518518516,83984.96296296296,83984.96296296296,0.4494257407407406,0.4494257407407406,2.4,0.0
0,10000,200.0,305211.10370370373,84007.15555555555,84007.15555555555,0.4493614444444444,0.4493614444444444,2.4,0.0
0,10000,200.0,305068.5407407407,83985.43703703703,83985.43703703703,0.449528659259259,0.449528659259259,2.4,0.0
0,10000,200.0,305104.7111111111,83973.4074074074,83973.4074074074,0.44950770370370363,0.44950770370370363,2.4,0.0
0,10000,200.0,305072.05185185187,84032.22962962963,84032.22962962963,0.4495037999999999,0.4495037999999999,2.4,0.0
0,10000,200.0,305184.6814814815,83982.29629629629,83982.29629629629,0.4494373185185185,0.4494373185185185,2.4,0.0
0,10000,200.0,318965.56296296295,85198.72592592593,85198.72592592593,0.46573745925925936,0.46573745925925936,2.6,0.0
0,10000,200.0,319013.18518518517,85196.11851851852,85196.11851851852,0.46573136296296286,0.46573136296296286,2.6,0.0
0,10000,200.0,318942.10370370373,85183.85925925926,85183.85925925926,0.46578528888888904,0.46578528888888904,2.6,0.0
0,10000,200.0,318856.47407407407,85151.85925925926,85151.85925925926,0.46596268888888914,0.46596268888888914,2.6,0.0
0,10000,200.0,319018.10370370373,85302.00740740741,85302.00740740741,0.4658444666666667,0.4658444666666667,2.6,0.0
0,10000,200.0,318953.4222222222,85271.81481481482,85271.81481481482,0.46572502222222234,0.46572502222222234,2.6,0.0
0,10000,200.0,318988.1703703704,85226.42222222222,85226.42222222222,0.4657397037037037,0.4657397037037037,2.6,0.0
0,10000,200.0,319018.73333333334,85205.7925925926,85205.7925925926,0.465640125925926,0.465640125925926,2.6,0.0
0,10000,200.0,318976.6740740741,85160.74814814815,85160.74814814815,0.46572799999999975,0.46572799999999975,2.6,0.0
0,10000,200.0,318977.44444444444,85141.67407407408,85141.67407407408,0.4657707777777779,0.4657707777777779,2.6,0.0
0,10000,200.0,319004.18518518517,85236.54814814815,85236.54814814815,0.4656543185185186,0.4656543185185186,2.6,0.0
0,10000,200.0,319075.22962962964,85199.02222222222,85199.02222222222,0.4655899333333332,0.4655899333333332,2.6,0.0
0,10000,200.0,318989.9925925926,85254.07407407407,85254.07407407407,0.46572273333333314,0.46572273333333314,2.6,0.0
0,10000,200.0,318954.14074074075,85151.6888888889,85151.6888888889,0.46571864444444416,0.46571864444444416,2.6,0.0
0,10000,200.0,319041.6814814815,85223.33333333333,85223.33333333333,0.46566683703703715,0.46566683703703715,2.6,0.0
0,10000,200.0,319059.02222222224,85181.23703703703,85181.23703703703,0.46559891111111085,0.46559891111111085,2.6,0.0
0,10000,200.0,319022.47407407407,85177.08888888889,85177.08888888889,0.46574213333333336,0.46574213333333336,2.6,0.0
0,10000,200.0,318989.8,85237.50370370371,85237.50370370371,0.4658429555555554,0.4658429555555554,2.6,0.0
0,10000,200.0,318925.97777777776,85198.67407407408,85198.67407407408,0.4658627629629629,0.4658627629629629,2.6,0.0
0,10000,200.0,319054.22222222225,85264.71111111112,85264.71111111112,0.4657299925925927,0.4657299925925927,2.6,0.0
0,10000,200.0,332442.05925925926,86264.36296296296,86264.36296296296,0.48119119999999993,0.48119119999999993,2.8,0.0
0,10000,200.0,332525.1925925926,86313.3111111111,86313.3111111111,0.48111404444444456,0.48111404444444456,2.8,0.0
0,10000,200.0,332605.97777777776,86280.54074074075,86280.54074074075,0.4810194074074074,0.4810194074074074,2.8,0.0
0,10000,200.0,332647.55555555556,86313.38518518518,86313.38518518518,0.48108328888888896,0.48108328888888896,2.8,0.0
0,10000,200.0,332540.6740740741,86296.73333333334,86296.73333333334,0.48116909629629623,0.48116909629629623,2.8,0.0
0,10000,200.0,332583.7037037037,86313.12592592592,86313.12592592592,0.48112102962962955,0.48112102962962955,2.8,0.0
0,10000,200.0,332654.98518518516,86386.99259259259,86386.99259259259,0.48103572592592575,0.48103572592592575,2.8,0.0
0,10000,200.0,332559.81481481483,86296.00740740741,86296.00740740741,0.48114594074074085,0.48114594074074085,2.8,0.0
0,10000,200.0,332596.037037037,86362.34074074074,86362.34074074074,0.4810264888888889,0.4810264888888889,2.8,0.0
0,10000,200.0,332606.22222222225,86281.22222222222,86281.22222222222,0.4810920296296295,0.4810920296296295,2.8,0.0
0,10000,200.0,332658.18518518517,86309.94814814815,86309.94814814815,0.480985348148148,0.480985348148148,2.8,0.0
0,10000,200.0,332571.1703703704,86262.66666666667,86262.66666666667,0.48111918518518515,0.48111918518518515,2.8,0.0
0,10000,200.0,332527.6148148148,86352.8,86352.8,0.48114653333333307,0.48114653333333307,2.8,0.0
0,10000,200.0,332562.1259259259,86286.55555555556,86286.55555555556,0.48109178518518514,0.48109178518518514,2.8,0.0
0,10000,200.0,332546.5925925926,86300.51111111112,86300.51111111112,0.48110838518518495,0.48110838518518495,2.8,0.0
0,10000,200.0,332598.85925925925,86250.44444444444,86250.44444444444,0.48114240740740727,0.48114240740740727,2.8,0.0
0,10000,200.0,332500.55555555556,86274.62962962964,86274.62962962964,0.4811067111111112,0.4811067111111112,2.8,0.0
0,10000,200.0,332539.0814814815,86232.1037037037,86232.1037037037,0.4811679925925927,0.4811679925925927,2.8,0.0
0,10000,200.0,332574.6666666667,86336.55555555556,86336.55555555556,0.4811813703703704,0.4811813703703704,2.8,0.0
0,10000,200.0,332514.64444444445,86225.17777777778,86225.17777777778,0.48118223703703683,0.48118223703703683,2.8,0.0
0,10000,200.0,345886.93333333335,87227.91111111111,87227.91111111111,0.49551319999999993,0.49551319999999993,3.0,0.0
0,10000,200.0,345784.2444444444,87155.24444444444,87155.24444444444,0.49571848148148145,0.49571848148148145,3.0,0.0
0,10000,200.0,345910.3037037037,87256.43703703703,87256.43703703703,0.49567065925925935,0.49567065925925935,3.0,0.0
0,10000,200.0,345815.13333333336,87232.48148148147,87232.48148148147,0.49563811111111095,0.49563811111111095,3.0,0.0
0,10000,200.0,345915.34814814816,87261.71111111112,87261.71111111112,0.49558820000000026,0.49558820000000026,3.0,0.0
0,10000,200.0,345886.4148148148,87268.67407407408,87268.67407407408,0.49561887407407407,0.49561887407407407,3.0,0.0
0,10000,200.0,345828.1925925926,87203.0962962963,87203.0962962963,0.4956917555555555,0.4956917555555555,3.0,0.0
0,10000,200.0,345914.4074074074,87204.01481481481,87204.01481481481,0.4956763925925926,0.4956763925925926,3.0,0.0
0,10000,200.0,345858.0888888889,87246.05185185185,87246.05185185185,0.49556331111111107,0.49556331111111107,3.0,0.0
0,10000,200.0,346009.8740740741,87220.81481481482,87220.81481481482,0.4955815185185186,0.4955815185185186,3.0,0.0
0,10000,200.0,345759.85925925925,87170.35555555555,87170.35555555555,0.4958058592592596,0.4958058592592596,3.0,0.0
0,10000,200.0,345948.3333333333,87207.08148148148,87207.08148148148,0.495539162962963,0.495539162962963,3.0,0.0
0,10000,200.0,345886.23703703703,87242.27407407407,87242.27407407407,0.4957129407407407,0.4957129407407407,3.0,0.0
0,10000,200.0,345857.2888888889,87221.02962962963,87221.02962962963,0.49558540000000006,0.49558540000000006,3.0,0.0
0,10000,200.0,345781.162962963,87175.24444444444,87175.24444444444,0.49569824444444455,0.49569824444444455,3.0,0.0
0,10000,200.0,345989.98518518516,87320.87407407408,87320.87407407408,0.495527614814815,0.495527614814815,3.0,0.0
0,10000,200.0,345825.4074074074,87118.57777777778,87118.57777777778,0.49568571851851845,0.49568571851851845,3.0,0.0
0,10000,200.0,345906.4888888889,87201.94814814815,87201.94814814815,0.49562101481481496,0.49562101481481496,3.0,0.0
0,10000,200.0,345836.57037037035,87179.72592592593,87179.72592592593,0.4956979185185184,0.4956979185185184,3.0,0.0
0,10000,200.0,345860.31111111114,87231.26666666666,87231.26666666666,0.4958013777777777,0.4958013777777777,3.0,0.0
0,10000,200.0,358896.93333333335,87966.00740740741,87966.00740740741,0.5095601407407405,0.5095601407407405,3.2,0.0
0,10000,200.0,358952.36296296294,88116.80740740741,88116.80740740741,0.5094654148148147,0.5094654148148147,3.2,0.0
0,10000,200.0,358869.48148148146,87984.08888888889,87984.08888888889,0.509544525925926,0.509544525925926,3.2,0.0
0,10000,200.0,358995.94814814813,88021.97037037037,88021.97037037037,0.5093153111111111,0.5093153111111111,3.2,0.0
0,10000,200.0,359001.962962963,88066.91111111111,88066.91111111111,0.5094541407407408,0.5094541407407408,3.2,0.0
0,10000,200.0,358881.9037037037,87976.9037037037,87976.9037037037,0.5095509777777777,0.5095509777777777,3.2,0.0
0,10000,200.0,358926.51851851854,88041.85925925926,88041.85925925926,0.5096088592592593,0.5096088592592593,3.2,0.0
0,10000,200.0,358904.6666666667,88005.34814814814,88005.34814814814,0.5094786962962963,0.5094786962962963,3.2,0.0
0,10000,200.0,358843.01481481484,88028.58518518519,88028.58518518519,0.5095481925925925,0.5095481925925925,3.2,0.0
0,10000,200.0,358881.7481481481,87995.97037037037,87995.97037037037,0.5095877037037039,0.5095877037037039,3.2,0.0
0,10000,200.0,358880.57037037035,87976.19259259259,87976.19259259259,0.509467837037037,0.509467837037037,3.2,0.0
0,10000,200.0,358899.6666666667,88058.65925925926,88058.65925925926,0.509427451851852,0.509427451851852,3.2,0.0
0,10000,200.0,358943.77037037036,88086.94074074074,88086.94074074074,0.5093590592592594,0.5093590592592594,3.2,0.0
0,10000,200.0,358890.84444444446,87992.97037037037,87992.97037037037,0.5094746888888886,0.5094746888888886,3.2,0.0
0,10000,200.0,358908.47407407407,88096.93333333333,88096.93333333333,0.509444148148148,0.509444148148148,3.2,0.0
0,10000,200.0,358901.02962962963,88032.54814814815,88032.54814814815,0.5094453259259261,0.5094453259259261,3.2,0.0
0,10000,200.0,358901.35555555555,87986.4074074074,87986.4074074074,0.5095097629629629,0.5095097629629629,3.2,0.0
0,10000,200.0,358894.26666666666,88047.57037037038,88047.57037037038,0.5094264666666668,0.5094264666666668,3.2,0.0
0,10000,200.0,358902.05925925926,88003.6,88003.6,0.5095568444444445,0.5095568444444445,3.2,0.0
0,10000,200.0,359017.5111111111,88083.92592592593,88083.92592592593,0.5093034962962963,0.5093034962962963,3.2,0.0
0,10000,200.0,371691.18518518517,88647.58518518519,88647.58518518519,0.5228224296296294,0.5228224296296294,3.4,0.0
0,10000,200.0,371745.73333333334,88740.27407407407,88740.27407407407,0.5225914592592592,0.5225914592592592,3.4,0.0
0,10000,200.0,371632.97037037037,88662.57777777778,88662.57777777778,0.5227194518518519,0.5227194518518519,3.4,0.0
0,10000,200.0,371714.6222222222,88683.53333333334,88683.53333333334,0.5226933481481482,0.5226933481481482,3.4,0.0
0,10000,200.0,371600.13333333336,88695.54074074075,88695.54074074075,0.5228854518518519,0.5228854518518519,3.4,0.0
0,10000,200.0,371713.8814814815,88705.05925925926,88705.05925925926,0.522714311111111,0.522714311111111,3.4,0.0
0,10000,200.0,371693.4888888889,88721.35555555555,88721.35555555555,0.5226216888888889,0.5226216888888889,3.4,0.0
0,10000,200.0,371660.48148148146,88669.03703703704,88669.03703703704,0.5227552592592591,0.5227552592592591,3.4,0.0
0,10000,200.0,371756.36296296294,88712.77777777778,88712.77777777778,0.5226974074074077,0.5226974074074077,3.4,0.0
0,10000,200.0,371710.57037037035,88736.17777777778,88736.17777777778,0.5226853037037036,0.5226853037037036,3.4,0.0
0,10000,200.0,371716.5333333333,88704.81481481482,88704.81481481482,0.5226544666666666,0.5226544666666666,3.4,0.0
0,10000,200.0,371758.42962962965,88725.16296296296,88725.16296296296,0.5225282222222222,0.5225282222222222,3.4,0.0
0,10000,200.0,371747.34814814816,88689.68148148149,88689.68148148149,0.5226883407407407,0.5226883407407407,3.4,0.0
0,10000,200.0,371609.85925925925,88724.08148148148,88724.08148148148,0.5227521407407406,0.5227521407407406,3.4,0.0
0,10000,200.0,371616.02222222224,88675.36296296296,88675.36296296296,0.5228109481481482,0.5228109481481482,3.4,0.0
0,10000,200.0,371763.6740740741,88756.26666666666,88756.26666666666,0.5225211259259257,0.5225211259259257,3.4,0.0
0,10000,200.0,371799.4074074074,88804.03703703704,88804.03703703704,0.5226390148148149,0.5226390148148149,3.4,0.0
0,10000,200.0,371700.94814814813,88658.38518518518,88658.38518518518,0.5226753481481481,0.5226753481481481,3.4,0.0
0,10000,200.0,371659.43703703705,88759.04444444444,88759.04444444444,0.5226698148148148,0.5226698148148148,3.4,0.0
0,10000,200.0,371784.3777777778,88702.35555555555,88702.35555555555,0.5227115259259261,0.5227115259259261,3.4,0.0
0,10000,200.0,384264.8222222222,89257.25185185185,89257.25185185185,0.5352768148148148,0.5352768148148148,3.6,0.0
0,10000,200.0,384156.98518518516,89186.34814814814,89186.34814814814,0.5354244888888888,0.5354244888888888,3.6,0.0
0,10000,200.0,384203.5037037037,89365.14814814815,89365.14814814815,0.5353200888888886,0.5353200888888886,3.6,0.0
0,10000,200.0,384190.3185185185,89301.87407407408,89301.87407407408,0.5353611851851848,0.5353611851851848,3.6,0.0
0,10000,200.0,384259.5111111111,89288.02962962963,89288.02962962963,0.5353045999999999,0.5353045999999999,3.6,0.0
0,10000,200.0,384269.4592592593,89320.22222222222,89320.22222222222,0.5354038962962964,0.5354038962962964,3.6,0.0
0,10000,200.0,384224.02962962963,89233.74074074074,89233.74074074074,0.5354873407407406,0.5354873407407406,3.6,0.0
0,10000,200.0,384146.48148148146,89202.05185185185,89202.05185185185,0.5354921259259259,0.5354921259259259,3.6,0.0
0,10000,200.0,384201.01481481484,89264.18518518518,89264.18518518518,0.5354407703703703,0.5354407703703703,3.6,0.0
0,10000,200.0,384210.5037037037,89282.74814814815,89282.74814814815,0.5353390074074075,0.5353390074074075,3.6,0.0
0,10000,200.0,384312.15555555554,89286.75555555556,89286.75555555556,0.5353842148148148,0.5353842148148148,3.6,0.0
0,10000,200.0,384257.85925925925,89234.06666666667,89234.06666666667,0.5353720888888887,0.5353720888888887,3.6,0.0
0,10000,200.0,384301.25925925927,89245.91851851852,89245.91851851852,0.535406762962963,0.535406762962963,3.6,0.0
0,10000,200.0,384323.68888888886,89294.8,89294.8,0.5352703851851852,0.5352703851851852,3.6,0.0
0,10000,200.0,384237.2,89268.15555555555,89268.15555555555,0.5353926296296295,0.5353926296296295,3.6,0.0
0,10000,200.0,384295.6814814815,89296.22962962963,89296.22962962963,0.5354191629629629,0.5354191629629629,3.6,0.0
0,10000,200.0,384182.4,89251.02222222222,89251.02222222222,0.5354548074074071,0.5354548074074071,3.6,0.0
0,10000,200.0,384194.162962963,89256.27407407407,89256.27407407407,0.5354405111111112,0.5354405111111112,3.6,0.0
0,10000,200.0,384127.2074074074,89263.34074074074,89263.34074074074,0.5354909555555557,0.5354909555555557,3.6,0.0
0,10000,200.0,384260.86666666664,89338.99259259259,89338.99259259259,0.535336911111111,0.535336911111111,3.6,0.0
0,10000,200.0,396488.86666666664,89677.70370370371,89677.70370370371,0.5476504592592596,0.5476504592592596,3.8,0.0
0,10000,200.0,396495.97037037037,89614.71851851852,89614.71851851852,0.5476940444444444,0.5476940444444444,3.8,0.0
0,10000,200.0,396503.5851851852,89753.34814814814,89753.34814814814,0.5476694592592589,0.5476694592592589,3.8,0.0
0,10000,200.0,396449.77777777775,89661.22222222222,89661.22222222222,0.5477270592592591,0.5477270592592591,3.8,0.0
0,10000,200.0,396563.56296296295,89719.91851851852,89719.91851851852,0.5475386962962965,0.5475386962962965,3.8,0.0
0,10000,200.0,396458.97777777776,89690.03703703704,89690.03703703704,0.547748237037037,0.547748237037037,3.8,0.0
0,10000,200.0,396472.22962962964,89701.22962962963,89701.22962962963,0.5476287185185187,0.5476287185185187,3.8,0.0
0,10000,200.0,396500.5925925926,89623.63703703704,89623.63703703704,0.5477113407407408,0.5477113407407408,3.8,0.0
0,10000,200.0,396429.8814814815,89653.71851851852,89653.71851851852,0.5475888962962965,0.5475888962962965,3.8,0.0
0,10000,200.0,396422.5777777778,89649.55555555556,89649.55555555556,0.5477627555555556,0.5477627555555556,3.8,0.0
0,10000,200.0,396399.05185185187,89664.25925925926,89664.25925925926,0.5478997703703704,0.5478997703703704,3.8,0.0
0,10000,200.0,396451.6,89640.34814814814,89640.34814814814,0.5477942592592595,0.5477942592592595,3.8,0.0
0,10000,200.0,396458.7555555556,89613.11851851852,89613.11851851852,0.5476721185185187,0.5476721185185187,3.8,0.0
0,10000,200.0,396446.0888888889,89626.36296296296,89626.36296296296,0.5477736370370369,0.5477736370370369,3.8,0.0
0,10000,200.0,396376.2074074074,89602.49629629629,89602.49629629629,0.5477621037037035,0.5477621037037035,3.8,0.0
0,10000,200.0,396424.05925925926,89594.95555555556,89594.95555555556,0.5476499333333332,0.5476499333333332,3.8,0.0
0,10000,200.0,396490.4962962963,89693.50370370371,89693.50370370371,0.5477101777777776,0.5477101777777776,3.8,0.0
0,10000,200.0,396478.6148148148,89687.97037037037,89687.97037037037,0.547700488888889,0.547700488888889,3.8,0.0
0,10000,200.0,396557.7037037037,89683.42222222222,89683.42222222222,0.5476146148148147,0.5476146148148147,3.8,0.0
0,10000,200.0,396526.34814814816,89746.77037037037,89746.77037037037,0.547737674074074,0.547737674074074,3.8,0.0
0,10000,200.0,408464.0962962963,89973.55555555556,89973.55555555556,0.5595970074074074,0.5595970074074074,4.0,0.0
0,10000,200.0,408372.6962962963,89908.5925925926,89908.5925925926,0.559600785185185,0.559600785185185,4.0,0.0
0,10000,200.0,408368.6074074074,89906.88888888889,89906.88888888889,0.559786125925926,0.559786125925926,4.0,0.0
0,10000,200.0,408500.97777777776,89891.65925925926,89891.65925925926,0.5596899851851851,0.5596899851851851,4.0,0.0
0,10000,200.0,408383.01481481484,89947.82222222222,89947.82222222222,0.5596078296296295,0.5596078296296295,4.0,0.0
0,10000,200.0,408404.3703703704,89906.80740740741,89906.80740740741,0.5596362148148151,0.5596362148148151,4.0,0.0
0,10000,200.0,408419.4888888889,90031.22962962963,90031.22962962963,0.5596624,0.5596624,4.0,0.0
0,10000,200.0,408425.25925925927,89922.41481481481,89922.41481481481,0.5596912,0.5596912,4.0,0.0
0,10000,200.0,408307.5037037037,89997.39259259259,89997.39259259259,0.5596931999999998,0.5596931999999998,4.0,0.0
0,10000,200.0,408440.65925925924,89947.81481481482,89947.81481481482,0.5596264444444442,0.5596264444444442,4.0,0.0
0,10000,200.0,408330.4888888889,89838.34074074074,89838.34074074074,0.5598416444444446,0.5598416444444446,4.0,0.0
0,10000,200.0,408314.0,89883.03703703704,89883.03703703704,0.5597758592592594,0.5597758592592594,4.0,0.0
0,10000,200.0,408376.9185185185,89958.14814814815,89958.14814814815,0.5595840444444443,0.5595840444444443,4.0,0.0
0,10000,200.0,408466.51851851854,89921.3111111111,89921.3111111111,0.5597006814814817,0.5597006814814817,4.0,0.0
0,10000,200.0,408382.02962962963,89843.7925925926,89843.7925925926,0.5596636444444445,0.5596636444444445,4.0,0.0
0,10000,200.0,408326.34074074076,89931.37037037036,89931.37037037036,0.5597277111111111,0.5597277111111111,4.0,0.0
0,10000,200.0,408419.36296296294,89867.53333333334,89867.53333333334,0.5596240148148148,0.5596240148148148,4.0,0.0
0,10000,200.0,408373.7111111111,89877.61481481482,89877.61481481482,0.5596215851851852,0.5596215851851852,4.0,0.0
0,10000,200.0,408454.7555555556,89941.27407407407,89941.27407407407,0.5595715407407406,0.5595715407407406,4.0,0.0
0,10000,200.0,408380.34074074076,89957.17777777778,89957.17777777778,0.5597110888888887,0.5597110888888887,4.0,0.0
0,10000,200.0,420006.34814814816,89980.35555555555,89980.35555555555,0.571456918518519,0.571456918518519,4.2,0.0
0,10000,200.0,420064.97037037037,90043.63703703704,90043.63703703704,0.5713444666666664,0.5713444666666664,4.2,0.0
0,10000,200.0,419930.85925925925,89998.17037037037,89998.17037037037,0.5713964370370367,0.5713964370370367,4.2,0.0
0,10000,200.0,420050.1111111111,90010.05185185185,90010.05185185185,0.5712376962962962,0.5712376962962962,4.2,0.0
0,10000,200.0,419972.037037037,89967.42222222222,89967.42222222222,0.571554688888889,0.571554688888889,4.2,0.0
0,10000,200.0,419982.162962963,89915.94074074074,89915.94074074074,0.5713696222222222,0.5713696222222222,4.2,0.0
0,10000,200.0,419930.63703703706,89991.26666666666,89991.26666666666,0.5714622962962963,0.5714622962962963,4.2,0.0
0,10000,200.0,419999.84444444446,89998.32592592592,89998.32592592592,0.5714269481481478,0.5714269481481478,4.2,0.0
0,10000,200.0,420077.05185185187,90015.63703703704,90015.63703703704,0.5714465925925926,0.5714465925925926,4.2,0.0
0,10000,200.0,420054.1777777778,90012.96296296296,90012.96296296296,0.5713625555555554,0.5713625555555554,4.2,0.0
0,10000,200.0,419817.6666666667,89853.63703703704,89853.63703703704,0.5716494518518518,0.5716494518518518,4.2,0.0
0,10000,200.0,420046.6148148148,90054.78518518519,90054.78518518519,0.5714638740740741,0.5714638740740741,4.2,0.0
0,10000,200.0,420136.9555555555,90055.16296296296,90055.16296296296,0.5712895777777779,0.5712895777777779,4.2,0.0
0,10000,200.0,419960.8740740741,89942.84444444445,89942.84444444445,0.5714764518518519,0.5714764518518519,4.2,0.0
0,10000,200.0,419868.2074074074,89905.08148148148,89905.08148148148,0.5715939777777775,0.5715939777777775,4.2,0.0
0,10000,200.0,419909.0888888889,89929.42222222222,89929.42222222222,0.5715495481481483,0.5715495481481483,4.2,0.0
0,10000,200.0,420025.5111111111,90001.11111111111,90001.11111111111,0.5714575111111111,0.5714575111111111,4.2,0.0
0,10000,200.0,419880.43703703705,89835.87407407408,89835.87407407408,0.5715968444444443,0.5715968444444443,4.2,0.0
0,10000,200.0,419829.9185185185,89968.85185185185,89968.85185185185,0.5715668962962961,0.5715668962962961,4.2,0.0
0,10000,200.0,419961.54814814817,89958.68148148149,89958.68148148149,0.5714737037037039,0.5714737037037039,4.2,0.0
0,10000,200.0,431141.98518518516,89869.17777777778,89869.17777777778,0.5830651185185183,0.5830651185185183,4.4,0.0
0,10000,200.0,431308.18518518517,89891.98518518519,89891.98518518519,0.5830105185185187,0.5830105185185187,4.4,0.0
0,10000,200.0,431208.85925925925,89914.6962962963,89914.6962962963,0.5830868148148147,0.5830868148148147,4.4,0.0
0,10000,200.0,431068.3259259259,89877.60740740741,89877.60740740741,0.5831269333333334,0.5831269333333334,4.4,0.0
0,10000,200.0,431297.3185185185,89984.0,89984.0,0.5830201555555556,0.5830201555555556,4.4,0.0
0,10000,200.0,431234.65925925924,89820.6962962963,89820.6962962963,0.5831409185185186,0.5831409185185186,4.4,0.0
0,10000,200.0,431225.2518518519,89907.97037037037,89907.97037037037,0.5830006592592593,0.5830006592592593,4.4,0.0
0,10000,200.0,431224.962962963,89918.3111111111,89918.3111111111,0.583158051851852,0.583158051851852,4.4,0.0
0,10000,200.0,431146.6,89878.04444444444,89878.04444444444,0.5831385703703704,0.5831385703703704,4.4,0.0
0,10000,200.0,431304.27407407406,89808.72592592593,89808.72592592593,0.5831359851851853,0.5831359851851853,4.4,0.0
0,10000,200.0,431432.2518518519,90006.37037037036,90006.37037037036,0.5828480814814816,0.5828480814814816,4.4,0.0
0,10000,200.0,431277.13333333336,89926.94814814815,89926.94814814815,0.5829948518518518,0.5829948518518518,4.4,0.0
0,10000,200.0,431176.1777777778,89878.0,89878.0,0.5831475777777777,0.5831475777777777,4.4,0.0
0,10000,200.0,431133.0,89787.88888888889,89787.88888888889,0.5832864814814811,0.5832864814814811,4.4,0.0
0,10000,200.0,431177.84444444446,89922.82222222222,89922.82222222222,0.5830261111111111,0.5830261111111111,4.4,0.0
0,10000,200.0,431241.15555555554,89938.88148148148,89938.88148148148,0.5831152814814817,0.5831152814814817,4.4,0.0
0,10000,200.0,431345.26666666666,89917.00740740741,89917.00740740741,0.5829591703703705,0.5829591703703705,4.4,0.0
0,10000,200.0,431288.6296296296,89945.96296296296,89945.96296296296,0.583020066666667,0.583020066666667,4.4,0.0
0,10000,200.0,431219.837037037,89907.48888888888,89907.48888888888,0.5831494000000003,0.5831494000000003,4.4,0.0
0,10000,200.0,431320.18518518517,89905.44444444444,89905.44444444444,0.5828405185185186,0.5828405185185186,4.4,0.0
0,10000,200.0,442200.7851851852,89636.19259259259,89636.19259259259,0.5944772518518519,0.5944772518518519,4.6,0.0
0,10000,200.0,442056.64444444445,89558.29629629629,89558.29629629629,0.594620177777778,0.594620177777778,4.6,0.0
0,10000,200.0,442075.2,89563.8962962963,89563.8962962963,0.594596177777778,0.594596177777778,4.6,0.0
0,10000,200.0,441953.15555555554,89554.65185185186,89554.65185185186,0.5947602,0.5947602,4.6,0.0
0,10000,200.0,442068.7925925926,89640.00740740741,89640.00740740741,0.5945738222222225,0.5945738222222225,4.6,0.0
0,10000,200.0,442143.0740740741,89595.24444444444,89595.24444444444,0.5945915037037038,0.5945915037037038,4.6,0.0
0,10000,200.0,442115.97777777776,89574.71851851852,89574.71851851852,0.5945834000000002,0.5945834000000002,4.6,0.0
0,10000,200.0,441932.0962962963,89470.43703703703,89470.43703703703,0.5949168592592593,0.5949168592592593,4.6,0.0
0,10000,200.0,442039.77777777775,89687.17777777778,89687.17777777778,0.5945511111111109,0.5945511111111109,4.6,0.0
0,10000,200.0,442018.8222222222,89552.42222222222,89552.42222222222,0.5946536666666667,0.5946536666666667,4.6,0.0
0,10000,200.0,441841.6666666667,89527.81481481482,89527.81481481482,0.5947840518518518,0.5947840518518518,4.6,0.0
0,10000,200.0,442076.0074074074,89604.26666666666,89604.26666666666,0.5947063185185183,0.5947063185185183,4.6,0.0
0,10000,200.0,442171.2962962963,89660.4074074074,89660.4074074074,0.5945123333333339,0.5945123333333339,4.6,0.0
0,10000,200.0,442177.0074074074,89577.23703703703,89577.23703703703,0.5945015111111112,0.5945015111111112,4.6,0.0
0,10000,200.0,441965.3703703704,89573.08888888889,89573.08888888889,0.5946847851851852,0.5946847851851852,4.6,0.0
0,10000,200.0,441990.8814814815,89542.1037037037,89542.1037037037,0.5947413185185184,0.5947413185185184,4.6,0.0
0,10000,200.0,441997.3037037037,89583.07407407407,89583.07407407407,0.5947216740740742,0.5947216740740742,4.6,0.0
0,10000,200.0,442077.5407407407,89644.6,89644.6,0.5946211851851855,0.5946211851851855,4.6,0.0
0,10000,200.0,442201.26666666666,89663.55555555556,89663.55555555556,0.5944391555555555,0.5944391555555555,4.6,0.0
0,10000,200.0,441970.34074074076,89569.71851851852,89569.71851851852,0.5945946888888888,0.5945946888888888,4.6,0.0
0,10000,200.0,452321.5851851852,89134.21481481481,89134.21481481481,0.606293822222222,0.606293822222222,4.8,0.0
0,10000,200.0,452520.97777777776,89202.23703703703,89202.23703703703,0.6059094518518519,0.6059094518518519,4.8,0.0
0,10000,200.0,452170.86666666664,89023.56296296297,89023.56296296297,0.6065207629629631,0.6065207629629631,4.8,0.0
0,10000,200.0,452268.6148148148,88921.74814814815,88921.74814814815,0.6065046962962961,0.6065046962962961,4.8,0.0
0,10000,200.0,452352.3185185185,88986.91111111111,88986.91111111111,0.606467362962963,0.606467362962963,4.8,0.0
0,10000,200.0,452536.98518518516,89138.97777777778,89138.97777777778,0.6061929111111113,0.6061929111111113,4.8,0.0
0,10000,200.0,452458.0444444445,89072.65925925926,89072.65925925926,0.6061362074074074,0.6061362074074074,4.8,0.0
0,10000,200.0,452524.05185185187,89059.72592592593,89059.72592592593,0.6061794296296295,0.6061794296296295,4.8,0.0
0,10000,200.0,452426.9925925926,89049.35555555555,89049.35555555555,0.6062535259259261,0.6062535259259261,4.8,0.0
0,10000,200.0,452301.6074074074,89012.42962962962,89012.42962962962,0.6064737851851856,0.6064737851851856,4.8,0.0
0,10000,200.0,452411.10370370373,89108.97777777778,89108.97777777778,0.6062590888888888,0.6062590888888888,4.8,0.0
0,10000,200.0,452311.3851851852,89031.55555555556,89031.55555555556,0.606378933333333,0.606378933333333,4.8,0.0
0,10000,200.0,452099.31111111114,88869.72592592593,88869.72592592593,0.6066435481481482,0.6066435481481482,4.8,0.0
0,10000,200.0,452517.18518518517,89194.42962962962,89194.42962962962,0.6062132740740742,0.6062132740740742,4.8,0.0
0,10000,200.0,452344.85185185185,89077.88888888889,89077.88888888889,0.6064184962962962,0.6064184962962962,4.8,0.0
0,10000,200.0,452405.81481481483,89086.3111111111,89086.3111111111,0.606263155555556,0.606263155555556,4.8,0.0
0,10000,200.0,452335.2444444444,88966.95555555556,88966.95555555556,0.6063897333333333,0.6063897333333333,4.8,0.0
0,10000,200.0,452298.0888888889,88955.11111111111,88955.11111111111,0.6065054222222223,0.6065054222222223,4.8,0.0
0,10000,200.0,452386.77777777775,89066.8962962963,89066.8962962963,0.6064097185185184,0.6064097185185184,4.8,0.0
0,10000,200.0,452448.93333333335,89136.71111111112,89136.71111111112,0.6061347925925925,0.6061347925925925,4.8,0.0
0,10000,200.0,461785.7111111111,88032.62962962964,88032.62962962964,0.618699037037037,0.618699037037037,5.0,0.0
0,10000,200.0,462249.4962962963,88350.17777777778,88350.17777777778,0.6180468962962964,0.6180468962962964,5.0,0.0
0,10000,200.0,461866.85185185185,88059.11851851852,88059.11851851852,0.6186410222222224,0.6186410222222224,5.0,0.0
0,10000,200.0,461706.6148148148,87985.41481481481,87985.41481481481,0.6189005407407405,0.6189005407407405,5.0,0.0
0,10000,200.0,462041.4074074074,88178.02222222222,88178.02222222222,0.6184021777777777,0.6184021777777777,5.0,0.0
0,10000,200.0,462250.8222222222,88257.08888888889,88257.08888888889,0.6181342740740738,0.6181342740740738,5.0,0.0
0,10000,200.0,462318.7851851852,88245.51851851853,88245.51851851853,0.6181358888888887,0.6181358888888887,5.0,0.0
0,10000,200.0,462024.0814814815,88190.16296296296,88190.16296296296,0.618449896296296,0.618449896296296,5.0,0.0
0,10000,200.0,462214.2148148148,88174.87407407408,88174.87407407408,0.6181974518518517,0.6181974518518517,5.0,0.0
0,10000,200.0,462020.23703703703,88196.7925925926,88196.7925925926,0.6183503703703704,0.6183503703703704,5.0,0.0
0,10000,200.0,461942.01481481484,88092.78518518519,88092.78518518519,0.6184732074074075,0.6184732074074075,5.0,0.0
0,10000,200.0,462017.2148148148,88165.37777777777,88165.37777777777,0.6184168814814818,0.6184168814814818,5.0,0.0
0,10000,200.0,462238.8222222222,88229.34814814814,88229.34814814814,0.6181462444444443,0.6181462444444443,5.0,0.0
0,10000,200.0,461755.13333333336,87993.5925925926,87993.5925925926,0.6189187703703706,0.6189187703703706,5.0,0.0
0,10000,200.0,461866.4592592593,88060.1037037037,88060.1037037037,0.6186052518518518,0.6186052518518518,5.0,0.0
0,10000,200.0,462110.0444444445,88244.53333333334,88244.53333333334,0.6182546518518514,0.6182546518518514,5.0,0.0
0,10000,200.0,461887.4666666667,88148.02962962963,88148.02962962963,0.6185468962962966,0.6185468962962966,5.0,0.0
0,10000,200.0,462139.2962962963,88248.63703703704,88248.63703703704,0.6182512000000001,0.6182512000000001,5.0,0.0
0,10000,200.0,461944.6962962963,88107.70370370371,88107.70370370371,0.6185375777777778,0.6185375777777778,5.0,0.0
0,10000,200.0,461958.34074074076,88176.71111111112,88176.71111111112,0.6184675703703706,0.6184675703703706,5.0,0.0
0,10000,200.0,470738.4962962963,86761.67407407408,86761.67407407408,0.6313386740740738,0.6313386740740738,5.2,0.0
0,10000,200.0,470547.77037037036,86757.21481481481,86757.21481481481,0.6313224814814816,0.6313224814814816,5.2,0.0
0,10000,200.0,470655.56296296295,86747.85925925926,86747.85925925926,0.6313406666666664,0.6313406666666664,5.2,0.0
0,10000,200.0,470371.8814814815,86542.55555555556,86542.55555555556,0.6316920962962964,0.6316920962962964,5.2,0.0
0,10000,200.0,470560.85185185185,86724.97037037037,86724.97037037037,0.6313969851851853,0.6313969851851853,5.2,0.0
0,10000,200.0,470625.3925925926,86727.42222222222,86727.42222222222,0.631422992592593,0.631422992592593,5.2,0.0
0,10000,200.0,470596.7851851852,86777.28148148148,86777.28148148148,0.631298385185185,0.631298385185185,5.2,0.0
0,10000,200.0,470813.35555555555,86801.37037037036,86801.37037037036,0.6310757555555557,0.6310757555555557,5.2,0.0
0,10000,200.0,470752.8074074074,86808.8,86808.8,0.6310740222222221,0.6310740222222221,5.2,0.0
0,10000,200.0,470550.26666666666,86718.28148148148,86718.28148148148,0.6313587999999999,0.6313587999999999,5.2,0.0
0,10000,200.0,470693.9037037037,86780.7925925926,86780.7925925926,0.6312970888888888,0.6312970888888888,5.2,0.0
0,10000,200.0,470877.65185185184,86855.78518518519,86855.78518518519,0.6309986518518516,0.6309986518518516,5.2,0.0
0,10000,200.0,470676.6740740741,86789.54074074075,86789.54074074075,0.631249155555555,0.631249155555555,5.2,0.0
0,10000,200.0,470592.97037037037,86731.61481481482,86731.61481481482,0.6314502814814814,0.6314502814814814,5.2,0.0
0,10000,200.0,470631.6296296296,86755.55555555556,86755.55555555556,0.6313872074074077,0.6313872074074077,5.2,0.0
0,10000,200.0,470687.76296296297,86704.45925925925,86704.45925925925,0.6313397481481476,0.6313397481481476,5.2,0.0
0,10000,200.0,470572.01481481484,86728.75555555556,86728.75555555556,0.6314836074074074,0.6314836074074074,5.2,0.0
0,10000,200.0,470667.5777777778,86729.63703703704,86729.63703703704,0.6314318296296294,0.6314318296296294,5.2,0.0
0,10000,200.0,470337.68888888886,86595.0962962963,86595.0962962963,0.6317398000000004,0.6317398000000004,5.2,0.0
0,10000,200.0,470992.6666666667,86885.42962962962,86885.42962962962,0.6309964444444447,0.6309964444444447,5.2,0.0
0,10000,200.0,477619.52592592593,84476.66666666667,84476.66666666667,0.6462273185185189,0.6462273185185189,5.4,0.0
0,10000,200.0,477711.3185185185,84540.00740740741,84540.00740740741,0.6459370444444446,0.6459370444444446,5.4,0.0
0,10000,200.0,477573.6814814815,84489.08148148148,84489.08148148148,0.6460933407407409,0.6460933407407409,5.4,0.0
0,10000,200.0,477735.47407407407,84569.96296296296,84569.96296296296,0.6458825925925926,0.6458825925925926,5.4,0.0
0,10000,200.0,477583.2444444444,84552.74814814815,84552.74814814815,0.6459911851851852,0.6459911851851852,5.4,0.0
0,10000,200.0,477689.51851851854,84607.60740740741,84607.60740740741,0.6458470888888889,0.6458470888888889,5.4,0.0
0,10000,200.0,477974.89629629627,84778.1037037037,84778.1037037037,0.6454239925925926,0.6454239925925926,5.4,0.0
0,10000,200.0,477414.8074074074,84460.94814814815,84460.94814814815,0.6462175407407407,0.6462175407407407,5.4,0.0
0,10000,200.0,478203.0962962963,84862.17037037037,84862.17037037037,0.645252125925926,0.645252125925926,5.4,0.0
0,10000,200.0,477931.31111111114,84635.6888888889,84635.6888888889,0.6456766000000005,0.6456766000000005,5.4,0.0
0,10000,200.0,477508.8,84442.11851851852,84442.11851851852,0.6462616,0.6462616,5.4,0.0
0,10000,200.0,477726.9037037037,84580.45925925925,84580.45925925925,0.6459462740740742,0.6459462740740742,5.4,0.0
0,10000,200.0,477856.1259259259,84645.42222222222,84645.42222222222,0.6456944296296296,0.6456944296296296,5.4,0.0
0,10000,200.0,478179.48148148146,84755.96296296296,84755.96296296296,0.6454737925925927,0.6454737925925927,5.4,0.0
0,10000,200.0,477308.1111111111,84403.51851851853,84403.51851851853,0.6463898888888893,0.6463898888888893,5.4,0.0
0,10000,200.0,477464.6222222222,84467.72592592593,84467.72592592593,0.6461607555555559,0.6461607555555559,5.4,0.0
0,10000,200.0,477402.02962962963,84369.55555555556,84369.55555555556,0.6463202740740739,0.6463202740740739,5.4,0.0
0,10000,200.0,477822.7037037037,84723.22962962963,84723.22962962963,0.6457368370370367,0.6457368370370367,5.4,0.0
0,10000,200.0,477799.4074074074,84556.93333333333,84556.93333333333,0.6459035925925927,0.6459035925925927,5.4,0.0
0,10000,200.0,477590.2444444444,84490.18518518518,84490.18518518518,0.6461815111111108,0.6461815111111108,5.4,0.0
1,83,0,0,0,0,0,0,5.6,0.0
1,90,0,0,0,0,0,0,5.6,0.0
1,74,0,0,0,0,0,0,5.6,0.0
1,70,0,0,0,0,0,0,5.6,0.0
1,70,0,0,0,0,0,0,5.6,0.0
1,69,0,0,0,0,0,0,5.6,0.0
1,72,0,0,0,0,0,0,5.6,0.0
1,65,0,0,0,0,0,0,5.6,0.0
1,83,0,0,0,0,0,0,5.6,0.0
1,83,0,0,0,0,0,0,5.6,0.0
1,72,0,0,0,0,0,0,5.6,0.0
1,68,0,0,0,0,0,0,5.6,0.0
1,72,0,0,0,0,0,0,5.6,0.0
1,70,0,0,0,0,0,0,5.6,0.0
1,69,0,0,0,0,0,0,5.6,0.0
1,68,0,0,0,0,0,0,5.6,0.0
1,95,0,0,0,0,0,0,5.6,0.0
1,71,0,0,0,0,0,0,5.6,0.0
1,76,0,0,0,0,0,0,5.6,0.0
1,70,0,0,0,0,0,0,5.6,0.0
1,51,0,0,0,0,0,0,5.8,0.0
1,51,0,0,0,0,0,0,5.8,0.0
1,52,0,0,0,0,0,0,5.8,0.0
1,52,0,0,0,0,0,0,5.8,0.0
1,50,0,0,0,0,0,0,5.8,0.0
1,52,0,0,0,0,0,0,5.8,0.0
1,54,0,0,0,0,0,0,5.8,0.0
1,51,0,0,0,0,0,0,5.8,0.0
1,50,0,0,0,0,0,0,5.8,0.0
1,50,0,0,0,0,0,0,5.8,0.0
1,51,0,0,0,0,0,0,5.8,0.0
1,51,0,0,0,0,0,0,5.8,0.0
1,53,0,0,0,0,0,0,5.8,0.0
1,52,0,0,0,0,0,0,5.8,0.0
1,51,0,0,0,0,0,0,5.8,0.0
1,51,0,0,0,0,0,0,5.8,0.0
1,51,0,0,0,0,0,0,5.8,0.0
1,51,0,0,0,0,0,0,5.8,0.0
1,51,0,0,0,0,0,0,5.8,0.0
1,51,0,0,0,0,0,0,5.8,0.0
1,48,0,0,0,0,0,0,6.0,0.0
1,46,0,0,0,0,0,0,6.0,0.0
1,46,0,0,0,0,0,0,6.0,0.0
1,45,0,0,0,0,0,0,6.0,0.0
1,45,0,0,0,0,0,0,6.0,0.0
1,47,0,0,0,0,0,0,6.0,0.0
1,45,0,0,0,0,0,0,6.0,0.0
1,46,0,0,0,0,0,0,6.0,0.0
1,46,0,0,0,0,0,0,6.0,0.0
1,46,0,0,0,0,0,0,6.0,0.0
1,48,0,0,0,0,0,0,6.0,0.0
1,48,0,0,0,0,0,0,6.0,0.0
1,46,0,0,0,0,0,0,6.0,0.0
1,47,0,0,0,0,0,0,6.0,0.0
1,46,0,0,0,0,0,0,6.0,0.0
1,46,0,0,0,0,0,0,6.0,0.0
1,45,0,0,0,0,0,0,6.0,0.0
1,44,0,0,0,0,0,0,6.0,0.0
1,45,0,0,0,0,0,0,6.0,0.0
1,47,0,0,0,0,0,0,6.0,0.0
1,42,0,0,0,0,0,0,6.2,0.0
1,43,0,0,0,0,0,0,6.2,0.0
1,43,0,0,0,0,0,0,6.2,0.0
1,44,0,0,0,0,0,0,6.2,0.0
1,42,0,0,0,0,0,0,6.2,0.0
1,43,0,0,0,0,0,0,6.2,0.0
1,44,0,0,0,0,0,0,6.2,0.0
1,42,0,0,0,0,0,0,6.2,0.0
1,43,0,0,0,0,0,0,6.2,0.0
1,42,0,0,0,0,0,0,6.2,0.0
1,41,0,0,0,0,0,0,6.2,0.0
1,41,0,0,0,0,0,0,6.2,0.0
1,43,0,0,0,0,0,0,6.2,0.0
1,43,0,0,0,0,0,0,6.2,0.0
1,42,0,0,0,0,0,0,6.2,0.0
1,42,0,0,0,0,0,0,6.2,0.0
1,42,0,0,0,0,0,0,6.2,0.0
1,43,0,0,0,0,0,0,6.2,0.0
1,43,0,0,0,0,0,0,6.2,0.0
1,44,0,0,0,0,0,0,6.2,0.0
1,40,0,0,0,0,0,0,6.4,0.0
1,41,0,0,0,0,0,0,6.4,0.0
1,38,0,0,0,0,0,0,6.4,0.0
1,41,0,0,0,0,0,0,6.4,0.0
1,41,0,0,0,0,0,0,6.4,0.0
1,42,0,0,0,0,0,0,6.4,0.0
1,41,0,0,0,0,0,0,6.4,0.0
1,39,0,0,0,0,0,0,6.4,0.0
1,41,0,0,0,0,0,0,6.4,0.0
1,40,0,0,0,0,0,0,6.4,0.0
1,40,0,0,0,0,0,0,6.4,0.0
1,42,0,0,0,0,0,0,6.4,0.0
1,41,0,0,0,0,0,0,6.4,0.0
1,42,0,0,0,0,0,0,6.4,0.0
1,40,0,0,0,0,0,0,6.4,0.0
1,43,0,0,0,0,0,0,6.4,0.0
1,39,0,0,0,0,0,0,6.4,0.0
1,39,0,0,0,0,0,0,6.4,0.0
1,40,0,0,0,0,0,0,6.4,0.0
1,40,0,0,0,0,0,0,6.4,0.0
1,39,0,0,0,0,0,0,6.6,0.0
1,39,0,0,0,0,0,0,6.6,0.0
1,38,0,0,0,0,0,0,6.6,0.0
1,40,0,0,0,0,0,0,6.6,0.0
1,40,0,0,0,0,0,0,6.6,0.0
1,38,0,0,0,0,0,0,6.6,0.0
1,38,0,0,0,0,0,0,6.6,0.0
1,39,0,0,0,0,0,0,6.6,0.0
1,38,0,0,0,0,0,0,6.6,0.0
1,40,0,0,0,0,0,0,6.6,0.0
1,38,0,0,0,0,0,0,6.6,0.0
1,37,0,0,0,0,0,0,6.6,0.0
1,39,0,0,0,0,0,0,6.6,0.0
1,39,0,0,0,0,0,0,6.6,0.0
1,37,0,0,0,0,0,0,6.6,0.0
1,39,0,0,0,0,0,0,6.6,0.0
1,39,0,0,0,0,0,0,6.6,0.0
1,39,0,0,0,0,0,0,6.6,0.0
1,38,0,0,0,0,0,0,6.6,0.0
1,38,0,0,0,0,0,0,6.6,0.0
1,38,0,0,0,0,0,0,6.8,0.0
1,37,0,0,0,0,0,0,6.8,0.0
1,38,0,0,0,0,0,0,6.8,0.0
1,37,0,0,0,0,0,0,6.8,0.0
1,39,0,0,0,0,0,0,6.8,0.0
1,38,0,0,0,0,0,0,6.8,0.0
1,37,0,0,0,0,0,0,6.8,0.0
1,39,0,0,0,0,0,0,6.8,0.0
1,39,0,0,0,0,0,0,6.8,0.0
1,39,0,0,0,0,0,0,6.8,0.0
1,36,0,0,0,0,0,0,6.8,0.0
1,38,0,0,0,0,0,0,6.8,0.0
1,38,0,0,0,0,0,0,6.8,0.0
1,37,0,0,0,0,0,0,6.8,0.0
1,38,0,0,0,0,0,0,6.8,0.0
1,37,0,0,0,0,0,0,6.8,0.0
1,38,0,0,0,0,0,0,6.8,0.0
1,37,0,0,0,0,0,0,6.8,0.0
1,37,0,0,0,0,0,0,6.8,0.0
1,37,0,0,0,0,0,0,6.8,0.0
1,36,0,0,0,0,0,0,7.0,0.0
1,36,0,0,0,0,0,0,7.0,0.0
1,35,0,0,0,0,0,0,7.0,0.0
1,38,0,0,0,0,0,0,7.0,0.0
1,37,0,0,0,0,0,0,7.0,0.0
1,37,0,0,0,0,0,0,7.0,0.0
1,37,0,0,0,0,0,0,7.0,0.0
1,36,0,0,0,0,0,0,7.0,0.0
1,35,0,0,0,0,0,0,7.0,0.0
1,36,0,0,0,0,0,0,7.0,0.0
1,36,0,0,0,0,0,0,7.0,0.0
1,36,0,0,0,0,0,0,7.0,0.0
1,36,0,0,0,0,0,0,7.0,0.0
1,35,0,0,0,0,0,0,7.0,0.0
1,39,0,0,0,0,0,0,7.0,0.0
1,37,0,0,0,0,0,0,7.0,0.0
1,38,0,0,0,0,0,0,7.0,0.0
1,37,0,0,0,0,0,0,7.0,0.0
1,36,0,0,0,0,0,0,7.0,0.0
1,36,0,0,0,0,0,0,7.0,0.0
1,34,0,0,0,0,0,0,7.2,0.0
1,35,0,0,0,0,0,0,7.2,0.0
1,35,0,0,0,0,0,0,7.2,0.0
1,36,0,0,0,0,0,0,7.2,0.0
1,36,0,0,0,0,0,0,7.2,0.0
1,35,0,0,0,0,0,0,7.2,0.0
1,35,0,0,0,0,0,0,7.2,0.0
1,34,0,0,0,0,0,0,7.2,0.0
1,37,0,0,0,0,0,0,7.2,0.0
1,36,0,0,0,0,0,0,7.2,0.0
1,36,0,0,0,0,0,0,7.2,0.0
1,36,0,0,0,0,0,0,7.2,0.0
1,36,0,0,0,0,0,0,7.2,0.0
1,36,0,0,0,0,0,0,7.2,0.0
1,36,0,0,0,0,0,0,7.2,0.0
1,36,0,0,0,0,0,0,7.2,0.0
1,36,0,0,0,0,0,0,7.2,0.0
1,35,0,0,0,0,0,0,7.2,0.0
1,35,0,0,0,0,0,0,7.2,0.0
1,34,0,0,0,0,0,0,7.2,0.0
1,35,0,0,0,0,0,0,7.4,0.0
1,36,0,0,0,0,0,0,7.4,0.0
1,36,0,0,0,0,0,0,7.4,0.0
1,35,0,0,0,0,0,0,7.4,0.0
1,36,0,0,0,0,0,0,7.4,0.0
1,34,0,0,0,0,0,0,7.4,0.0
1,36,0,0,0,0,0,0,7.4,0.0
1,35,0,0,0,0,0,0,7.4,0.0
1,35,0,0,0,0,0,0,7.4,0.0
1,34,0,0,0,0,0,0,7.4,0.0
1,34,0,0,0,0,0,0,7.4,0.0
1,35,0,0,0,0,0,0,7.4,0.0
1,35,0,0,0,0,0,0,7.4,0.0
1,34,0,0,0,0,0,0,7.4,0.0
1,34,0,0,0,0,0,0,7.4,0.0
1,36,0,0,0,0,0,0,7.4,0.0
1,35,0,0,0,0,0,0,7.4,0.0
1,37,0,0,0,0,0,0,7.4,0.0
1,35,0,0,0,0,0,0,7.4,0.0
1,35,0,0,0,0,0,0,7.4,0.0
1,34,0,0,0,0,0,0,7.6,0.0
1,35,0,0,0,0,0,0,7.6,0.0
1,33,0,0,0,0,0,0,7.6,0.0
1,34,0,0,0,0,0,0,7.6,0.0
1,33,0,0,0,0,0,0,7.6,0.0
1,34,0,0,0,0,0,0,7.6,0.0
1,35,0,0,0,0,0,0,7.6,0.0
1,34,0,0,0,0,0,0,7.6,0.0
1,34,0,0,0,0,0,0,7.6,0.0
1,34,0,0,0,0,0,0,7.6,0.0
1,35,0,0,0,0,0,0,7.6,0.0
1,36,0,0,0,0,0,0,7.6,0.0
1,33,0,0,0,0,0,0,7.6,0.0
1,34,0,0,0,0,0,0,7.6,0.0
1,34,0,0,0,0,0,0,7.6,0.0
1,34,0,0,0,0,0,0,7.6,0.0
1,34,0,0,0,0,0,0,7.6,0.0
1,34,0,0,0,0,0,0,7.6,0.0
1,35,0,0,0,0,0,0,7.6,0.0
1,35,0,0,0,0,0,0,7.6,0.0
1,33,0,0,0,0,0,0,7.8,0.0
1,33,0,0,0,0,0,0,7.8,0.0
1,33,0,0,0,0,0,0,7.8,0.0
1,34,0,0,0,0,0,0,7.8,0.0
1,33,0,0,0,0,0,0,7.8,0.0
1,34,0,0,0,0,0,0,7.8,0.0
1,34,0,0,0,0,0,0,7.8,0.0
1,37,0,0,0,0,0,0,7.8,0.0
1,34,0,0,0,0,0,0,7.8,0.0
1,34,0,0,0,0,0,0,7.8,0.0
1,33,0,0,0,0,0,0,7.8,0.0
1,33,0,0,0,0,0,0,7.8,0.0
1,34,0,0,0,0,0,0,7.8,0.0
1,34,0,0,0,0,0,0,7.8,0.0
1,33,0,0,0,0,0,0,7.8,0.0
1,34,0,0,0,0,0,0,7.8,0.0
1,36,0,0,0,0,0,0,7.8,0.0
1,34,0,0,0,0,0,0,7.8,0.0
1,34,0,0,0,0,0,0,7.8,0.0
1,35,0,0,0,0,0,0,7.8,0.0
1,33,0,0,0,0,0,0,8.0,0.0
1,33,0,0,0,0,0,0,8.0,0.0
1,34,0,0,0,0,0,0,8.0,0.0
1,34,0,0,0,0,0,0,8.0,0.0
1,34,0,0,0,0,0,0,8.0,0.0
1,34,0,0,0,0,0,0,8.0,0.0
1,33,0,0,0,0,0,0,8.0,0.0
1,32,0,0,0,0,0,0,8.0,0.0
1,33,0,0,0,0,0,0,8.0,0.0
1,33,0,0,0,0,0,0,8.0,0.0
1,34,0,0,0,0,0,0,8.0,0.0
1,33,0,0,0,0,0,0,8.0,0.0
1,33,0,0,0,0,0,0,8.0,0.0
1,34,0,0,0,0,0,0,8.0,0.0
1,33,0,0,0,0,0,0,8.0,0.0
1,33,0,0,0,0,0,0,8.0,0.0
1,33,0,0,0,0,0,0,8.0,0.0
1,33,0,0,0,0,0,0,8.0,0.0
1,34,0,0,0,0,0,0,8.0,0.0
1,33,0,0,0,0,0,0,8.0,0.0
