Generation,Wild_Type_Gene_Frequency,Num_Wild_Gene
1,0.994846,148643
2,0.99186,147926
3,0.987231,148060
4,0.979,146615
5,0.966689,145186
6,0.948137,141537
7,0.91811,137217
8,0.873661,129190
9,0.81,119535
10,0.725903,104411
11,0.620716,86629
12,0.504053,65538
13,0.383211,43957
14,0.279689,25683
15,0.196724,13369
16,0.129412,6054
17,0.0861196,2465
18,0.0571942,859
19,0.0248641,183
20,0.00225428,5
21,0,0
22,NAN,0
23,NAN,0
24,NAN,0
25,NAN,0
26,NAN,0
27,NAN,0
28,NAN,0
29,NAN,0
30,NAN,0
31,NAN,0
32,NAN,0
33,NAN,0
34,NAN,0
35,NAN,0
36,NAN,0
37,NAN,0
38,NAN,0
39,NAN,0
40,NAN,0
41,NAN,0
42,NAN,0
43,NAN,0
44,NAN,0
45,NAN,0
46,NAN,0
47,NAN,0
48,NAN,0
49,NAN,0
50,NAN,0
51,NAN,0
52,NAN,0
53,NAN,0
54,NAN,0
55,NAN,0
56,NAN,0
57,NAN,0
58,NAN,0
59,NAN,0
60,NAN,0
61,NAN,0
62,NAN,0
63,NAN,0
64,NAN,0
65,NAN,0
66,NAN,0
67,NAN,0
68,NAN,0
69,NAN,0
70,NAN,0
71,NAN,0
72,NAN,0
73,NAN,0
74,NAN,0
75,NAN,0
76,NAN,0
77,NAN,0
78,NAN,0
79,NAN,0
80,NAN,0
81,NAN,0
82,NAN,0
83,NAN,0
84,NAN,0
85,NAN,0
86,NAN,0
87,NAN,0
88,NAN,0
89,NAN,0
90,NAN,0
91,NAN,0
92,NAN,0
93,NAN,0
94,NAN,0
95,NAN,0
96,NAN,0
97,NAN,0
98,NAN,0
99,NAN,0
100,NAN,0
NAN,NAN,NAN
1,0.995199,149672
2,0.991681,148288
3,0.986985,147501
4,0.979727,146237
5,0.967293,144354
6,0.947076,141370
7,0.917075,137298
8,0.872291,130124
9,0.80812,120548
10,0.723252,105307
11,0.621377,86579
12,0.508585,66170
13,0.383095,43874
14,0.280159,25792
15,0.201473,13760
16,0.137195,6584
17,0.0914438,2705
18,0.0542451,936
19,0.0215875,164
20,0.00649351,12
21,0,0
22,NAN,0
23,NAN,0
24,NAN,0
25,NAN,0
26,NAN,0
27,NAN,0
28,NAN,0
29,NAN,0
30,NAN,0
31,NAN,0
32,NAN,0
33,NAN,0
34,NAN,0
35,NAN,0
36,NAN,0
37,NAN,0
38,NAN,0
39,NAN,0
40,NAN,0
41,NAN,0
42,NAN,0
43,NAN,0
44,NAN,0
45,NAN,0
46,NAN,0
47,NAN,0
48,NAN,0
49,NAN,0
50,NAN,0
51,NAN,0
52,NAN,0
53,NAN,0
54,NAN,0
55,NAN,0
56,NAN,0
57,NAN,0
58,NAN,0
59,NAN,0
60,NAN,0
61,NAN,0
62,NAN,0
63,NAN,0
64,NAN,0
65,NAN,0
66,NAN,0
67,NAN,0
68,NAN,0
69,NAN,0
70,NAN,0
71,NAN,0
72,NAN,0
73,NAN,0
74,NAN,0
75,NAN,0
76,NAN,0
77,NAN,0
78,NAN,0
79,NAN,0
80,NAN,0
81,NAN,0
82,NAN,0
83,NAN,0
84,NAN,0
85,NAN,0
86,NAN,0
87,NAN,0
88,NAN,0
89,NAN,0
90,NAN,0
91,NAN,0
92,NAN,0
93,NAN,0
94,NAN,0
95,NAN,0
96,NAN,0
97,NAN,0
98,NAN,0
99,NAN,0
100,NAN,0
NAN,NAN,NAN
1,0.994911,149946
2,0.991369,147823
3,0.986148,148155
4,0.977326,147024
5,0.96347,144560
6,0.942316,141077
7,0.909515,136712
8,0.860974,128757
9,0.79314,116908
10,0.6998,100338
11,0.593452,80973
12,0.477109,59976
13,0.364491,39618
14,0.263313,23166
15,0.179907,11717
16,0.120592,5188
17,0.0730866,1886
18,0.0553718,720
19,0.0292523,178
20,0.00454545,11
21,0,0
22,NAN,0
23,NAN,0
24,NAN,0
25,NAN,0
26,NAN,0
27,NAN,0
28,NAN,0
29,NAN,0
30,NAN,0
31,NAN,0
32,NAN,0
33,NAN,0
34,NAN,0
35,NAN,0
36,NAN,0
37,NAN,0
38,NAN,0
39,NAN,0
40,NAN,0
41,NAN,0
42,NAN,0
43,NAN,0
44,NAN,0
45,NAN,0
46,NAN,0
47,NAN,0
48,NAN,0
49,NAN,0
50,NAN,0
51,NAN,0
52,NAN,0
53,NAN,0
54,NAN,0
55,NAN,0
56,NAN,0
57,NAN,0
58,NAN,0
59,NAN,0
60,NAN,0
61,NAN,0
62,NAN,0
63,NAN,0
64,NAN,0
65,NAN,0
66,NAN,0
67,NAN,0
68,NAN,0
69,NAN,0
70,NAN,0
71,NAN,0
72,NAN,0
73,NAN,0
74,NAN,0
75,NAN,0
76,NAN,0
77,NAN,0
78,NAN,0
79,NAN,0
80,NAN,0
81,NAN,0
82,NAN,0
83,NAN,0
84,NAN,0
85,NAN,0
86,NAN,0
87,NAN,0
88,NAN,0
89,NAN,0
90,NAN,0
91,NAN,0
92,NAN,0
93,NAN,0
94,NAN,0
95,NAN,0
96,NAN,0
97,NAN,0
98,NAN,0
99,NAN,0
100,NAN,0
NAN,NAN,NAN
1,0.994882,150652
2,0.99221,149272
3,0.987752,148231
4,0.980445,146705
5,0.968233,145632
6,0.94884,142531
7,0.917527,137462
8,0.87289,130539
9,0.809767,119882
10,0.724147,105409
11,0.620478,86229
12,0.504401,64987
13,0.386876,43941
14,0.279316,25770
15,0.193836,13529
16,0.129116,6117
17,0.0789583,2277
18,0.0494456,718
19,0.0401572,235
20,0.0492611,120
21,0.0894454,100
22,0.0271055,28
23,0,0
24,NAN,0
25,NAN,0
26,NAN,0
27,NAN,0
28,NAN,0
29,NAN,0
30,NAN,0
31,NAN,0
32,NAN,0
33,NAN,0
34,NAN,0
35,NAN,0
36,NAN,0
37,NAN,0
38,NAN,0
39,NAN,0
40,NAN,0
41,NAN,0
42,NAN,0
43,NAN,0
44,NAN,0
45,NAN,0
46,NAN,0
47,NAN,0
48,NAN,0
49,NAN,0
50,NAN,0
51,NAN,0
52,NAN,0
53,NAN,0
54,NAN,0
55,NAN,0
56,NAN,0
57,NAN,0
58,NAN,0
59,NAN,0
60,NAN,0
61,NAN,0
62,NAN,0
63,NAN,0
64,NAN,0
65,NAN,0
66,NAN,0
67,NAN,0
68,NAN,0
69,NAN,0
70,NAN,0
71,NAN,0
72,NAN,0
73,NAN,0
74,NAN,0
75,NAN,0
76,NAN,0
77,NAN,0
78,NAN,0
79,NAN,0
80,NAN,0
81,NAN,0
82,NAN,0
83,NAN,0
84,NAN,0
85,NAN,0
86,NAN,0
87,NAN,0
88,NAN,0
89,NAN,0
90,NAN,0
91,NAN,0
92,NAN,0
93,NAN,0
94,NAN,0
95,NAN,0
96,NAN,0
97,NAN,0
98,NAN,0
99,NAN,0
100,NAN,0
NAN,NAN,NAN
1,0.994977,149343
2,0.991084,148168
3,0.985961,148118
4,0.977365,146338
5,0.963154,144292
6,0.941399,141224
7,0.908049,135293
8,0.857219,127898
9,0.789454,116165
10,0.70062,101089
11,0.595534,81690
12,0.474821,60128
13,0.366331,39333
14,0.262535,22919
15,0.177577,11431
16,0.117446,4954
17,0.0716454,1794
18,0.0463854,564
19,0.0314624,162
20,0.00764526,15
21,0,0
22,NAN,0
23,NAN,0
24,NAN,0
25,NAN,0
26,NAN,0
27,NAN,0
28,NAN,0
29,NAN,0
30,NAN,0
31,NAN,0
32,NAN,0
33,NAN,0
34,NAN,0
35,NAN,0
36,NAN,0
37,NAN,0
38,NAN,0
39,NAN,0
40,NAN,0
41,NAN,0
42,NAN,0
43,NAN,0
44,NAN,0
45,NAN,0
46,NAN,0
47,NAN,0
48,NAN,0
49,NAN,0
50,NAN,0
51,NAN,0
52,NAN,0
53,NAN,0
54,NAN,0
55,NAN,0
56,NAN,0
57,NAN,0
58,NAN,0
59,NAN,0
60,NAN,0
61,NAN,0
62,NAN,0
63,NAN,0
64,NAN,0
65,NAN,0
66,NAN,0
67,NAN,0
68,NAN,0
69,NAN,0
70,NAN,0
71,NAN,0
72,NAN,0
73,NAN,0
74,NAN,0
75,NAN,0
76,NAN,0
77,NAN,0
78,NAN,0
79,NAN,0
80,NAN,0
81,NAN,0
82,NAN,0
83,NAN,0
84,NAN,0
85,NAN,0
86,NAN,0
87,NAN,0
88,NAN,0
89,NAN,0
90,NAN,0
91,NAN,0
92,NAN,0
93,NAN,0
94,NAN,0
95,NAN,0
96,NAN,0
97,NAN,0
98,NAN,0
99,NAN,0
100,NAN,0
NAN,NAN,NAN
1,0.994609,150364
2,0.991245,147984
3,0.985864,147012
4,0.977162,146800
5,0.963831,144486
6,0.943849,141282
7,0.911286,136229
8,0.865102,129107
9,0.800539,117849
10,0.712328,102660
11,0.609522,84960
12,0.48909,62943
13,0.370174,41321
14,0.266596,23807
15,0.179184,11910
16,0.120724,5114
17,0.0766325,2029
18,0.0491508,654
19,0.0346535,196
20,0.0162822,36
21,0,0
22,NAN,0
23,NAN,0
24,NAN,0
25,NAN,0
26,NAN,0
27,NAN,0
28,NAN,0
29,NAN,0
30,NAN,0
31,NAN,0
32,NAN,0
33,NAN,0
34,NAN,0
35,NAN,0
36,NAN,0
37,NAN,0
38,NAN,0
39,NAN,0
40,NAN,0
41,NAN,0
42,NAN,0
43,NAN,0
44,NAN,0
45,NAN,0
46,NAN,0
47,NAN,0
48,NAN,0
49,NAN,0
50,NAN,0
51,NAN,0
52,NAN,0
53,NAN,0
54,NAN,0
55,NAN,0
56,NAN,0
57,NAN,0
58,NAN,0
59,NAN,0
60,NAN,0
61,NAN,0
62,NAN,0
63,NAN,0
64,NAN,0
65,NAN,0
66,NAN,0
67,NAN,0
68,NAN,0
69,NAN,0
70,NAN,0
71,NAN,0
72,NAN,0
73,NAN,0
74,NAN,0
75,NAN,0
76,NAN,0
77,NAN,0
78,NAN,0
79,NAN,0
80,NAN,0
81,NAN,0
82,NAN,0
83,NAN,0
84,NAN,0
85,NAN,0
86,NAN,0
87,NAN,0
88,NAN,0
89,NAN,0
90,NAN,0
91,NAN,0
92,NAN,0
93,NAN,0
94,NAN,0
95,NAN,0
96,NAN,0
97,NAN,0
98,NAN,0
99,NAN,0
100,NAN,0
NAN,NAN,NAN
1,0.99483,149131
2,0.991281,148934
3,0.986171,148048
4,0.978397,145833
5,0.966344,144852
6,0.945493,140122
7,0.91615,135985
8,0.86942,129534
9,0.803084,118544
10,0.718114,103649
11,0.610687,84458
12,0.49159,62718
13,0.376475,41736
14,0.273207,24522
15,0.185838,12658
16,0.127888,5767
17,0.0901651,2468
18,0.0545065,840
19,0.0257167,183
20,0.015015,30
21,0,0
22,NAN,0
23,NAN,0
24,NAN,0
25,NAN,0
26,NAN,0
27,NAN,0
28,NAN,0
29,NAN,0
30,NAN,0
31,NAN,0
32,NAN,0
33,NAN,0
34,NAN,0
35,NAN,0
36,NAN,0
37,NAN,0
38,NAN,0
39,NAN,0
40,NAN,0
41,NAN,0
42,NAN,0
43,NAN,0
44,NAN,0
45,NAN,0
46,NAN,0
47,NAN,0
48,NAN,0
49,NAN,0
50,NAN,0
51,NAN,0
52,NAN,0
53,NAN,0
54,NAN,0
55,NAN,0
56,NAN,0
57,NAN,0
58,NAN,0
59,NAN,0
60,NAN,0
61,NAN,0
62,NAN,0
63,NAN,0
64,NAN,0
65,NAN,0
66,NAN,0
67,NAN,0
68,NAN,0
69,NAN,0
70,NAN,0
71,NAN,0
72,NAN,0
73,NAN,0
74,NAN,0
75,NAN,0
76,NAN,0
77,NAN,0
78,NAN,0
79,NAN,0
80,NAN,0
81,NAN,0
82,NAN,0
83,NAN,0
84,NAN,0
85,NAN,0
86,NAN,0
87,NAN,0
88,NAN,0
89,NAN,0
90,NAN,0
91,NAN,0
92,NAN,0
93,NAN,0
94,NAN,0
95,NAN,0
96,NAN,0
97,NAN,0
98,NAN,0
99,NAN,0
100,NAN,0
NAN,NAN,NAN
1,0.994872,149396
2,0.991092,148533
3,0.985694,147240
4,0.975674,146314
5,0.960933,144433
6,0.939004,139935
7,0.903647,134779
8,0.852946,126323
9,0.782528,115221
10,0.688989,99561
11,0.581174,79343
12,0.465549,58324
13,0.346637,37442
14,0.249895,21348
15,0.169522,10352
16,0.109925,4459
17,0.0773647,1752
18,0.0437041,547
19,0.0290102,153
20,0.00353565,6
21,0,0
22,NAN,0
23,NAN,0
24,NAN,0
25,NAN,0
26,NAN,0
27,NAN,0
28,NAN,0
29,NAN,0
30,NAN,0
31,NAN,0
32,NAN,0
33,NAN,0
34,NAN,0
35,NAN,0
36,NAN,0
37,NAN,0
38,NAN,0
39,NAN,0
40,NAN,0
41,NAN,0
42,NAN,0
43,NAN,0
44,NAN,0
45,NAN,0
46,NAN,0
47,NAN,0
48,NAN,0
49,NAN,0
50,NAN,0
51,NAN,0
52,NAN,0
53,NAN,0
54,NAN,0
55,NAN,0
56,NAN,0
57,NAN,0
58,NAN,0
59,NAN,0
60,NAN,0
61,NAN,0
62,NAN,0
63,NAN,0
64,NAN,0
65,NAN,0
66,NAN,0
67,NAN,0
68,NAN,0
69,NAN,0
70,NAN,0
71,NAN,0
72,NAN,0
73,NAN,0
74,NAN,0
75,NAN,0
76,NAN,0
77,NAN,0
78,NAN,0
79,NAN,0
80,NAN,0
81,NAN,0
82,NAN,0
83,NAN,0
84,NAN,0
85,NAN,0
86,NAN,0
87,NAN,0
88,NAN,0
89,NAN,0
90,NAN,0
91,NAN,0
92,NAN,0
93,NAN,0
94,NAN,0
95,NAN,0
96,NAN,0
97,NAN,0
98,NAN,0
99,NAN,0
100,NAN,0
NAN,NAN,NAN
1,0.995119,149019
2,0.992158,148667
3,0.987574,148227
4,0.979798,146760
5,0.96711,145079
6,0.948064,141729
7,0.918849,136971
8,0.872878,130257
9,0.810363,119907
10,0.724783,106027
11,0.622103,87202
12,0.504716,65707
13,0.388311,44427
14,0.286044,26526
15,0.200409,13997
16,0.132738,6379
17,0.0862461,2502
18,0.0613481,942
19,0.0418363,298
20,0.0158631,51
21,0,0
22,NAN,0
23,NAN,0
24,NAN,0
25,NAN,0
26,NAN,0
27,NAN,0
28,NAN,0
29,NAN,0
30,NAN,0
31,NAN,0
32,NAN,0
33,NAN,0
34,NAN,0
35,NAN,0
36,NAN,0
37,NAN,0
38,NAN,0
39,NAN,0
40,NAN,0
41,NAN,0
42,NAN,0
43,NAN,0
44,NAN,0
45,NAN,0
46,NAN,0
47,NAN,0
48,NAN,0
49,NAN,0
50,NAN,0
51,NAN,0
52,NAN,0
53,NAN,0
54,NAN,0
55,NAN,0
56,NAN,0
57,NAN,0
58,NAN,0
59,NAN,0
60,NAN,0
61,NAN,0
62,NAN,0
63,NAN,0
64,NAN,0
65,NAN,0
66,NAN,0
67,NAN,0
68,NAN,0
69,NAN,0
70,NAN,0
71,NAN,0
72,NAN,0
73,NAN,0
74,NAN,0
75,NAN,0
76,NAN,0
77,NAN,0
78,NAN,0
79,NAN,0
80,NAN,0
81,NAN,0
82,NAN,0
83,NAN,0
84,NAN,0
85,NAN,0
86,NAN,0
87,NAN,0
88,NAN,0
89,NAN,0
90,NAN,0
91,NAN,0
92,NAN,0
93,NAN,0
94,NAN,0
95,NAN,0
96,NAN,0
97,NAN,0
98,NAN,0
99,NAN,0
100,NAN,0
NAN,NAN,NAN
1,0.99513,148976
2,0.99185,147978
3,0.98695,147777
4,0.979293,145376
5,0.967642,144559
6,0.949411,140678
7,0.921907,137613
8,0.879436,130634
9,0.817761,119703
10,0.736865,107023
11,0.63678,89465
12,0.522681,68179
13,0.403507,47132
14,0.292649,28243
15,0.202554,14800
16,0.138139,6788
17,0.0980717,2960
18,0.0600056,1063
19,0.0240991,212
20,0.0127264,26
21,0,0
22,NAN,0
23,NAN,0
24,NAN,0
25,NAN,0
26,NAN,0
27,NAN,0
28,NAN,0
29,NAN,0
30,NAN,0
31,NAN,0
32,NAN,0
33,NAN,0
34,NAN,0
35,NAN,0
36,NAN,0
37,NAN,0
38,NAN,0
39,NAN,0
40,NAN,0
41,NAN,0
42,NAN,0
43,NAN,0
44,NAN,0
45,NAN,0
46,NAN,0
47,NAN,0
48,NAN,0
49,NAN,0
50,NAN,0
51,NAN,0
52,NAN,0
53,NAN,0
54,NAN,0
55,NAN,0
56,NAN,0
57,NAN,0
58,NAN,0
59,NAN,0
60,NAN,0
61,NAN,0
62,NAN,0
63,NAN,0
64,NAN,0
65,NAN,0
66,NAN,0
67,NAN,0
68,NAN,0
69,NAN,0
70,NAN,0
71,NAN,0
72,NAN,0
73,NAN,0
74,NAN,0
75,NAN,0
76,NAN,0
77,NAN,0
78,NAN,0
79,NAN,0
80,NAN,0
81,NAN,0
82,NAN,0
83,NAN,0
84,NAN,0
85,NAN,0
86,NAN,0
87,NAN,0
88,NAN,0
89,NAN,0
90,NAN,0
91,NAN,0
92,NAN,0
93,NAN,0
94,NAN,0
95,NAN,0
96,NAN,0
97,NAN,0
98,NAN,0
99,NAN,0
100,NAN,0
NAN,NAN,NAN
1,0.992496,148664
2,0.98773,148364
3,0.980089,146242
4,0.968662,146330
5,0.950493,142169
6,0.922933,137193
7,0.881575,130675
8,0.821001,120656
9,0.738288,106783
10,0.633533,90274
11,0.519056,67674
12,0.402072,46564
13,0.294996,28242
14,0.206839,15103
15,0.135614,6914
16,0.0882892,2696
17,0.0540899,896
18,0.0357777,262
19,0.033209,89
20,0,0
21,NAN,0
22,NAN,0
23,NAN,0
24,NAN,0
25,NAN,0
26,NAN,0
27,NAN,0
28,NAN,0
29,NAN,0
30,NAN,0
31,NAN,0
32,NAN,0
33,NAN,0
34,NAN,0
35,NAN,0
36,NAN,0
37,NAN,0
38,NAN,0
39,NAN,0
40,NAN,0
41,NAN,0
42,NAN,0
43,NAN,0
44,NAN,0
45,NAN,0
46,NAN,0
47,NAN,0
48,NAN,0
49,NAN,0
50,NAN,0
51,NAN,0
52,NAN,0
53,NAN,0
54,NAN,0
55,NAN,0
56,NAN,0
57,NAN,0
58,NAN,0
59,NAN,0
60,NAN,0
61,NAN,0
62,NAN,0
63,NAN,0
64,NAN,0
65,NAN,0
66,NAN,0
67,NAN,0
68,NAN,0
69,NAN,0
70,NAN,0
71,NAN,0
72,NAN,0
73,NAN,0
74,NAN,0
75,NAN,0
76,NAN,0
77,NAN,0
78,NAN,0
79,NAN,0
80,NAN,0
81,NAN,0
82,NAN,0
83,NAN,0
84,NAN,0
85,NAN,0
86,NAN,0
87,NAN,0
88,NAN,0
89,NAN,0
90,NAN,0
91,NAN,0
92,NAN,0
93,NAN,0
94,NAN,0
95,NAN,0
96,NAN,0
97,NAN,0
98,NAN,0
99,NAN,0
100,NAN,0
NAN,NAN,NAN
1,0.992405,148050
2,0.987291,147444
3,0.979931,147312
4,0.967905,145482
5,0.949423,143191
6,0.920328,138259
7,0.87618,130762
8,0.816362,120904
9,0.733916,106365
10,0.632849,89252
11,0.516815,67802
12,0.399434,46048
13,0.29109,27630
14,0.202329,14388
15,0.141754,6939
16,0.0974286,3016
17,0.0541412,974
18,0.0277811,229
19,0.0252838,49
20,0.0192308,10
21,0,0
22,NAN,0
23,NAN,0
24,NAN,0
25,NAN,0
26,NAN,0
27,NAN,0
28,NAN,0
29,NAN,0
30,NAN,0
31,NAN,0
32,NAN,0
33,NAN,0
34,NAN,0
35,NAN,0
36,NAN,0
37,NAN,0
38,NAN,0
39,NAN,0
40,NAN,0
41,NAN,0
42,NAN,0
43,NAN,0
44,NAN,0
45,NAN,0
46,NAN,0
47,NAN,0
48,NAN,0
49,NAN,0
50,NAN,0
51,NAN,0
52,NAN,0
53,NAN,0
54,NAN,0
55,NAN,0
56,NAN,0
57,NAN,0
58,NAN,0
59,NAN,0
60,NAN,0
61,NAN,0
62,NAN,0
63,NAN,0
64,NAN,0
65,NAN,0
66,NAN,0
67,NAN,0
68,NAN,0
69,NAN,0
70,NAN,0
71,NAN,0
72,NAN,0
73,NAN,0
74,NAN,0
75,NAN,0
76,NAN,0
77,NAN,0
78,NAN,0
79,NAN,0
80,NAN,0
81,NAN,0
82,NAN,0
83,NAN,0
84,NAN,0
85,NAN,0
86,NAN,0
87,NAN,0
88,NAN,0
89,NAN,0
90,NAN,0
91,NAN,0
92,NAN,0
93,NAN,0
94,NAN,0
95,NAN,0
96,NAN,0
97,NAN,0
98,NAN,0
99,NAN,0
100,NAN,0
NAN,NAN,NAN
1,0.99255,148957
2,0.98787,147974
3,0.980893,147180
4,0.969982,144506
5,0.951076,141757
6,0.925415,137761
7,0.884624,131671
8,0.826408,122391
9,0.747377,109049
10,0.646286,92026
11,0.531865,70253
12,0.415968,48719
13,0.304724,30207
14,0.219315,16446
15,0.148745,7795
16,0.10499,3457
17,0.059399,1190
18,0.0335679,310
19,0.020007,57
20,0,0
21,NAN,0
22,NAN,0
23,NAN,0
24,NAN,0
25,NAN,0
26,NAN,0
27,NAN,0
28,NAN,0
29,NAN,0
30,NAN,0
31,NAN,0
32,NAN,0
33,NAN,0
34,NAN,0
35,NAN,0
36,NAN,0
37,NAN,0
38,NAN,0
39,NAN,0
40,NAN,0
41,NAN,0
42,NAN,0
43,NAN,0
44,NAN,0
45,NAN,0
46,NAN,0
47,NAN,0
48,NAN,0
49,NAN,0
50,NAN,0
51,NAN,0
52,NAN,0
53,NAN,0
54,NAN,0
55,NAN,0
56,NAN,0
57,NAN,0
58,NAN,0
59,NAN,0
60,NAN,0
61,NAN,0
62,NAN,0
63,NAN,0
64,NAN,0
65,NAN,0
66,NAN,0
67,NAN,0
68,NAN,0
69,NAN,0
70,NAN,0
71,NAN,0
72,NAN,0
73,NAN,0
74,NAN,0
75,NAN,0
76,NAN,0
77,NAN,0
78,NAN,0
79,NAN,0
80,NAN,0
81,NAN,0
82,NAN,0
83,NAN,0
84,NAN,0
85,NAN,0
86,NAN,0
87,NAN,0
88,NAN,0
89,NAN,0
90,NAN,0
91,NAN,0
92,NAN,0
93,NAN,0
94,NAN,0
95,NAN,0
96,NAN,0
97,NAN,0
98,NAN,0
99,NAN,0
100,NAN,0
NAN,NAN,NAN
1,0.992232,149194
2,0.98673,148934
3,0.978792,147366
4,0.964916,143815
5,0.946017,142123
6,0.91298,136317
7,0.86708,128960
8,0.802725,118821
9,0.716426,104336
10,0.613818,85317
11,0.496351,63937
12,0.379419,42751
13,0.278717,25397
14,0.191911,13139
15,0.127081,5924
16,0.0837046,2330
17,0.0479331,734
18,0.0275401,177
19,0.0346394,61
20,0.0545194,38
21,0,0
22,NAN,0
23,NAN,0
24,NAN,0
25,NAN,0
26,NAN,0
27,NAN,0
28,NAN,0
29,NAN,0
30,NAN,0
31,NAN,0
32,NAN,0
33,NAN,0
34,NAN,0
35,NAN,0
36,NAN,0
37,NAN,0
38,NAN,0
39,NAN,0
40,NAN,0
41,NAN,0
42,NAN,0
43,NAN,0
44,NAN,0
45,NAN,0
46,NAN,0
47,NAN,0
48,NAN,0
49,NAN,0
50,NAN,0
51,NAN,0
52,NAN,0
53,NAN,0
54,NAN,0
55,NAN,0
56,NAN,0
57,NAN,0
58,NAN,0
59,NAN,0
60,NAN,0
61,NAN,0
62,NAN,0
63,NAN,0
64,NAN,0
65,NAN,0
66,NAN,0
67,NAN,0
68,NAN,0
69,NAN,0
70,NAN,0
71,NAN,0
72,NAN,0
73,NAN,0
74,NAN,0
75,NAN,0
76,NAN,0
77,NAN,0
78,NAN,0
79,NAN,0
80,NAN,0
81,NAN,0
82,NAN,0
83,NAN,0
84,NAN,0
85,NAN,0
86,NAN,0
87,NAN,0
88,NAN,0
89,NAN,0
90,NAN,0
91,NAN,0
92,NAN,0
93,NAN,0
94,NAN,0
95,NAN,0
96,NAN,0
97,NAN,0
98,NAN,0
99,NAN,0
100,NAN,0
NAN,NAN,NAN
1,0.992621,150118
2,0.987915,148377
3,0.981145,147315
4,0.970086,144762
5,0.953035,141965
6,0.92658,138103
7,0.887205,131144
8,0.831255,123985
9,0.751704,109397
10,0.653098,91550
11,0.540551,71203
12,0.419401,50040
13,0.310228,30779
14,0.221975,16849
15,0.148368,8015
16,0.10538,3479
17,0.0705631,1421
18,0.05015,535
19,0.0291281,148
20,0.00475059,8
21,0,0
22,NAN,0
23,NAN,0
24,NAN,0
25,NAN,0
26,NAN,0
27,NAN,0
28,NAN,0
29,NAN,0
30,NAN,0
31,NAN,0
32,NAN,0
33,NAN,0
34,NAN,0
35,NAN,0
36,NAN,0
37,NAN,0
38,NAN,0
39,NAN,0
40,NAN,0
41,NAN,0
42,NAN,0
43,NAN,0
44,NAN,0
45,NAN,0
46,NAN,0
47,NAN,0
48,NAN,0
49,NAN,0
50,NAN,0
51,NAN,0
52,NAN,0
53,NAN,0
54,NAN,0
55,NAN,0
56,NAN,0
57,NAN,0
58,NAN,0
59,NAN,0
60,NAN,0
61,NAN,0
62,NAN,0
63,NAN,0
64,NAN,0
65,NAN,0
66,NAN,0
67,NAN,0
68,NAN,0
69,NAN,0
70,NAN,0
71,NAN,0
72,NAN,0
73,NAN,0
74,NAN,0
75,NAN,0
76,NAN,0
77,NAN,0
78,NAN,0
79,NAN,0
80,NAN,0
81,NAN,0
82,NAN,0
83,NAN,0
84,NAN,0
85,NAN,0
86,NAN,0
87,NAN,0
88,NAN,0
89,NAN,0
90,NAN,0
91,NAN,0
92,NAN,0
93,NAN,0
94,NAN,0
95,NAN,0
96,NAN,0
97,NAN,0
98,NAN,0
99,NAN,0
100,NAN,0
NAN,NAN,NAN
1,0.992824,149276
2,0.988181,149655
3,0.981816,147082
4,0.969905,144703
5,0.951931,142506
6,0.924578,138487
7,0.885062,132176
8,0.825205,123029
9,0.744043,109378
10,0.642712,90758
11,0.52647,69513
12,0.408535,48210
13,0.293341,28609
14,0.200472,14620
15,0.135207,6635
16,0.0827477,2508
17,0.0640037,963
18,0.0229273,185
19,0.0302419,60
20,0.043299,21
21,0,0
22,NAN,0
23,NAN,0
24,NAN,0
25,NAN,0
26,NAN,0
27,NAN,0
28,NAN,0
29,NAN,0
30,NAN,0
31,NAN,0
32,NAN,0
33,NAN,0
34,NAN,0
35,NAN,0
36,NAN,0
37,NAN,0
38,NAN,0
39,NAN,0
40,NAN,0
41,NAN,0
42,NAN,0
43,NAN,0
44,NAN,0
45,NAN,0
46,NAN,0
47,NAN,0
48,NAN,0
49,NAN,0
50,NAN,0
51,NAN,0
52,NAN,0
53,NAN,0
54,NAN,0
55,NAN,0
56,NAN,0
57,NAN,0
58,NAN,0
59,NAN,0
60,NAN,0
61,NAN,0
62,NAN,0
63,NAN,0
64,NAN,0
65,NAN,0
66,NAN,0
67,NAN,0
68,NAN,0
69,NAN,0
70,NAN,0
71,NAN,0
72,NAN,0
73,NAN,0
74,NAN,0
75,NAN,0
76,NAN,0
77,NAN,0
78,NAN,0
79,NAN,0
80,NAN,0
81,NAN,0
82,NAN,0
83,NAN,0
84,NAN,0
85,NAN,0
86,NAN,0
87,NAN,0
88,NAN,0
89,NAN,0
90,NAN,0
91,NAN,0
92,NAN,0
93,NAN,0
94,NAN,0
95,NAN,0
96,NAN,0
97,NAN,0
98,NAN,0
99,NAN,0
100,NAN,0
NAN,NAN,NAN
1,0.992363,148000
2,0.986812,146882
3,0.979246,145372
4,0.966641,144306
5,0.947506,141853
6,0.918714,137379
7,0.874888,130333
8,0.812869,120194
9,0.728307,106236
10,0.626328,87659
11,0.509812,66634
12,0.394526,45619
13,0.285476,27016
14,0.200932,14274
15,0.130436,6350
16,0.0869669,2543
17,0.0621071,978
18,0.0395568,332
19,0.00987492,30
20,0,0
21,NAN,0
22,NAN,0
23,NAN,0
24,NAN,0
25,NAN,0
26,NAN,0
27,NAN,0
28,NAN,0
29,NAN,0
30,NAN,0
31,NAN,0
32,NAN,0
33,NAN,0
34,NAN,0
35,NAN,0
36,NAN,0
37,NAN,0
38,NAN,0
39,NAN,0
40,NAN,0
41,NAN,0
42,NAN,0
43,NAN,0
44,NAN,0
45,NAN,0
46,NAN,0
47,NAN,0
48,NAN,0
49,NAN,0
50,NAN,0
51,NAN,0
52,NAN,0
53,NAN,0
54,NAN,0
55,NAN,0
56,NAN,0
57,NAN,0
58,NAN,0
59,NAN,0
60,NAN,0
61,NAN,0
62,NAN,0
63,NAN,0
64,NAN,0
65,NAN,0
66,NAN,0
67,NAN,0
68,NAN,0
69,NAN,0
70,NAN,0
71,NAN,0
72,NAN,0
73,NAN,0
74,NAN,0
75,NAN,0
76,NAN,0
77,NAN,0
78,NAN,0
79,NAN,0
80,NAN,0
81,NAN,0
82,NAN,0
83,NAN,0
84,NAN,0
85,NAN,0
86,NAN,0
87,NAN,0
88,NAN,0
89,NAN,0
90,NAN,0
91,NAN,0
92,NAN,0
93,NAN,0
94,NAN,0
95,NAN,0
96,NAN,0
97,NAN,0
98,NAN,0
99,NAN,0
100,NAN,0
NAN,NAN,NAN
1,0.992786,149317
2,0.988248,148332
3,0.981608,147199
4,0.970819,146019
5,0.954235,142808
6,0.926817,139068
7,0.887233,131857
8,0.829867,122622
9,0.752031,109125
10,0.653642,92310
11,0.538648,71631
12,0.423378,49713
13,0.314831,31189
14,0.224402,17287
15,0.152296,8379
16,0.0994082,3477
17,0.0613247,1236
18,0.0488751,441
19,0.0162796,68
20,0,0
21,NAN,0
22,NAN,0
23,NAN,0
24,NAN,0
25,NAN,0
26,NAN,0
27,NAN,0
28,NAN,0
29,NAN,0
30,NAN,0
31,NAN,0
32,NAN,0
33,NAN,0
34,NAN,0
35,NAN,0
36,NAN,0
37,NAN,0
38,NAN,0
39,NAN,0
40,NAN,0
41,NAN,0
42,NAN,0
43,NAN,0
44,NAN,0
45,NAN,0
46,NAN,0
47,NAN,0
48,NAN,0
49,NAN,0
50,NAN,0
51,NAN,0
52,NAN,0
53,NAN,0
54,NAN,0
55,NAN,0
56,NAN,0
57,NAN,0
58,NAN,0
59,NAN,0
60,NAN,0
61,NAN,0
62,NAN,0
63,NAN,0
64,NAN,0
65,NAN,0
66,NAN,0
67,NAN,0
68,NAN,0
69,NAN,0
70,NAN,0
71,NAN,0
72,NAN,0
73,NAN,0
74,NAN,0
75,NAN,0
76,NAN,0
77,NAN,0
78,NAN,0
79,NAN,0
80,NAN,0
81,NAN,0
82,NAN,0
83,NAN,0
84,NAN,0
85,NAN,0
86,NAN,0
87,NAN,0
88,NAN,0
89,NAN,0
90,NAN,0
91,NAN,0
92,NAN,0
93,NAN,0
94,NAN,0
95,NAN,0
96,NAN,0
97,NAN,0
98,NAN,0
99,NAN,0
100,NAN,0
NAN,NAN,NAN
1,0.992368,148885
2,0.987572,148761
3,0.98016,148162
4,0.967432,145731
5,0.948145,143387
6,0.917138,137778
7,0.873071,129830
8,0.809259,118932
9,0.724257,104414
10,0.618311,86477
11,0.499091,63959
12,0.381266,43032
13,0.2832,25665
14,0.200267,13799
15,0.132227,6438
16,0.094216,2761
17,0.0562881,969
18,0.0424377,344
19,0.00977696,32
20,0,0
21,NAN,0
22,NAN,0
23,NAN,0
24,NAN,0
25,NAN,0
26,NAN,0
27,NAN,0
28,NAN,0
29,NAN,0
30,NAN,0
31,NAN,0
32,NAN,0
33,NAN,0
34,NAN,0
35,NAN,0
36,NAN,0
37,NAN,0
38,NAN,0
39,NAN,0
40,NAN,0
41,NAN,0
42,NAN,0
43,NAN,0
44,NAN,0
45,NAN,0
46,NAN,0
47,NAN,0
48,NAN,0
49,NAN,0
50,NAN,0
51,NAN,0
52,NAN,0
53,NAN,0
54,NAN,0
55,NAN,0
56,NAN,0
57,NAN,0
58,NAN,0
59,NAN,0
60,NAN,0
61,NAN,0
62,NAN,0
63,NAN,0
64,NAN,0
65,NAN,0
66,NAN,0
67,NAN,0
68,NAN,0
69,NAN,0
70,NAN,0
71,NAN,0
72,NAN,0
73,NAN,0
74,NAN,0
75,NAN,0
76,NAN,0
77,NAN,0
78,NAN,0
79,NAN,0
80,NAN,0
81,NAN,0
82,NAN,0
83,NAN,0
84,NAN,0
85,NAN,0
86,NAN,0
87,NAN,0
88,NAN,0
89,NAN,0
90,NAN,0
91,NAN,0
92,NAN,0
93,NAN,0
94,NAN,0
95,NAN,0
96,NAN,0
97,NAN,0
98,NAN,0
99,NAN,0
100,NAN,0
NAN,NAN,NAN
1,0.992401,148872
2,0.987248,148953
3,0.979891,149014
4,0.966896,146155
5,0.94874,142533
6,0.918292,138124
7,0.874194,129872
8,0.810919,120685
9,0.728285,106058
10,0.624372,87005
11,0.509852,65930
12,0.393783,45135
13,0.28599,26934
14,0.203164,14150
15,0.136469,6558
16,0.0958798,2860
17,0.0563504,965
18,0.0236065,191
19,0.0660426,127
20,0.0292463,26
21,0,0
22,NAN,0
23,NAN,0
24,NAN,0
25,NAN,0
26,NAN,0
27,NAN,0
28,NAN,0
29,NAN,0
30,NAN,0
31,NAN,0
32,NAN,0
33,NAN,0
34,NAN,0
35,NAN,0
36,NAN,0
37,NAN,0
38,NAN,0
39,NAN,0
40,NAN,0
41,NAN,0
42,NAN,0
43,NAN,0
44,NAN,0
45,NAN,0
46,NAN,0
47,NAN,0
48,NAN,0
49,NAN,0
50,NAN,0
51,NAN,0
52,NAN,0
53,NAN,0
54,NAN,0
55,NAN,0
56,NAN,0
57,NAN,0
58,NAN,0
59,NAN,0
60,NAN,0
61,NAN,0
62,NAN,0
63,NAN,0
64,NAN,0
65,NAN,0
66,NAN,0
67,NAN,0
68,NAN,0
69,NAN,0
70,NAN,0
71,NAN,0
72,NAN,0
73,NAN,0
74,NAN,0
75,NAN,0
76,NAN,0
77,NAN,0
78,NAN,0
79,NAN,0
80,NAN,0
81,NAN,0
82,NAN,0
83,NAN,0
84,NAN,0
85,NAN,0
86,NAN,0
87,NAN,0
88,NAN,0
89,NAN,0
90,NAN,0
91,NAN,0
92,NAN,0
93,NAN,0
94,NAN,0
95,NAN,0
96,NAN,0
97,NAN,0
98,NAN,0
99,NAN,0
100,NAN,0
NAN,NAN,NAN
1,0.989956,148332
2,0.983597,148116
3,0.973505,146161
4,0.957632,143279
5,0.934221,139752
6,0.897085,135284
7,0.843515,125531
8,0.773298,113381
9,0.681316,96661
10,0.573863,78248
11,0.456881,56719
12,0.340389,36135
13,0.241152,20141
14,0.162192,9750
15,0.10628,4104
16,0.069241,1456
17,0.0449931,492
18,0.0535941,211
19,0.0379128,93
20,0.00636943,6
21,0,0
22,NAN,0
23,NAN,0
24,NAN,0
25,NAN,0
26,NAN,0
27,NAN,0
28,NAN,0
29,NAN,0
30,NAN,0
31,NAN,0
32,NAN,0
33,NAN,0
34,NAN,0
35,NAN,0
36,NAN,0
37,NAN,0
38,NAN,0
39,NAN,0
40,NAN,0
41,NAN,0
42,NAN,0
43,NAN,0
44,NAN,0
45,NAN,0
46,NAN,0
47,NAN,0
48,NAN,0
49,NAN,0
50,NAN,0
51,NAN,0
52,NAN,0
53,NAN,0
54,NAN,0
55,NAN,0
56,NAN,0
57,NAN,0
58,NAN,0
59,NAN,0
60,NAN,0
61,NAN,0
62,NAN,0
63,NAN,0
64,NAN,0
65,NAN,0
66,NAN,0
67,NAN,0
68,NAN,0
69,NAN,0
70,NAN,0
71,NAN,0
72,NAN,0
73,NAN,0
74,NAN,0
75,NAN,0
76,NAN,0
77,NAN,0
78,NAN,0
79,NAN,0
80,NAN,0
81,NAN,0
82,NAN,0
83,NAN,0
84,NAN,0
85,NAN,0
86,NAN,0
87,NAN,0
88,NAN,0
89,NAN,0
90,NAN,0
91,NAN,0
92,NAN,0
93,NAN,0
94,NAN,0
95,NAN,0
96,NAN,0
97,NAN,0
98,NAN,0
99,NAN,0
100,NAN,0
NAN,NAN,NAN
1,0.99027,149398
2,0.983786,147990
3,0.975302,145910
4,0.961684,143717
5,0.939283,140187
6,0.904302,134523
7,0.855355,127163
8,0.786874,114871
9,0.693996,99841
10,0.586607,79866
11,0.463437,57938
12,0.346645,37437
13,0.254583,21152
14,0.17448,10704
15,0.113327,4659
16,0.0673454,1614
17,0.0365699,432
18,0.0333016,140
19,0.0044843,7
20,0,0
21,NAN,0
22,NAN,0
23,NAN,0
24,NAN,0
25,NAN,0
26,NAN,0
27,NAN,0
28,NAN,0
29,NAN,0
30,NAN,0
31,NAN,0
32,NAN,0
33,NAN,0
34,NAN,0
35,NAN,0
36,NAN,0
37,NAN,0
38,NAN,0
39,NAN,0
40,NAN,0
41,NAN,0
42,NAN,0
43,NAN,0
44,NAN,0
45,NAN,0
46,NAN,0
47,NAN,0
48,NAN,0
49,NAN,0
50,NAN,0
51,NAN,0
52,NAN,0
53,NAN,0
54,NAN,0
55,NAN,0
56,NAN,0
57,NAN,0
58,NAN,0
59,NAN,0
60,NAN,0
61,NAN,0
62,NAN,0
63,NAN,0
64,NAN,0
65,NAN,0
66,NAN,0
67,NAN,0
68,NAN,0
69,NAN,0
70,NAN,0
71,NAN,0
72,NAN,0
73,NAN,0
74,NAN,0
75,NAN,0
76,NAN,0
77,NAN,0
78,NAN,0
79,NAN,0
80,NAN,0
81,NAN,0
82,NAN,0
83,NAN,0
84,NAN,0
85,NAN,0
86,NAN,0
87,NAN,0
88,NAN,0
89,NAN,0
90,NAN,0
91,NAN,0
92,NAN,0
93,NAN,0
94,NAN,0
95,NAN,0
96,NAN,0
97,NAN,0
98,NAN,0
99,NAN,0
100,NAN,0
NAN,NAN,NAN
1,0.990174,147225
2,0.984097,147586
3,0.97446,146663
4,0.960336,143747
5,0.935486,139756
6,0.901662,133914
7,0.852498,125966
8,0.779944,114995
9,0.685954,98540
10,0.578416,78579
11,0.458553,56767
12,0.343528,36427
13,0.243957,20257
14,0.162166,9746
15,0.104134,3952
16,0.0695081,1440
17,0.0480023,507
18,0.026393,117
19,0.00391645,6
20,0,0
21,NAN,0
22,NAN,0
23,NAN,0
24,NAN,0
25,NAN,0
26,NAN,0
27,NAN,0
28,NAN,0
29,NAN,0
30,NAN,0
31,NAN,0
32,NAN,0
33,NAN,0
34,NAN,0
35,NAN,0
36,NAN,0
37,NAN,0
38,NAN,0
39,NAN,0
40,NAN,0
41,NAN,0
42,NAN,0
43,NAN,0
44,NAN,0
45,NAN,0
46,NAN,0
47,NAN,0
48,NAN,0
49,NAN,0
50,NAN,0
51,NAN,0
52,NAN,0
53,NAN,0
54,NAN,0
55,NAN,0
56,NAN,0
57,NAN,0
58,NAN,0
59,NAN,0
60,NAN,0
61,NAN,0
62,NAN,0
63,NAN,0
64,NAN,0
65,NAN,0
66,NAN,0
67,NAN,0
68,NAN,0
69,NAN,0
70,NAN,0
71,NAN,0
72,NAN,0
73,NAN,0
74,NAN,0
75,NAN,0
76,NAN,0
77,NAN,0
78,NAN,0
79,NAN,0
80,NAN,0
81,NAN,0
82,NAN,0
83,NAN,0
84,NAN,0
85,NAN,0
86,NAN,0
87,NAN,0
88,NAN,0
89,NAN,0
90,NAN,0
91,NAN,0
92,NAN,0
93,NAN,0
94,NAN,0
95,NAN,0
96,NAN,0
97,NAN,0
98,NAN,0
99,NAN,0
100,NAN,0
NAN,NAN,NAN
1,0.990579,146995
2,0.984243,146415
3,0.975177,145000
4,0.960823,145237
5,0.940136,141261
6,0.907166,136396
7,0.858416,127552
8,0.790112,115629
9,0.702659,101530
10,0.594819,82210
11,0.475545,60302
12,0.358698,39154
13,0.263666,22867
14,0.17767,11515
15,0.112787,4770
16,0.0644392,1595
17,0.0232093,267
18,0.003367,9
19,0,0
20,NAN,0
21,NAN,0
22,NAN,0
23,NAN,0
24,NAN,0
25,NAN,0
26,NAN,0
27,NAN,0
28,NAN,0
29,NAN,0
30,NAN,0
31,NAN,0
32,NAN,0
33,NAN,0
34,NAN,0
35,NAN,0
36,NAN,0
37,NAN,0
38,NAN,0
39,NAN,0
40,NAN,0
41,NAN,0
42,NAN,0
43,NAN,0
44,NAN,0
45,NAN,0
46,NAN,0
47,NAN,0
48,NAN,0
49,NAN,0
50,NAN,0
51,NAN,0
52,NAN,0
53,NAN,0
54,NAN,0
55,NAN,0
56,NAN,0
57,NAN,0
58,NAN,0
59,NAN,0
60,NAN,0
61,NAN,0
62,NAN,0
63,NAN,0
64,NAN,0
65,NAN,0
66,NAN,0
67,NAN,0
68,NAN,0
69,NAN,0
70,NAN,0
71,NAN,0
72,NAN,0
73,NAN,0
74,NAN,0
75,NAN,0
76,NAN,0
77,NAN,0
78,NAN,0
79,NAN,0
80,NAN,0
81,NAN,0
82,NAN,0
83,NAN,0
84,NAN,0
85,NAN,0
86,NAN,0
87,NAN,0
88,NAN,0
89,NAN,0
90,NAN,0
91,NAN,0
92,NAN,0
93,NAN,0
94,NAN,0
95,NAN,0
96,NAN,0
97,NAN,0
98,NAN,0
99,NAN,0
100,NAN,0
NAN,NAN,NAN
1,0.990054,148411
2,0.983613,148021
3,0.974194,145982
4,0.958732,143920
5,0.934047,139852
6,0.89844,134757
7,0.845464,125844
8,0.771233,112502
9,0.675662,96748
10,0.564898,76542
11,0.449534,55116
12,0.336386,35001
13,0.242021,19595
14,0.166984,9824
15,0.104803,4168
16,0.0543582,1198
17,0.0307709,279
18,0.0165663,44
19,0,0
20,NAN,0
21,NAN,0
22,NAN,0
23,NAN,0
24,NAN,0
25,NAN,0
26,NAN,0
27,NAN,0
28,NAN,0
29,NAN,0
30,NAN,0
31,NAN,0
32,NAN,0
33,NAN,0
34,NAN,0
35,NAN,0
36,NAN,0
37,NAN,0
38,NAN,0
39,NAN,0
40,NAN,0
41,NAN,0
42,NAN,0
43,NAN,0
44,NAN,0
45,NAN,0
46,NAN,0
47,NAN,0
48,NAN,0
49,NAN,0
50,NAN,0
51,NAN,0
52,NAN,0
53,NAN,0
54,NAN,0
55,NAN,0
56,NAN,0
57,NAN,0
58,NAN,0
59,NAN,0
60,NAN,0
61,NAN,0
62,NAN,0
63,NAN,0
64,NAN,0
65,NAN,0
66,NAN,0
67,NAN,0
68,NAN,0
69,NAN,0
70,NAN,0
71,NAN,0
72,NAN,0
73,NAN,0
74,NAN,0
75,NAN,0
76,NAN,0
77,NAN,0
78,NAN,0
79,NAN,0
80,NAN,0
81,NAN,0
82,NAN,0
83,NAN,0
84,NAN,0
85,NAN,0
86,NAN,0
87,NAN,0
88,NAN,0
89,NAN,0
90,NAN,0
91,NAN,0
92,NAN,0
93,NAN,0
94,NAN,0
95,NAN,0
96,NAN,0
97,NAN,0
98,NAN,0
99,NAN,0
100,NAN,0
NAN,NAN,NAN
1,0.990084,149370
2,0.983196,146980
3,0.97412,146229
4,0.958514,143778
5,0.933501,138793
6,0.89537,133009
7,0.840075,124384
8,0.762368,111340
9,0.665607,94652
10,0.556927,73976
11,0.440289,53389
12,0.331247,34191
13,0.233493,19004
14,0.157466,9131
15,0.0973886,3625
16,0.0608832,1238
17,0.0360234,333
18,0.0392727,108
19,0.0237358,23
20,0,0
21,NAN,0
22,NAN,0
23,NAN,0
24,NAN,0
25,NAN,0
26,NAN,0
27,NAN,0
28,NAN,0
29,NAN,0
30,NAN,0
31,NAN,0
32,NAN,0
33,NAN,0
34,NAN,0
35,NAN,0
36,NAN,0
37,NAN,0
38,NAN,0
39,NAN,0
40,NAN,0
41,NAN,0
42,NAN,0
43,NAN,0
44,NAN,0
45,NAN,0
46,NAN,0
47,NAN,0
48,NAN,0
49,NAN,0
50,NAN,0
51,NAN,0
52,NAN,0
53,NAN,0
54,NAN,0
55,NAN,0
56,NAN,0
57,NAN,0
58,NAN,0
59,NAN,0
60,NAN,0
61,NAN,0
62,NAN,0
63,NAN,0
64,NAN,0
65,NAN,0
66,NAN,0
67,NAN,0
68,NAN,0
69,NAN,0
70,NAN,0
71,NAN,0
72,NAN,0
73,NAN,0
74,NAN,0
75,NAN,0
76,NAN,0
77,NAN,0
78,NAN,0
79,NAN,0
80,NAN,0
81,NAN,0
82,NAN,0
83,NAN,0
84,NAN,0
85,NAN,0
86,NAN,0
87,NAN,0
88,NAN,0
89,NAN,0
90,NAN,0
91,NAN,0
92,NAN,0
93,NAN,0
94,NAN,0
95,NAN,0
96,NAN,0
97,NAN,0
98,NAN,0
99,NAN,0
100,NAN,0
NAN,NAN,NAN
1,0.990094,148723
2,0.983724,148197
3,0.97403,146875
4,0.957916,144950
5,0.932711,140206
6,0.896352,135230
7,0.842849,125410
8,0.766911,113433
9,0.671212,95845
10,0.556644,75201
11,0.439453,53212
12,0.328571,33487
13,0.233997,18607
14,0.154278,8910
15,0.103628,3742
16,0.0690701,1412
17,0.0416188,435
18,0.00641466,28
19,0,0
20,NAN,0
21,NAN,0
22,NAN,0
23,NAN,0
24,NAN,0
25,NAN,0
26,NAN,0
27,NAN,0
28,NAN,0
29,NAN,0
30,NAN,0
31,NAN,0
32,NAN,0
33,NAN,0
34,NAN,0
35,NAN,0
36,NAN,0
37,NAN,0
38,NAN,0
39,NAN,0
40,NAN,0
41,NAN,0
42,NAN,0
43,NAN,0
44,NAN,0
45,NAN,0
46,NAN,0
47,NAN,0
48,NAN,0
49,NAN,0
50,NAN,0
51,NAN,0
52,NAN,0
53,NAN,0
54,NAN,0
55,NAN,0
56,NAN,0
57,NAN,0
58,NAN,0
59,NAN,0
60,NAN,0
61,NAN,0
62,NAN,0
63,NAN,0
64,NAN,0
65,NAN,0
66,NAN,0
67,NAN,0
68,NAN,0
69,NAN,0
70,NAN,0
71,NAN,0
72,NAN,0
73,NAN,0
74,NAN,0
75,NAN,0
76,NAN,0
77,NAN,0
78,NAN,0
79,NAN,0
80,NAN,0
81,NAN,0
82,NAN,0
83,NAN,0
84,NAN,0
85,NAN,0
86,NAN,0
87,NAN,0
88,NAN,0
89,NAN,0
90,NAN,0
91,NAN,0
92,NAN,0
93,NAN,0
94,NAN,0
95,NAN,0
96,NAN,0
97,NAN,0
98,NAN,0
99,NAN,0
100,NAN,0
NAN,NAN,NAN
1,0.99003,148460
2,0.982579,147545
3,0.972761,144774
4,0.956519,142837
5,0.931898,140370
6,0.895841,134034
7,0.842424,124549
8,0.767691,112416
9,0.672999,96072
10,0.562564,75702
11,0.44481,54713
12,0.331597,34502
13,0.238351,19100
14,0.160051,9290
15,0.101914,3856
16,0.073913,1547
17,0.0473863,543
18,0.0156219,80
19,0.0055918,6
20,0,0
21,NAN,0
22,NAN,0
23,NAN,0
24,NAN,0
25,NAN,0
26,NAN,0
27,NAN,0
28,NAN,0
29,NAN,0
30,NAN,0
31,NAN,0
32,NAN,0
33,NAN,0
34,NAN,0
35,NAN,0
36,NAN,0
37,NAN,0
38,NAN,0
39,NAN,0
40,NAN,0
41,NAN,0
42,NAN,0
43,NAN,0
44,NAN,0
45,NAN,0
46,NAN,0
47,NAN,0
48,NAN,0
49,NAN,0
50,NAN,0
51,NAN,0
52,NAN,0
53,NAN,0
54,NAN,0
55,NAN,0
56,NAN,0
57,NAN,0
58,NAN,0
59,NAN,0
60,NAN,0
61,NAN,0
62,NAN,0
63,NAN,0
64,NAN,0
65,NAN,0
66,NAN,0
67,NAN,0
68,NAN,0
69,NAN,0
70,NAN,0
71,NAN,0
72,NAN,0
73,NAN,0
74,NAN,0
75,NAN,0
76,NAN,0
77,NAN,0
78,NAN,0
79,NAN,0
80,NAN,0
81,NAN,0
82,NAN,0
83,NAN,0
84,NAN,0
85,NAN,0
86,NAN,0
87,NAN,0
88,NAN,0
89,NAN,0
90,NAN,0
91,NAN,0
92,NAN,0
93,NAN,0
94,NAN,0
95,NAN,0
96,NAN,0
97,NAN,0
98,NAN,0
99,NAN,0
100,NAN,0
NAN,NAN,NAN
1,0.98994,150063
2,0.983298,148182
3,0.973679,145824
4,0.958774,143539
5,0.934237,140811
6,0.897396,133476
7,0.845688,125369
8,0.770352,112852
9,0.676911,96212
10,0.566917,76701
11,0.448716,55442
12,0.329112,34668
13,0.232063,18792
14,0.160295,9006
15,0.106454,3886
16,0.0755152,1605
17,0.0407689,456
18,0.0308067,139
19,0.045389,63
20,0,0
21,NAN,0
22,NAN,0
23,NAN,0
24,NAN,0
25,NAN,0
26,NAN,0
27,NAN,0
28,NAN,0
29,NAN,0
30,NAN,0
31,NAN,0
32,NAN,0
33,NAN,0
34,NAN,0
35,NAN,0
36,NAN,0
37,NAN,0
38,NAN,0
39,NAN,0
40,NAN,0
41,NAN,0
42,NAN,0
43,NAN,0
44,NAN,0
45,NAN,0
46,NAN,0
47,NAN,0
48,NAN,0
49,NAN,0
50,NAN,0
51,NAN,0
52,NAN,0
53,NAN,0
54,NAN,0
55,NAN,0
56,NAN,0
57,NAN,0
58,NAN,0
59,NAN,0
60,NAN,0
61,NAN,0
62,NAN,0
63,NAN,0
64,NAN,0
65,NAN,0
66,NAN,0
67,NAN,0
68,NAN,0
69,NAN,0
70,NAN,0
71,NAN,0
72,NAN,0
73,NAN,0
74,NAN,0
75,NAN,0
76,NAN,0
77,NAN,0
78,NAN,0
79,NAN,0
80,NAN,0
81,NAN,0
82,NAN,0
83,NAN,0
84,NAN,0
85,NAN,0
86,NAN,0
87,NAN,0
88,NAN,0
89,NAN,0
90,NAN,0
91,NAN,0
92,NAN,0
93,NAN,0
94,NAN,0
95,NAN,0
96,NAN,0
97,NAN,0
98,NAN,0
99,NAN,0
100,NAN,0
NAN,NAN,NAN
1,0.989903,147946
2,0.984224,147795
3,0.974781,147228
4,0.95964,143969
5,0.936845,139410
6,0.900461,133868
7,0.846038,125036
8,0.771955,113079
9,0.679148,97220
10,0.568665,77372
11,0.44585,54918
12,0.338388,34968
13,0.243347,19924
14,0.165059,9837
15,0.108154,4247
16,0.070894,1601
17,0.0400543,472
18,0.030914,138
19,0.0876206,109
20,0.0746888,72
21,0.0102249,10
22,0,0
23,NAN,0
24,NAN,0
25,NAN,0
26,NAN,0
27,NAN,0
28,NAN,0
29,NAN,0
30,NAN,0
31,NAN,0
32,NAN,0
33,NAN,0
34,NAN,0
35,NAN,0
36,NAN,0
37,NAN,0
38,NAN,0
39,NAN,0
40,NAN,0
41,NAN,0
42,NAN,0
43,NAN,0
44,NAN,0
45,NAN,0
46,NAN,0
47,NAN,0
48,NAN,0
49,NAN,0
50,NAN,0
51,NAN,0
52,NAN,0
53,NAN,0
54,NAN,0
55,NAN,0
56,NAN,0
57,NAN,0
58,NAN,0
59,NAN,0
60,NAN,0
61,NAN,0
62,NAN,0
63,NAN,0
64,NAN,0
65,NAN,0
66,NAN,0
67,NAN,0
68,NAN,0
69,NAN,0
70,NAN,0
71,NAN,0
72,NAN,0
73,NAN,0
74,NAN,0
75,NAN,0
76,NAN,0
77,NAN,0
78,NAN,0
79,NAN,0
80,NAN,0
81,NAN,0
82,NAN,0
83,NAN,0
84,NAN,0
85,NAN,0
86,NAN,0
87,NAN,0
88,NAN,0
89,NAN,0
90,NAN,0
91,NAN,0
92,NAN,0
93,NAN,0
94,NAN,0
95,NAN,0
96,NAN,0
97,NAN,0
98,NAN,0
99,NAN,0
100,NAN,0
NAN,NAN,NAN
