Generation,New_Num_Wild_Gene_Frequency,Wild_Type_Gene_Frequency,New_Num_Wild_Gene,Num_Wild_Gene
1,0.997476,0.99663,200347,149954
2,0.996121,0.994842,199274,149672
3,0.995561,0.994081,201402,150828
4,0.994162,0.992237,199238,149539
5,0.992806,0.990427,200648,150437
6,0.990864,0.987864,199453,149691
7,0.988526,0.984751,199971,149889
8,0.984899,0.979976,199643,149809
9,0.980917,0.974711,199956,149934
10,0.975168,0.967113,198790,148859
11,0.969692,0.959903,198145,148259
12,0.960368,0.947896,196739,147703
13,0.949857,0.934115,198786,148783
14,0.93619,0.916551,197038,147507
15,0.920884,0.896899,196664,146982
16,0.898916,0.869215,195009,145743
17,0.875259,0.839379,194108,144567
18,0.845804,0.803421,189922,141509
19,0.811226,0.761533,188774,140282
20,0.772237,0.715969,184594,137239
21,0.727025,0.664077,179568,133285
22,0.678014,0.608579,174613,128928
23,0.623917,0.551316,167271,123890
24,0.568329,0.491791,160363,117868
25,0.50691,0.431668,148561,109761
26,0.455079,0.37896,141291,103237
27,0.397986,0.326539,127552,93551
28,0.343217,0.277035,115608,84773
29,0.296792,0.235147,103799,75611
30,0.251786,0.196899,91083,66360
31,0.212273,0.164027,78932,57472
32,0.179296,0.13674,68839,49912
33,0.148772,0.113091,58253,42500
34,0.12301,0.0924917,49400,35895
35,0.100658,0.0751152,40887,29669
36,0.0831413,0.0614961,34196,24710
37,0.0684622,0.0503191,28493,20542
38,0.0535288,0.0399978,22517,16588
39,0.0435374,0.0318246,18541,13389
40,0.0369476,0.0266177,15841,11291
41,0.0308801,0.0223392,13298,9536
42,0.0240298,0.0175136,10344,7489
43,0.0177703,0.0131532,7680,5658
44,0.0132374,0.00989863,5747,4283
45,0.013908,0.00943685,6067,4098
46,0.0103755,0.00749836,4524,3260
47,0.00871232,0.00628648,3808,2741
48,0.0111858,0.00701091,4898,3057
49,0.00511254,0.00429465,2222,1865
50,0.00488177,0.00347689,2140,1522
51,0.00239769,0.00207503,1053,911
52,0.00460837,0.00281155,2023,1232
53,0.00135292,0.00135292,591,591
54,NAN,NAN,0,0
55,NAN,NAN,0,0
56,NAN,NAN,0,0
57,NAN,NAN,0,0
58,NAN,NAN,0,0
59,NAN,NAN,0,0
60,NAN,NAN,0,0
61,NAN,NAN,0,0
62,NAN,NAN,0,0
63,NAN,NAN,0,0
64,NAN,NAN,0,0
65,NAN,NAN,0,0
66,NAN,NAN,0,0
67,NAN,NAN,0,0
68,NAN,NAN,0,0
69,NAN,NAN,0,0
70,NAN,NAN,0,0
71,NAN,NAN,0,0
72,NAN,NAN,0,0
73,NAN,NAN,0,0
74,NAN,NAN,0,0
75,NAN,NAN,0,0
76,NAN,NAN,0,0
77,NAN,NAN,0,0
78,NAN,NAN,0,0
79,NAN,NAN,0,0
80,NAN,NAN,0,0
81,NAN,NAN,0,0
82,NAN,NAN,0,0
83,NAN,NAN,0,0
84,NAN,NAN,0,0
85,NAN,NAN,0,0
86,NAN,NAN,0,0
87,NAN,NAN,0,0
88,NAN,NAN,0,0
89,NAN,NAN,0,0
90,NAN,NAN,0,0
91,NAN,NAN,0,0
92,NAN,NAN,0,0
93,NAN,NAN,0,0
94,NAN,NAN,0,0
95,NAN,NAN,0,0
96,NAN,NAN,0,0
97,NAN,NAN,0,0
98,NAN,NAN,0,0
99,NAN,NAN,0,0
100,NAN,NAN,0,0
101,NAN,NAN,0,0
102,NAN,NAN,0,0
103,NAN,NAN,0,0
104,NAN,NAN,0,0
105,NAN,NAN,0,0
106,NAN,NAN,0,0
107,NAN,NAN,0,0
108,NAN,NAN,0,0
109,NAN,NAN,0,0
110,NAN,NAN,0,0
111,NAN,NAN,0,0
112,NAN,NAN,0,0
113,NAN,NAN,0,0
114,NAN,NAN,0,0
115,NAN,NAN,0,0
116,NAN,NAN,0,0
117,NAN,NAN,0,0
118,NAN,NAN,0,0
119,NAN,NAN,0,0
120,NAN,NAN,0,0
121,NAN,NAN,0,0
122,NAN,NAN,0,0
123,NAN,NAN,0,0
124,NAN,NAN,0,0
125,NAN,NAN,0,0
126,NAN,NAN,0,0
127,NAN,NAN,0,0
128,NAN,NAN,0,0
129,NAN,NAN,0,0
130,NAN,NAN,0,0
131,NAN,NAN,0,0
132,NAN,NAN,0,0
133,NAN,NAN,0,0
134,NAN,NAN,0,0
135,NAN,NAN,0,0
136,NAN,NAN,0,0
137,NAN,NAN,0,0
138,NAN,NAN,0,0
139,NAN,NAN,0,0
140,NAN,NAN,0,0
141,NAN,NAN,0,0
142,NAN,NAN,0,0
143,NAN,NAN,0,0
144,NAN,NAN,0,0
145,NAN,NAN,0,0
146,NAN,NAN,0,0
147,NAN,NAN,0,0
148,NAN,NAN,0,0
149,NAN,NAN,0,0
150,NAN,NAN,0,0
NAN,NAN,NAN,NAN,NAN
1,0.996171,0.994888,200595,150038
2,0.994344,0.992486,198145,148861
3,0.99326,0.991016,200857,150352
4,0.990676,0.987618,198478,148994
5,0.988679,0.984953,200858,150551
6,0.984801,0.979824,199371,149432
7,0.980498,0.9741,200457,149951
8,0.975163,0.96712,198044,148364
9,0.969422,0.959554,199511,149298
10,0.960557,0.948032,198017,148331
11,0.948976,0.933068,198095,148480
12,0.935393,0.91562,196528,147293
13,0.917637,0.892874,196644,147110
14,0.895948,0.865371,194600,145269
15,0.8694,0.832517,192925,144057
16,0.839056,0.795346,190563,142056
17,0.803253,0.752118,187415,139284
18,0.763809,0.705868,184252,136733
19,0.720299,0.656345,179912,133429
20,0.668934,0.600135,173611,128957
21,0.617947,0.544551,168304,124413
22,0.55974,0.48543,158215,117396
23,0.505734,0.429191,151348,111218
24,0.448314,0.374159,138814,102126
25,0.392565,0.321536,127645,93604
26,0.343908,0.277111,115917,84772
27,0.294784,0.233578,102957,75065
28,0.253565,0.197911,91389,66381
29,0.212106,0.164436,78903,57680
30,0.180169,0.137398,68898,49937
31,0.148904,0.112845,58470,42510
32,0.12485,0.0933265,49903,36006
33,0.101505,0.0762122,41163,30060
34,0.0813983,0.0606845,33527,24444
35,0.0681689,0.0503452,28519,20667
36,0.0563127,0.0412847,23635,17056
37,0.0446396,0.0331956,18973,13942
38,0.0380487,0.0276086,16277,11684
39,0.0314236,0.0230258,13475,9789
40,0.0241587,0.0181145,10412,7759
41,0.0209786,0.0151054,9115,6524
42,0.0172952,0.0124542,7522,5390
43,0.0155579,0.0108645,6761,4699
44,0.013178,0.0094142,5740,4085
45,0.00987457,0.00721168,4311,3140
46,0.0103863,0.00706306,4537,3075
47,0.0071043,0.00528642,3106,2307
48,0.00490926,0.00371388,2144,1620
49,0.00475272,0.00339422,2085,1487
50,0.00330157,0.0024862,1446,1088
51,0.00258629,0.00192337,1137,845
52,0.00092982,0.00092982,409,409
53,NAN,NAN,0,0
54,NAN,NAN,0,0
55,NAN,NAN,0,0
56,NAN,NAN,0,0
57,NAN,NAN,0,0
58,NAN,NAN,0,0
59,NAN,NAN,0,0
60,NAN,NAN,0,0
61,NAN,NAN,0,0
62,NAN,NAN,0,0
63,NAN,NAN,0,0
64,NAN,NAN,0,0
65,NAN,NAN,0,0
66,NAN,NAN,0,0
67,NAN,NAN,0,0
68,NAN,NAN,0,0
69,NAN,NAN,0,0
70,NAN,NAN,0,0
71,NAN,NAN,0,0
72,NAN,NAN,0,0
73,NAN,NAN,0,0
74,NAN,NAN,0,0
75,NAN,NAN,0,0
76,NAN,NAN,0,0
77,NAN,NAN,0,0
78,NAN,NAN,0,0
79,NAN,NAN,0,0
80,NAN,NAN,0,0
81,NAN,NAN,0,0
82,NAN,NAN,0,0
83,NAN,NAN,0,0
84,NAN,NAN,0,0
85,NAN,NAN,0,0
86,NAN,NAN,0,0
87,NAN,NAN,0,0
88,NAN,NAN,0,0
89,NAN,NAN,0,0
90,NAN,NAN,0,0
91,NAN,NAN,0,0
92,NAN,NAN,0,0
93,NAN,NAN,0,0
94,NAN,NAN,0,0
95,NAN,NAN,0,0
96,NAN,NAN,0,0
97,NAN,NAN,0,0
98,NAN,NAN,0,0
99,NAN,NAN,0,0
100,NAN,NAN,0,0
101,NAN,NAN,0,0
102,NAN,NAN,0,0
103,NAN,NAN,0,0
104,NAN,NAN,0,0
105,NAN,NAN,0,0
106,NAN,NAN,0,0
107,NAN,NAN,0,0
108,NAN,NAN,0,0
109,NAN,NAN,0,0
110,NAN,NAN,0,0
111,NAN,NAN,0,0
112,NAN,NAN,0,0
113,NAN,NAN,0,0
114,NAN,NAN,0,0
115,NAN,NAN,0,0
116,NAN,NAN,0,0
117,NAN,NAN,0,0
118,NAN,NAN,0,0
119,NAN,NAN,0,0
120,NAN,NAN,0,0
121,NAN,NAN,0,0
122,NAN,NAN,0,0
123,NAN,NAN,0,0
124,NAN,NAN,0,0
125,NAN,NAN,0,0
126,NAN,NAN,0,0
127,NAN,NAN,0,0
128,NAN,NAN,0,0
129,NAN,NAN,0,0
130,NAN,NAN,0,0
131,NAN,NAN,0,0
132,NAN,NAN,0,0
133,NAN,NAN,0,0
134,NAN,NAN,0,0
135,NAN,NAN,0,0
136,NAN,NAN,0,0
137,NAN,NAN,0,0
138,NAN,NAN,0,0
139,NAN,NAN,0,0
140,NAN,NAN,0,0
141,NAN,NAN,0,0
142,NAN,NAN,0,0
143,NAN,NAN,0,0
144,NAN,NAN,0,0
145,NAN,NAN,0,0
146,NAN,NAN,0,0
147,NAN,NAN,0,0
148,NAN,NAN,0,0
149,NAN,NAN,0,0
150,NAN,NAN,0,0
NAN,NAN,NAN,NAN,NAN
1,0.995063,0.993416,201751,151028
2,0.992635,0.990216,198672,149182
3,0.99147,0.988627,199694,149343
4,0.988788,0.985119,198950,149347
5,0.985498,0.98078,200068,150231
6,0.981513,0.975507,200264,150233
7,0.97656,0.969003,198476,148926
8,0.97024,0.960653,200306,150007
9,0.962999,0.951299,198686,149118
10,0.954782,0.940494,199286,149167
11,0.943208,0.925483,197172,147448
12,0.928355,0.906286,195337,145787
13,0.910073,0.883395,194286,145444
14,0.887623,0.855046,194574,145309
15,0.859664,0.820497,191810,143125
16,0.83028,0.784306,190609,141677
17,0.791658,0.738896,185563,138198
18,0.751968,0.69218,183766,136300
19,0.703304,0.63776,177722,131999
20,0.653502,0.581869,172850,127537
21,0.59571,0.521882,163564,121167
22,0.542509,0.465479,157331,115538
23,0.484809,0.40884,145528,106953
24,0.427369,0.353926,134092,98425
25,0.370595,0.301718,121724,89326
26,0.319506,0.255451,109657,80130
27,0.273432,0.215751,97229,71076
28,0.234221,0.182102,86266,62796
29,0.195989,0.15096,73672,53736
30,0.164436,0.12536,63898,46537
31,0.134552,0.101823,53272,38845
32,0.113964,0.0848585,46088,33226
33,0.0907934,0.0680205,37250,27225
34,0.0799214,0.0584578,33250,23766
35,0.0630907,0.0470819,26367,19346
36,0.0541381,0.0394531,22869,16411
37,0.0445981,0.0325358,18969,13666
38,0.0367455,0.026897,15790,11441
39,0.0302377,0.0219036,12999,9336
40,0.0247556,0.0180045,10673,7709
41,0.0219196,0.0154742,9472,6643
42,0.0169238,0.0122988,7355,5320
43,0.0121704,0.00919946,5313,4004
44,0.0123002,0.00842439,5378,3669
45,0.00726391,0.00573226,3164,2493
46,0.00724323,0.00492253,3171,2150
47,0.00602646,0.00431236,2643,1888
48,0.00283099,0.00246631,1239,1079
49,0.00424921,0.00274454,1870,1206
50,0.00391861,0.00259151,1717,1134
51,0.00223239,0.00179035,978,784
52,0.00349717,0.002194,1537,963
53,0.00115454,0.00115454,505,505
54,NAN,NAN,0,0
55,NAN,NAN,0,0
56,NAN,NAN,0,0
57,NAN,NAN,0,0
58,NAN,NAN,0,0
59,NAN,NAN,0,0
60,NAN,NAN,0,0
61,NAN,NAN,0,0
62,NAN,NAN,0,0
63,NAN,NAN,0,0
64,NAN,NAN,0,0
65,NAN,NAN,0,0
66,NAN,NAN,0,0
67,NAN,NAN,0,0
68,NAN,NAN,0,0
69,NAN,NAN,0,0
70,NAN,NAN,0,0
71,NAN,NAN,0,0
72,NAN,NAN,0,0
73,NAN,NAN,0,0
74,NAN,NAN,0,0
75,NAN,NAN,0,0
76,NAN,NAN,0,0
77,NAN,NAN,0,0
78,NAN,NAN,0,0
79,NAN,NAN,0,0
80,NAN,NAN,0,0
81,NAN,NAN,0,0
82,NAN,NAN,0,0
83,NAN,NAN,0,0
84,NAN,NAN,0,0
85,NAN,NAN,0,0
86,NAN,NAN,0,0
87,NAN,NAN,0,0
88,NAN,NAN,0,0
89,NAN,NAN,0,0
90,NAN,NAN,0,0
91,NAN,NAN,0,0
92,NAN,NAN,0,0
93,NAN,NAN,0,0
94,NAN,NAN,0,0
95,NAN,NAN,0,0
96,NAN,NAN,0,0
97,NAN,NAN,0,0
98,NAN,NAN,0,0
99,NAN,NAN,0,0
100,NAN,NAN,0,0
101,NAN,NAN,0,0
102,NAN,NAN,0,0
103,NAN,NAN,0,0
104,NAN,NAN,0,0
105,NAN,NAN,0,0
106,NAN,NAN,0,0
107,NAN,NAN,0,0
108,NAN,NAN,0,0
109,NAN,NAN,0,0
110,NAN,NAN,0,0
111,NAN,NAN,0,0
112,NAN,NAN,0,0
113,NAN,NAN,0,0
114,NAN,NAN,0,0
115,NAN,NAN,0,0
116,NAN,NAN,0,0
117,NAN,NAN,0,0
118,NAN,NAN,0,0
119,NAN,NAN,0,0
120,NAN,NAN,0,0
121,NAN,NAN,0,0
122,NAN,NAN,0,0
123,NAN,NAN,0,0
124,NAN,NAN,0,0
125,NAN,NAN,0,0
126,NAN,NAN,0,0
127,NAN,NAN,0,0
128,NAN,NAN,0,0
129,NAN,NAN,0,0
130,NAN,NAN,0,0
131,NAN,NAN,0,0
132,NAN,NAN,0,0
133,NAN,NAN,0,0
134,NAN,NAN,0,0
135,NAN,NAN,0,0
136,NAN,NAN,0,0
137,NAN,NAN,0,0
138,NAN,NAN,0,0
139,NAN,NAN,0,0
140,NAN,NAN,0,0
141,NAN,NAN,0,0
142,NAN,NAN,0,0
143,NAN,NAN,0,0
144,NAN,NAN,0,0
145,NAN,NAN,0,0
146,NAN,NAN,0,0
147,NAN,NAN,0,0
148,NAN,NAN,0,0
149,NAN,NAN,0,0
150,NAN,NAN,0,0
NAN,NAN,NAN,NAN,NAN
1,0.99764,0.996852,200791,150431
2,0.996329,0.995113,198943,149258
3,0.995671,0.994237,200331,150273
4,0.994039,0.992066,199094,149289
5,0.99272,0.990322,199094,149400
6,0.990598,0.987517,201133,151014
7,0.988123,0.984214,200998,150628
8,0.984554,0.979528,199197,149519
9,0.980316,0.973904,199359,149391
10,0.974783,0.966689,198074,148698
11,0.968741,0.958698,200632,150274
12,0.96023,0.947654,198036,148487
13,0.950744,0.935288,197846,148145
14,0.938434,0.919329,196889,147203
15,0.922984,0.899729,194576,145685
16,0.905613,0.87735,196288,146342
17,0.882966,0.849083,193502,144300
18,0.85576,0.815473,191081,142331
19,0.824636,0.77781,189094,140768
20,0.785923,0.732299,185720,138384
21,0.743445,0.682549,183051,135819
22,0.696094,0.629446,177628,131731
23,0.643875,0.572338,170408,126137
24,0.59118,0.516167,164497,121357
25,0.534003,0.457336,154327,113497
26,0.4751,0.399342,143350,105295
27,0.418614,0.345389,131886,96644
28,0.365685,0.297332,120635,88545
29,0.318724,0.254419,109984,80222
30,0.273099,0.214675,97000,70576
31,0.230165,0.179404,84250,61607
32,0.194829,0.149491,73810,53615
33,0.163404,0.123982,63446,45973
34,0.135684,0.102061,53673,38861
35,0.109414,0.0822101,44171,32205
36,0.0931877,0.0689577,38332,27627
37,0.077226,0.0568557,31987,23041
38,0.0614432,0.0457204,25728,18829
39,0.0509035,0.0372351,21556,15544
40,0.0397986,0.0295786,16964,12475
41,0.0349259,0.0249019,15044,10616
42,0.0299629,0.0211878,12874,9022
43,0.0232314,0.0169274,10017,7252
44,0.021359,0.0152176,9268,6562
45,0.0165365,0.0121516,7149,5230
46,0.0157003,0.0108992,6841,4726
47,0.0137545,0.00950432,5975,4111
48,0.011239,0.00801662,4906,3488
49,0.0097377,0.00695305,4247,3024
50,0.00515092,0.00429536,2254,1878
51,0.00356608,0.00290349,1567,1275
52,0.00317386,0.00232598,1393,1020
53,0.00252029,0.00181061,1106,794
54,0.000865182,0.000865182,380,380
55,NAN,NAN,0,0
56,NAN,NAN,0,0
57,NAN,NAN,0,0
58,NAN,NAN,0,0
59,NAN,NAN,0,0
60,NAN,NAN,0,0
61,NAN,NAN,0,0
62,NAN,NAN,0,0
63,NAN,NAN,0,0
64,NAN,NAN,0,0
65,NAN,NAN,0,0
66,NAN,NAN,0,0
67,NAN,NAN,0,0
68,NAN,NAN,0,0
69,NAN,NAN,0,0
70,NAN,NAN,0,0
71,NAN,NAN,0,0
72,NAN,NAN,0,0
73,NAN,NAN,0,0
74,NAN,NAN,0,0
75,NAN,NAN,0,0
76,NAN,NAN,0,0
77,NAN,NAN,0,0
78,NAN,NAN,0,0
79,NAN,NAN,0,0
80,NAN,NAN,0,0
81,NAN,NAN,0,0
82,NAN,NAN,0,0
83,NAN,NAN,0,0
84,NAN,NAN,0,0
85,NAN,NAN,0,0
86,NAN,NAN,0,0
87,NAN,NAN,0,0
88,NAN,NAN,0,0
89,NAN,NAN,0,0
90,NAN,NAN,0,0
91,NAN,NAN,0,0
92,NAN,NAN,0,0
93,NAN,NAN,0,0
94,NAN,NAN,0,0
95,NAN,NAN,0,0
96,NAN,NAN,0,0
97,NAN,NAN,0,0
98,NAN,NAN,0,0
99,NAN,NAN,0,0
100,NAN,NAN,0,0
101,NAN,NAN,0,0
102,NAN,NAN,0,0
103,NAN,NAN,0,0
104,NAN,NAN,0,0
105,NAN,NAN,0,0
106,NAN,NAN,0,0
107,NAN,NAN,0,0
108,NAN,NAN,0,0
109,NAN,NAN,0,0
110,NAN,NAN,0,0
111,NAN,NAN,0,0
112,NAN,NAN,0,0
113,NAN,NAN,0,0
114,NAN,NAN,0,0
115,NAN,NAN,0,0
116,NAN,NAN,0,0
117,NAN,NAN,0,0
118,NAN,NAN,0,0
119,NAN,NAN,0,0
120,NAN,NAN,0,0
121,NAN,NAN,0,0
122,NAN,NAN,0,0
123,NAN,NAN,0,0
124,NAN,NAN,0,0
125,NAN,NAN,0,0
126,NAN,NAN,0,0
127,NAN,NAN,0,0
128,NAN,NAN,0,0
129,NAN,NAN,0,0
130,NAN,NAN,0,0
131,NAN,NAN,0,0
132,NAN,NAN,0,0
133,NAN,NAN,0,0
134,NAN,NAN,0,0
135,NAN,NAN,0,0
136,NAN,NAN,0,0
137,NAN,NAN,0,0
138,NAN,NAN,0,0
139,NAN,NAN,0,0
140,NAN,NAN,0,0
141,NAN,NAN,0,0
142,NAN,NAN,0,0
143,NAN,NAN,0,0
144,NAN,NAN,0,0
145,NAN,NAN,0,0
146,NAN,NAN,0,0
147,NAN,NAN,0,0
148,NAN,NAN,0,0
149,NAN,NAN,0,0
150,NAN,NAN,0,0
NAN,NAN,NAN,NAN,NAN
1,0.99629,0.995063,201406,151150
2,0.994688,0.992945,199616,150041
3,0.993565,0.991434,202429,151744
4,0.991527,0.988718,199751,149590
5,0.989037,0.985398,198561,148530
6,0.985456,0.98069,198861,149062
7,0.981703,0.975711,199704,149516
8,0.977427,0.970045,199534,149222
9,0.971153,0.961824,199300,149152
10,0.963432,0.951671,197045,147273
11,0.9524,0.937476,197061,147674
12,0.939814,0.921176,199156,149049
13,0.925819,0.903288,196931,147375
14,0.907539,0.880046,195847,146386
15,0.884848,0.851456,194486,145077
16,0.855575,0.81591,191144,143007
17,0.824299,0.777344,190596,141835
18,0.785699,0.732014,186319,138814
19,0.746024,0.685804,183610,136438
20,0.697681,0.631406,177239,131561
21,0.644463,0.573642,171266,127123
22,0.590406,0.515106,164552,121271
23,0.535481,0.459512,155102,114390
24,0.47684,0.401529,144842,106618
25,0.420823,0.347641,133528,97933
26,0.366933,0.297703,121371,88765
27,0.315486,0.252384,108598,79544
28,0.272364,0.214241,97358,70917
29,0.228658,0.178675,84221,61806
30,0.195782,0.149472,74265,53611
31,0.160317,0.122951,62088,45588
32,0.135486,0.102051,53878,39071
33,0.111171,0.0834179,44720,32540
34,0.0938738,0.0695141,38486,27753
35,0.0761046,0.0565416,31535,22943
36,0.0609731,0.0451681,25612,18659
37,0.0486575,0.0361374,20655,15141
38,0.0409826,0.0299346,17503,12639
39,0.0333155,0.0242164,14341,10327
40,0.0299419,0.0211525,12918,9044
41,0.0208338,0.015769,9008,6783
42,0.0177936,0.0128846,7750,5584
43,0.0145497,0.0104793,6303,4521
44,0.0113952,0.00833585,4968,3623
45,0.00780499,0.00602028,3408,2624
46,0.00894872,0.00601935,3917,2627
47,0.00591888,0.00442805,2585,1931
48,0.00303303,0.00260249,1328,1139
49,0.00127076,0.00127076,558,558
50,NAN,NAN,0,0
51,NAN,NAN,0,0
52,NAN,NAN,0,0
53,NAN,NAN,0,0
54,NAN,NAN,0,0
55,NAN,NAN,0,0
56,NAN,NAN,0,0
57,NAN,NAN,0,0
58,NAN,NAN,0,0
59,NAN,NAN,0,0
60,NAN,NAN,0,0
61,NAN,NAN,0,0
62,NAN,NAN,0,0
63,NAN,NAN,0,0
64,NAN,NAN,0,0
65,NAN,NAN,0,0
66,NAN,NAN,0,0
67,NAN,NAN,0,0
68,NAN,NAN,0,0
69,NAN,NAN,0,0
70,NAN,NAN,0,0
71,NAN,NAN,0,0
72,NAN,NAN,0,0
73,NAN,NAN,0,0
74,NAN,NAN,0,0
75,NAN,NAN,0,0
76,NAN,NAN,0,0
77,NAN,NAN,0,0
78,NAN,NAN,0,0
79,NAN,NAN,0,0
80,NAN,NAN,0,0
81,NAN,NAN,0,0
82,NAN,NAN,0,0
83,NAN,NAN,0,0
84,NAN,NAN,0,0
85,NAN,NAN,0,0
86,NAN,NAN,0,0
87,NAN,NAN,0,0
88,NAN,NAN,0,0
89,NAN,NAN,0,0
90,NAN,NAN,0,0
91,NAN,NAN,0,0
92,NAN,NAN,0,0
93,NAN,NAN,0,0
94,NAN,NAN,0,0
95,NAN,NAN,0,0
96,NAN,NAN,0,0
97,NAN,NAN,0,0
98,NAN,NAN,0,0
99,NAN,NAN,0,0
100,NAN,NAN,0,0
101,NAN,NAN,0,0
102,NAN,NAN,0,0
103,NAN,NAN,0,0
104,NAN,NAN,0,0
105,NAN,NAN,0,0
106,NAN,NAN,0,0
107,NAN,NAN,0,0
108,NAN,NAN,0,0
109,NAN,NAN,0,0
110,NAN,NAN,0,0
111,NAN,NAN,0,0
112,NAN,NAN,0,0
113,NAN,NAN,0,0
114,NAN,NAN,0,0
115,NAN,NAN,0,0
116,NAN,NAN,0,0
117,NAN,NAN,0,0
118,NAN,NAN,0,0
119,NAN,NAN,0,0
120,NAN,NAN,0,0
121,NAN,NAN,0,0
122,NAN,NAN,0,0
123,NAN,NAN,0,0
124,NAN,NAN,0,0
125,NAN,NAN,0,0
126,NAN,NAN,0,0
127,NAN,NAN,0,0
128,NAN,NAN,0,0
129,NAN,NAN,0,0
130,NAN,NAN,0,0
131,NAN,NAN,0,0
132,NAN,NAN,0,0
133,NAN,NAN,0,0
134,NAN,NAN,0,0
135,NAN,NAN,0,0
136,NAN,NAN,0,0
137,NAN,NAN,0,0
138,NAN,NAN,0,0
139,NAN,NAN,0,0
140,NAN,NAN,0,0
141,NAN,NAN,0,0
142,NAN,NAN,0,0
143,NAN,NAN,0,0
144,NAN,NAN,0,0
145,NAN,NAN,0,0
146,NAN,NAN,0,0
147,NAN,NAN,0,0
148,NAN,NAN,0,0
149,NAN,NAN,0,0
150,NAN,NAN,0,0
NAN,NAN,NAN,NAN,NAN
1,0.99502,0.993372,200986,150771
2,0.992867,0.990532,200301,150539
3,0.991343,0.988473,201665,151006
4,0.988763,0.985081,198251,148764
5,0.986202,0.98167,199992,149847
6,0.982321,0.976566,198472,148854
7,0.976917,0.969477,199592,149788
8,0.971114,0.961794,199962,149733
9,0.962984,0.951162,198317,148465
10,0.951955,0.936889,198138,148452
11,0.938903,0.920129,197318,147919
12,0.924801,0.90199,197358,147691
13,0.904733,0.87662,195160,146008
14,0.882982,0.849035,194588,145033
15,0.853377,0.812832,191351,142778
16,0.821707,0.77395,190429,141468
17,0.784596,0.730179,186136,138290
18,0.740482,0.679359,181310,134634
19,0.692625,0.626035,176395,131046
20,0.642155,0.570184,171133,126509
21,0.587455,0.512016,162470,119715
22,0.530915,0.45417,153944,113175
23,0.471828,0.397101,142812,105296
24,0.421152,0.34793,134040,98301
25,0.366246,0.296946,120538,88097
26,0.315558,0.252229,108324,79252
27,0.269046,0.212126,95862,70121
28,0.230897,0.179227,85398,62115
29,0.192679,0.148482,72846,53223
30,0.161619,0.122945,62672,45573
31,0.133413,0.100792,52908,38521
32,0.111375,0.0837884,45109,32914
33,0.0922272,0.0688855,37879,27583
34,0.0755863,0.0559902,31373,22757
35,0.0646168,0.0473853,27099,19513
36,0.0506896,0.0373356,21435,15569
37,0.0461236,0.032697,19685,13761
38,0.0322835,0.0244666,13787,10365
39,0.0278824,0.020213,12022,8647
40,0.020613,0.0154374,8913,6640
41,0.0206837,0.0142903,8964,6153
42,0.0163056,0.0116615,7072,5034
43,0.0116783,0.0086448,5076,3746
44,0.00763084,0.00604281,3329,2632
45,0.00793738,0.00546497,3477,2388
46,0.0080564,0.00541277,3522,2360
47,0.00659842,0.00474031,2884,2068
48,0.00517737,0.00379851,2278,1669
49,0.00585424,0.00391348,2575,1718
50,0.00372159,0.00284788,1631,1247
51,0.00151686,0.00151686,666,666
52,NAN,NAN,0,0
53,NAN,NAN,0,0
54,NAN,NAN,0,0
55,NAN,NAN,0,0
56,NAN,NAN,0,0
57,NAN,NAN,0,0
58,NAN,NAN,0,0
59,NAN,NAN,0,0
60,NAN,NAN,0,0
61,NAN,NAN,0,0
62,NAN,NAN,0,0
63,NAN,NAN,0,0
64,NAN,NAN,0,0
65,NAN,NAN,0,0
66,NAN,NAN,0,0
67,NAN,NAN,0,0
68,NAN,NAN,0,0
69,NAN,NAN,0,0
70,NAN,NAN,0,0
71,NAN,NAN,0,0
72,NAN,NAN,0,0
73,NAN,NAN,0,0
74,NAN,NAN,0,0
75,NAN,NAN,0,0
76,NAN,NAN,0,0
77,NAN,NAN,0,0
78,NAN,NAN,0,0
79,NAN,NAN,0,0
80,NAN,NAN,0,0
81,NAN,NAN,0,0
82,NAN,NAN,0,0
83,NAN,NAN,0,0
84,NAN,NAN,0,0
85,NAN,NAN,0,0
86,NAN,NAN,0,0
87,NAN,NAN,0,0
88,NAN,NAN,0,0
89,NAN,NAN,0,0
90,NAN,NAN,0,0
91,NAN,NAN,0,0
92,NAN,NAN,0,0
93,NAN,NAN,0,0
94,NAN,NAN,0,0
95,NAN,NAN,0,0
96,NAN,NAN,0,0
97,NAN,NAN,0,0
98,NAN,NAN,0,0
99,NAN,NAN,0,0
100,NAN,NAN,0,0
101,NAN,NAN,0,0
102,NAN,NAN,0,0
103,NAN,NAN,0,0
104,NAN,NAN,0,0
105,NAN,NAN,0,0
106,NAN,NAN,0,0
107,NAN,NAN,0,0
108,NAN,NAN,0,0
109,NAN,NAN,0,0
110,NAN,NAN,0,0
111,NAN,NAN,0,0
112,NAN,NAN,0,0
113,NAN,NAN,0,0
114,NAN,NAN,0,0
115,NAN,NAN,0,0
116,NAN,NAN,0,0
117,NAN,NAN,0,0
118,NAN,NAN,0,0
119,NAN,NAN,0,0
120,NAN,NAN,0,0
121,NAN,NAN,0,0
122,NAN,NAN,0,0
123,NAN,NAN,0,0
124,NAN,NAN,0,0
125,NAN,NAN,0,0
126,NAN,NAN,0,0
127,NAN,NAN,0,0
128,NAN,NAN,0,0
129,NAN,NAN,0,0
130,NAN,NAN,0,0
131,NAN,NAN,0,0
132,NAN,NAN,0,0
133,NAN,NAN,0,0
134,NAN,NAN,0,0
135,NAN,NAN,0,0
136,NAN,NAN,0,0
137,NAN,NAN,0,0
138,NAN,NAN,0,0
139,NAN,NAN,0,0
140,NAN,NAN,0,0
141,NAN,NAN,0,0
142,NAN,NAN,0,0
143,NAN,NAN,0,0
144,NAN,NAN,0,0
145,NAN,NAN,0,0
146,NAN,NAN,0,0
147,NAN,NAN,0,0
148,NAN,NAN,0,0
149,NAN,NAN,0,0
150,NAN,NAN,0,0
NAN,NAN,NAN,NAN,NAN
1,0.997551,0.996738,200428,150321
2,0.996146,0.99487,199785,149907
3,0.995512,0.994032,200737,150731
4,0.99371,0.991634,199863,149937
5,0.992134,0.989522,200923,150440
6,0.990222,0.987007,198698,149047
7,0.987609,0.983533,200453,150216
8,0.984255,0.979106,198979,149155
9,0.979893,0.973334,198740,148848
10,0.973837,0.965399,197167,147793
11,0.967666,0.95727,198567,148643
12,0.959351,0.946539,197446,148123
13,0.94751,0.931111,198276,148462
14,0.934313,0.914316,197155,147908
15,0.918552,0.893811,197191,147174
16,0.898506,0.868615,194106,144957
17,0.874857,0.838885,193354,144008
18,0.845575,0.803548,190048,141966
19,0.811375,0.762137,189190,140923
20,0.768941,0.712437,184815,137588
21,0.725578,0.662085,181602,134574
22,0.676758,0.607855,175153,129678
23,0.621661,0.548617,168515,124649
24,0.565522,0.489679,159605,117661
25,0.507752,0.431522,150261,110578
26,0.450413,0.375724,139248,102260
27,0.394572,0.323833,127827,93935
28,0.343892,0.277102,116915,85504
29,0.295191,0.234153,103377,75466
30,0.252627,0.1976,91542,66692
31,0.213775,0.165099,79931,58132
32,0.178286,0.136591,68333,49824
33,0.14795,0.112527,58024,42370
34,0.12354,0.0927742,49402,35841
35,0.102449,0.0764316,41659,30204
36,0.0847595,0.062447,35024,25190
37,0.0687474,0.0506129,28674,20707
38,0.0539493,0.0398507,22783,16582
39,0.0431971,0.0316863,18340,13293
40,0.0375893,0.0268822,16084,11376
41,0.0291358,0.0209626,12477,8902
42,0.0246718,0.0178656,10659,7665
43,0.0166361,0.0127576,7203,5502
44,0.0153598,0.0108605,6669,4694
45,0.0106659,0.0082035,4644,3563
46,0.00822593,0.00609774,3615,2674
47,0.00725193,0.00519006,3177,2269
48,0.00483938,0.00367985,2129,1617
49,0.00394838,0.00296194,1736,1301
50,0.0056878,0.00351798,2505,1546
51,0.00283148,0.00229782,1244,1009
52,0.00340292,0.00225683,1499,993
53,0.00104945,0.00104945,461,461
54,NAN,NAN,0,0
55,NAN,NAN,0,0
56,NAN,NAN,0,0
57,NAN,NAN,0,0
58,NAN,NAN,0,0
59,NAN,NAN,0,0
60,NAN,NAN,0,0
61,NAN,NAN,0,0
62,NAN,NAN,0,0
63,NAN,NAN,0,0
64,NAN,NAN,0,0
65,NAN,NAN,0,0
66,NAN,NAN,0,0
67,NAN,NAN,0,0
68,NAN,NAN,0,0
69,NAN,NAN,0,0
70,NAN,NAN,0,0
71,NAN,NAN,0,0
72,NAN,NAN,0,0
73,NAN,NAN,0,0
74,NAN,NAN,0,0
75,NAN,NAN,0,0
76,NAN,NAN,0,0
77,NAN,NAN,0,0
78,NAN,NAN,0,0
79,NAN,NAN,0,0
80,NAN,NAN,0,0
81,NAN,NAN,0,0
82,NAN,NAN,0,0
83,NAN,NAN,0,0
84,NAN,NAN,0,0
85,NAN,NAN,0,0
86,NAN,NAN,0,0
87,NAN,NAN,0,0
88,NAN,NAN,0,0
89,NAN,NAN,0,0
90,NAN,NAN,0,0
91,NAN,NAN,0,0
92,NAN,NAN,0,0
93,NAN,NAN,0,0
94,NAN,NAN,0,0
95,NAN,NAN,0,0
96,NAN,NAN,0,0
97,NAN,NAN,0,0
98,NAN,NAN,0,0
99,NAN,NAN,0,0
100,NAN,NAN,0,0
101,NAN,NAN,0,0
102,NAN,NAN,0,0
103,NAN,NAN,0,0
104,NAN,NAN,0,0
105,NAN,NAN,0,0
106,NAN,NAN,0,0
107,NAN,NAN,0,0
108,NAN,NAN,0,0
109,NAN,NAN,0,0
110,NAN,NAN,0,0
111,NAN,NAN,0,0
112,NAN,NAN,0,0
113,NAN,NAN,0,0
114,NAN,NAN,0,0
115,NAN,NAN,0,0
116,NAN,NAN,0,0
117,NAN,NAN,0,0
118,NAN,NAN,0,0
119,NAN,NAN,0,0
120,NAN,NAN,0,0
121,NAN,NAN,0,0
122,NAN,NAN,0,0
123,NAN,NAN,0,0
124,NAN,NAN,0,0
125,NAN,NAN,0,0
126,NAN,NAN,0,0
127,NAN,NAN,0,0
128,NAN,NAN,0,0
129,NAN,NAN,0,0
130,NAN,NAN,0,0
131,NAN,NAN,0,0
132,NAN,NAN,0,0
133,NAN,NAN,0,0
134,NAN,NAN,0,0
135,NAN,NAN,0,0
136,NAN,NAN,0,0
137,NAN,NAN,0,0
138,NAN,NAN,0,0
139,NAN,NAN,0,0
140,NAN,NAN,0,0
141,NAN,NAN,0,0
142,NAN,NAN,0,0
143,NAN,NAN,0,0
144,NAN,NAN,0,0
145,NAN,NAN,0,0
146,NAN,NAN,0,0
147,NAN,NAN,0,0
148,NAN,NAN,0,0
149,NAN,NAN,0,0
150,NAN,NAN,0,0
NAN,NAN,NAN,NAN,NAN
1,0.99618,0.9949,201336,150611
2,0.994242,0.992343,198403,148906
3,0.993335,0.991125,200153,149977
4,0.990589,0.987494,198930,149242
5,0.988541,0.984784,200494,150406
6,0.984735,0.979741,199586,149625
7,0.980924,0.974676,199469,149294
8,0.974805,0.966636,197207,147674
9,0.968547,0.958454,197140,147693
10,0.96012,0.947418,197416,147746
11,0.948133,0.932019,196948,147711
12,0.934674,0.914585,197278,147636
13,0.919623,0.895146,197215,147153
14,0.900991,0.871703,194032,144871
15,0.87706,0.841767,192376,143454
16,0.847445,0.805643,190414,142088
17,0.813984,0.765156,188758,140543
18,0.773875,0.717671,184563,137086
19,0.729787,0.666434,180907,133826
20,0.678737,0.610248,174688,129461
21,0.624666,0.551198,167388,123523
22,0.568949,0.493089,159885,117830
23,0.51032,0.434563,149733,110422
24,0.453466,0.378826,140346,103157
25,0.39829,0.326729,128032,93865
26,0.345463,0.278719,115860,84826
27,0.296472,0.235187,103885,75807
28,0.254045,0.198779,91955,66988
29,0.213424,0.165441,79502,58085
30,0.179779,0.137903,69033,50381
31,0.149657,0.113445,58733,42703
32,0.124857,0.0936637,49980,36203
33,0.100122,0.07527,40537,29656
34,0.0835306,0.0619277,34509,24995
35,0.0682251,0.0502752,28474,20586
36,0.0554599,0.0411353,23325,17042
37,0.0457102,0.0336174,19521,14177
38,0.0363741,0.0268408,15554,11365
39,0.0312099,0.0224534,13435,9579
40,0.0241032,0.0176367,10410,7567
41,0.0181747,0.0135532,7875,5845
42,0.0186235,0.0128254,8111,5553
43,0.0117879,0.00899313,5112,3889
44,0.0112816,0.00788365,4931,3434
45,0.0069177,0.00543703,3011,2363
46,0.00273437,0.00273437,1200,1200
47,NAN,NAN,0,0
48,NAN,NAN,0,0
49,NAN,NAN,0,0
50,NAN,NAN,0,0
51,NAN,NAN,0,0
52,NAN,NAN,0,0
53,NAN,NAN,0,0
54,NAN,NAN,0,0
55,NAN,NAN,0,0
56,NAN,NAN,0,0
57,NAN,NAN,0,0
58,NAN,NAN,0,0
59,NAN,NAN,0,0
60,NAN,NAN,0,0
61,NAN,NAN,0,0
62,NAN,NAN,0,0
63,NAN,NAN,0,0
64,NAN,NAN,0,0
65,NAN,NAN,0,0
66,NAN,NAN,0,0
67,NAN,NAN,0,0
68,NAN,NAN,0,0
69,NAN,NAN,0,0
70,NAN,NAN,0,0
71,NAN,NAN,0,0
72,NAN,NAN,0,0
73,NAN,NAN,0,0
74,NAN,NAN,0,0
75,NAN,NAN,0,0
76,NAN,NAN,0,0
77,NAN,NAN,0,0
78,NAN,NAN,0,0
79,NAN,NAN,0,0
80,NAN,NAN,0,0
81,NAN,NAN,0,0
82,NAN,NAN,0,0
83,NAN,NAN,0,0
84,NAN,NAN,0,0
85,NAN,NAN,0,0
86,NAN,NAN,0,0
87,NAN,NAN,0,0
88,NAN,NAN,0,0
89,NAN,NAN,0,0
90,NAN,NAN,0,0
91,NAN,NAN,0,0
92,NAN,NAN,0,0
93,NAN,NAN,0,0
94,NAN,NAN,0,0
95,NAN,NAN,0,0
96,NAN,NAN,0,0
97,NAN,NAN,0,0
98,NAN,NAN,0,0
99,NAN,NAN,0,0
100,NAN,NAN,0,0
101,NAN,NAN,0,0
102,NAN,NAN,0,0
103,NAN,NAN,0,0
104,NAN,NAN,0,0
105,NAN,NAN,0,0
106,NAN,NAN,0,0
107,NAN,NAN,0,0
108,NAN,NAN,0,0
109,NAN,NAN,0,0
110,NAN,NAN,0,0
111,NAN,NAN,0,0
112,NAN,NAN,0,0
113,NAN,NAN,0,0
114,NAN,NAN,0,0
115,NAN,NAN,0,0
116,NAN,NAN,0,0
117,NAN,NAN,0,0
118,NAN,NAN,0,0
119,NAN,NAN,0,0
120,NAN,NAN,0,0
121,NAN,NAN,0,0
122,NAN,NAN,0,0
123,NAN,NAN,0,0
124,NAN,NAN,0,0
125,NAN,NAN,0,0
126,NAN,NAN,0,0
127,NAN,NAN,0,0
128,NAN,NAN,0,0
129,NAN,NAN,0,0
130,NAN,NAN,0,0
131,NAN,NAN,0,0
132,NAN,NAN,0,0
133,NAN,NAN,0,0
134,NAN,NAN,0,0
135,NAN,NAN,0,0
136,NAN,NAN,0,0
137,NAN,NAN,0,0
138,NAN,NAN,0,0
139,NAN,NAN,0,0
140,NAN,NAN,0,0
141,NAN,NAN,0,0
142,NAN,NAN,0,0
143,NAN,NAN,0,0
144,NAN,NAN,0,0
145,NAN,NAN,0,0
146,NAN,NAN,0,0
147,NAN,NAN,0,0
148,NAN,NAN,0,0
149,NAN,NAN,0,0
150,NAN,NAN,0,0
NAN,NAN,NAN,NAN,NAN
1,0.994864,0.993152,200485,150103
2,0.991793,0.98911,198555,149225
3,0.990551,0.987429,201805,151200
4,0.986517,0.982151,199602,150107
5,0.983409,0.978026,201945,151638
6,0.9783,0.971296,200890,150786
7,0.973123,0.964423,200298,149961
8,0.964792,0.953514,198776,148793
9,0.955718,0.941592,197998,147893
10,0.942599,0.924744,196102,146744
11,0.929198,0.907573,196819,147260
12,0.911384,0.88492,195315,146034
13,0.88974,0.857579,194378,145044
14,0.863818,0.825583,192507,143654
15,0.830895,0.785312,189675,141207
16,0.793113,0.740237,186280,138471
17,0.749918,0.689778,182299,135173
18,0.704392,0.638617,177549,131672
19,0.655278,0.58442,173177,128116
20,0.598272,0.523801,164654,121614
21,0.540785,0.464874,156449,115410
22,0.48228,0.406989,145717,107356
23,0.427913,0.353417,135633,99114
24,0.372661,0.303269,122171,89520
25,0.318909,0.255979,109127,80184
26,0.274227,0.215707,98166,71456
27,0.233089,0.181756,85960,62824
28,0.198977,0.152677,75294,54617
29,0.164303,0.125592,63518,46403
30,0.136301,0.102377,53928,38975
31,0.113301,0.0845819,45671,33025
32,0.0958252,0.0712936,39328,28487
33,0.0800423,0.0590627,33178,23936
34,0.0663026,0.0488574,27647,19999
35,0.0553669,0.0404471,23281,16743
36,0.0421002,0.031414,17973,13263
37,0.0362193,0.0260916,15527,11069
38,0.0279453,0.020629,12023,8809
39,0.0239466,0.0172468,10327,7387
40,0.0185703,0.0137118,8056,5919
41,0.0147887,0.0107909,6422,4667
42,0.0122385,0.0088002,5331,3820
43,0.0112885,0.00788399,4918,3423
44,0.00874575,0.00642245,3815,2795
45,0.00940968,0.00630048,4102,2738
46,0.00903933,0.00614934,3951,2680
47,0.00722307,0.00528367,3149,2299
48,0.00378586,0.00312467,1661,1370
49,0.00514814,0.00342814,2261,1503
50,0.00428904,0.00289829,1885,1272
51,0.00412296,0.00274028,1808,1200
52,0.00133033,0.00133033,585,585
53,NAN,NAN,0,0
54,NAN,NAN,0,0
55,NAN,NAN,0,0
56,NAN,NAN,0,0
57,NAN,NAN,0,0
58,NAN,NAN,0,0
59,NAN,NAN,0,0
60,NAN,NAN,0,0
61,NAN,NAN,0,0
62,NAN,NAN,0,0
63,NAN,NAN,0,0
64,NAN,NAN,0,0
65,NAN,NAN,0,0
66,NAN,NAN,0,0
67,NAN,NAN,0,0
68,NAN,NAN,0,0
69,NAN,NAN,0,0
70,NAN,NAN,0,0
71,NAN,NAN,0,0
72,NAN,NAN,0,0
73,NAN,NAN,0,0
74,NAN,NAN,0,0
75,NAN,NAN,0,0
76,NAN,NAN,0,0
77,NAN,NAN,0,0
78,NAN,NAN,0,0
79,NAN,NAN,0,0
80,NAN,NAN,0,0
81,NAN,NAN,0,0
82,NAN,NAN,0,0
83,NAN,NAN,0,0
84,NAN,NAN,0,0
85,NAN,NAN,0,0
86,NAN,NAN,0,0
87,NAN,NAN,0,0
88,NAN,NAN,0,0
89,NAN,NAN,0,0
90,NAN,NAN,0,0
91,NAN,NAN,0,0
92,NAN,NAN,0,0
93,NAN,NAN,0,0
94,NAN,NAN,0,0
95,NAN,NAN,0,0
96,NAN,NAN,0,0
97,NAN,NAN,0,0
98,NAN,NAN,0,0
99,NAN,NAN,0,0
100,NAN,NAN,0,0
101,NAN,NAN,0,0
102,NAN,NAN,0,0
103,NAN,NAN,0,0
104,NAN,NAN,0,0
105,NAN,NAN,0,0
106,NAN,NAN,0,0
107,NAN,NAN,0,0
108,NAN,NAN,0,0
109,NAN,NAN,0,0
110,NAN,NAN,0,0
111,NAN,NAN,0,0
112,NAN,NAN,0,0
113,NAN,NAN,0,0
114,NAN,NAN,0,0
115,NAN,NAN,0,0
116,NAN,NAN,0,0
117,NAN,NAN,0,0
118,NAN,NAN,0,0
119,NAN,NAN,0,0
120,NAN,NAN,0,0
121,NAN,NAN,0,0
122,NAN,NAN,0,0
123,NAN,NAN,0,0
124,NAN,NAN,0,0
125,NAN,NAN,0,0
126,NAN,NAN,0,0
127,NAN,NAN,0,0
128,NAN,NAN,0,0
129,NAN,NAN,0,0
130,NAN,NAN,0,0
131,NAN,NAN,0,0
132,NAN,NAN,0,0
133,NAN,NAN,0,0
134,NAN,NAN,0,0
135,NAN,NAN,0,0
136,NAN,NAN,0,0
137,NAN,NAN,0,0
138,NAN,NAN,0,0
139,NAN,NAN,0,0
140,NAN,NAN,0,0
141,NAN,NAN,0,0
142,NAN,NAN,0,0
143,NAN,NAN,0,0
144,NAN,NAN,0,0
145,NAN,NAN,0,0
146,NAN,NAN,0,0
147,NAN,NAN,0,0
148,NAN,NAN,0,0
149,NAN,NAN,0,0
150,NAN,NAN,0,0
NAN,NAN,NAN,NAN,NAN
1,0.997556,0.996741,201640,151096
2,0.99623,0.994977,199230,149355
3,0.995419,0.993898,200141,150003
4,0.99349,0.991339,198688,149027
5,0.991945,0.98928,199629,149595
6,0.989824,0.986475,200087,150034
7,0.986803,0.982467,200621,150343
8,0.983932,0.978645,198099,148250
9,0.97957,0.972905,197213,147687
10,0.973907,0.965509,197744,148308
11,0.967065,0.956475,198289,148400
12,0.958724,0.945668,198429,148695
13,0.94831,0.93206,197918,148000
14,0.93372,0.91324,195844,146333
15,0.917095,0.892112,194547,145424
16,0.897072,0.866718,195481,145853
17,0.873977,0.837981,192434,143516
18,0.843061,0.800186,190746,142197
19,0.809152,0.759049,187343,139199
20,0.769864,0.713381,184498,137271
21,0.726602,0.663587,181620,134799
22,0.675317,0.606482,174329,129174
23,0.623233,0.549213,167838,123618
24,0.566997,0.491387,158741,117121
25,0.511578,0.434933,150977,110947
26,0.452604,0.378571,140081,103209
27,0.402151,0.329732,129841,94957
28,0.34759,0.280618,116157,85046
29,0.299111,0.23819,104595,76631
30,0.252359,0.198549,91252,66974
31,0.21576,0.166713,80652,58650
32,0.18183,0.139126,69411,50475
33,0.148089,0.112677,58014,42380
34,0.122889,0.0926936,49140,35832
35,0.101299,0.0757421,41148,29916
36,0.0835464,0.0619424,34575,25044
37,0.0667167,0.0495919,27837,20319
38,0.0562273,0.0411125,23771,17107
39,0.0448662,0.0333073,19099,14009
40,0.0398213,0.0281859,17132,11981
41,0.0310113,0.0230391,13301,9801
42,0.0277355,0.0196975,11944,8413
43,0.0225909,0.0163923,9765,7041
44,0.0194341,0.013805,8437,5959
45,0.0153063,0.0112662,6634,4863
46,0.0130441,0.00945932,5684,4107
47,0.00985191,0.00735672,4323,3220
48,0.00911727,0.00650404,4000,2846
49,0.00682642,0.00503617,2982,2196
50,0.00555805,0.00411101,2429,1794
51,0.00437257,0.00318178,1918,1394
52,0.00364543,0.00265014,1600,1162
53,0.00141516,0.00141516,623,623
54,NAN,NAN,0,0
55,NAN,NAN,0,0
56,NAN,NAN,0,0
57,NAN,NAN,0,0
58,NAN,NAN,0,0
59,NAN,NAN,0,0
60,NAN,NAN,0,0
61,NAN,NAN,0,0
62,NAN,NAN,0,0
63,NAN,NAN,0,0
64,NAN,NAN,0,0
65,NAN,NAN,0,0
66,NAN,NAN,0,0
67,NAN,NAN,0,0
68,NAN,NAN,0,0
69,NAN,NAN,0,0
70,NAN,NAN,0,0
71,NAN,NAN,0,0
72,NAN,NAN,0,0
73,NAN,NAN,0,0
74,NAN,NAN,0,0
75,NAN,NAN,0,0
76,NAN,NAN,0,0
77,NAN,NAN,0,0
78,NAN,NAN,0,0
79,NAN,NAN,0,0
80,NAN,NAN,0,0
81,NAN,NAN,0,0
82,NAN,NAN,0,0
83,NAN,NAN,0,0
84,NAN,NAN,0,0
85,NAN,NAN,0,0
86,NAN,NAN,0,0
87,NAN,NAN,0,0
88,NAN,NAN,0,0
89,NAN,NAN,0,0
90,NAN,NAN,0,0
91,NAN,NAN,0,0
92,NAN,NAN,0,0
93,NAN,NAN,0,0
94,NAN,NAN,0,0
95,NAN,NAN,0,0
96,NAN,NAN,0,0
97,NAN,NAN,0,0
98,NAN,NAN,0,0
99,NAN,NAN,0,0
100,NAN,NAN,0,0
101,NAN,NAN,0,0
102,NAN,NAN,0,0
103,NAN,NAN,0,0
104,NAN,NAN,0,0
105,NAN,NAN,0,0
106,NAN,NAN,0,0
107,NAN,NAN,0,0
108,NAN,NAN,0,0
109,NAN,NAN,0,0
110,NAN,NAN,0,0
111,NAN,NAN,0,0
112,NAN,NAN,0,0
113,NAN,NAN,0,0
114,NAN,NAN,0,0
115,NAN,NAN,0,0
116,NAN,NAN,0,0
117,NAN,NAN,0,0
118,NAN,NAN,0,0
119,NAN,NAN,0,0
120,NAN,NAN,0,0
121,NAN,NAN,0,0
122,NAN,NAN,0,0
123,NAN,NAN,0,0
124,NAN,NAN,0,0
125,NAN,NAN,0,0
126,NAN,NAN,0,0
127,NAN,NAN,0,0
128,NAN,NAN,0,0
129,NAN,NAN,0,0
130,NAN,NAN,0,0
131,NAN,NAN,0,0
132,NAN,NAN,0,0
133,NAN,NAN,0,0
134,NAN,NAN,0,0
135,NAN,NAN,0,0
136,NAN,NAN,0,0
137,NAN,NAN,0,0
138,NAN,NAN,0,0
139,NAN,NAN,0,0
140,NAN,NAN,0,0
141,NAN,NAN,0,0
142,NAN,NAN,0,0
143,NAN,NAN,0,0
144,NAN,NAN,0,0
145,NAN,NAN,0,0
146,NAN,NAN,0,0
147,NAN,NAN,0,0
148,NAN,NAN,0,0
149,NAN,NAN,0,0
150,NAN,NAN,0,0
NAN,NAN,NAN,NAN,NAN
1,0.996302,0.995066,200701,150256
2,0.994311,0.992448,198890,149550
3,0.993814,0.99177,201935,151480
4,0.991058,0.988125,200927,150865
5,0.989085,0.985465,200268,149836
6,0.985862,0.981187,199227,149010
7,0.983046,0.977501,197313,147851
8,0.977736,0.970507,198105,148443
9,0.971586,0.962403,198598,148673
10,0.963997,0.952446,197868,148012
11,0.954628,0.940197,197396,147500
12,0.942236,0.924215,195414,146099
13,0.926643,0.904428,195203,146236
14,0.90847,0.88112,195837,146243
15,0.88593,0.852869,193519,144435
16,0.859543,0.81956,191881,142415
17,0.826173,0.77971,187039,139289
18,0.78998,0.736485,187042,138977
19,0.746989,0.686694,182219,135274
20,0.699755,0.633025,177833,131621
21,0.648333,0.576718,170754,126194
22,0.591765,0.517184,162423,120025
23,0.533742,0.457279,154006,113354
24,0.478623,0.402455,144187,105787
25,0.421982,0.348972,133094,97723
26,0.364749,0.296979,120441,88610
27,0.316327,0.25295,109093,79835
28,0.270318,0.212865,96665,70564
29,0.227883,0.177344,84192,61495
30,0.194017,0.148412,73968,53551
31,0.160732,0.122384,62004,45148
32,0.136514,0.102367,54259,39139
33,0.108347,0.0820286,43751,32174
34,0.0899535,0.0668575,36918,26760
35,0.0738912,0.0546998,30631,22215
36,0.0582535,0.0433771,24435,17912
37,0.0509588,0.0367036,21684,15387
38,0.0363587,0.0277335,15439,11672
39,0.0320415,0.0231162,13814,9875
40,0.0272255,0.0196487,11727,8398
41,0.0221867,0.0159835,9580,6858
42,0.0172415,0.0125125,7485,5406
43,0.016955,0.0117842,7401,5117
44,0.0117649,0.00882638,5131,3838
45,0.00923984,0.00692831,4045,3026
46,0.00864785,0.00604776,3772,2631
47,0.00861667,0.00579595,3769,2528
48,0.00581773,0.00438845,2545,1917
49,0.00680739,0.00449397,2985,1966
50,0.00576778,0.00400805,2530,1755
51,0.00403587,0.00304472,1774,1337
52,0.00149329,0.00149329,656,656
53,NAN,NAN,0,0
54,NAN,NAN,0,0
55,NAN,NAN,0,0
56,NAN,NAN,0,0
57,NAN,NAN,0,0
58,NAN,NAN,0,0
59,NAN,NAN,0,0
60,NAN,NAN,0,0
61,NAN,NAN,0,0
62,NAN,NAN,0,0
63,NAN,NAN,0,0
64,NAN,NAN,0,0
65,NAN,NAN,0,0
66,NAN,NAN,0,0
67,NAN,NAN,0,0
68,NAN,NAN,0,0
69,NAN,NAN,0,0
70,NAN,NAN,0,0
71,NAN,NAN,0,0
72,NAN,NAN,0,0
73,NAN,NAN,0,0
74,NAN,NAN,0,0
75,NAN,NAN,0,0
76,NAN,NAN,0,0
77,NAN,NAN,0,0
78,NAN,NAN,0,0
79,NAN,NAN,0,0
80,NAN,NAN,0,0
81,NAN,NAN,0,0
82,NAN,NAN,0,0
83,NAN,NAN,0,0
84,NAN,NAN,0,0
85,NAN,NAN,0,0
86,NAN,NAN,0,0
87,NAN,NAN,0,0
88,NAN,NAN,0,0
89,NAN,NAN,0,0
90,NAN,NAN,0,0
91,NAN,NAN,0,0
92,NAN,NAN,0,0
93,NAN,NAN,0,0
94,NAN,NAN,0,0
95,NAN,NAN,0,0
96,NAN,NAN,0,0
97,NAN,NAN,0,0
98,NAN,NAN,0,0
99,NAN,NAN,0,0
100,NAN,NAN,0,0
101,NAN,NAN,0,0
102,NAN,NAN,0,0
103,NAN,NAN,0,0
104,NAN,NAN,0,0
105,NAN,NAN,0,0
106,NAN,NAN,0,0
107,NAN,NAN,0,0
108,NAN,NAN,0,0
109,NAN,NAN,0,0
110,NAN,NAN,0,0
111,NAN,NAN,0,0
112,NAN,NAN,0,0
113,NAN,NAN,0,0
114,NAN,NAN,0,0
115,NAN,NAN,0,0
116,NAN,NAN,0,0
117,NAN,NAN,0,0
118,NAN,NAN,0,0
119,NAN,NAN,0,0
120,NAN,NAN,0,0
121,NAN,NAN,0,0
122,NAN,NAN,0,0
123,NAN,NAN,0,0
124,NAN,NAN,0,0
125,NAN,NAN,0,0
126,NAN,NAN,0,0
127,NAN,NAN,0,0
128,NAN,NAN,0,0
129,NAN,NAN,0,0
130,NAN,NAN,0,0
131,NAN,NAN,0,0
132,NAN,NAN,0,0
133,NAN,NAN,0,0
134,NAN,NAN,0,0
135,NAN,NAN,0,0
136,NAN,NAN,0,0
137,NAN,NAN,0,0
138,NAN,NAN,0,0
139,NAN,NAN,0,0
140,NAN,NAN,0,0
141,NAN,NAN,0,0
142,NAN,NAN,0,0
143,NAN,NAN,0,0
144,NAN,NAN,0,0
145,NAN,NAN,0,0
146,NAN,NAN,0,0
147,NAN,NAN,0,0
148,NAN,NAN,0,0
149,NAN,NAN,0,0
150,NAN,NAN,0,0
NAN,NAN,NAN,NAN,NAN
1,0.995185,0.993561,199881,149223
2,0.992828,0.990469,196862,147776
3,0.991768,0.989036,199381,149295
4,0.988732,0.985056,198741,149304
5,0.986719,0.982338,200900,150395
6,0.982495,0.976853,199085,149690
7,0.977403,0.970079,201869,151309
8,0.97135,0.962128,199150,149228
9,0.965416,0.954296,199204,148999
10,0.956342,0.942576,197454,147960
11,0.945418,0.928312,197564,147700
12,0.930657,0.909462,195168,146075
13,0.91304,0.88682,194494,145144
14,0.890049,0.858097,193226,144344
15,0.864929,0.826727,191632,142784
16,0.832905,0.787849,187995,140059
17,0.796167,0.744204,186171,138669
18,0.75686,0.697998,184309,136846
19,0.706956,0.641272,178177,132029
20,0.655718,0.584584,171713,126871
21,0.60192,0.527107,165050,121670
22,0.545392,0.469705,156017,115188
23,0.491545,0.414674,148428,108771
24,0.431369,0.358597,134342,99008
25,0.378591,0.308487,125313,91757
26,0.325375,0.26037,111100,81090
27,0.279552,0.220376,99029,72141
28,0.235511,0.183951,86328,63168
29,0.196938,0.151863,74702,54543
30,0.163358,0.124493,63427,46191
31,0.137558,0.103703,54719,39694
32,0.112733,0.0842979,45463,32940
33,0.0918567,0.0684174,37468,27205
34,0.0733849,0.0545893,30401,22165
35,0.0617165,0.0455119,25963,18821
36,0.0527899,0.0383355,22246,15912
37,0.0441868,0.032095,18739,13441
38,0.037426,0.0269228,15988,11377
39,0.0291886,0.0213513,12549,9106
40,0.0242373,0.0173662,10506,7475
41,0.019843,0.0143526,8578,6170
42,0.0173083,0.0124409,7508,5370
43,0.0147268,0.0105303,6410,4564
44,0.0117266,0.00867909,5100,3763
45,0.0104863,0.00749348,4566,3253
46,0.006891,0.00526668,3030,2312
47,0.00807341,0.00537567,3557,2362
48,0.00751602,0.00520076,3294,2274
49,0.00658593,0.00454015,2881,1982
50,0.00459223,0.00343046,2009,1499
51,0.00367242,0.00272677,1615,1198
52,0.00258709,0.00196778,1134,862
53,0.000988075,0.000988075,435,435
54,NAN,NAN,0,0
55,NAN,NAN,0,0
56,NAN,NAN,0,0
57,NAN,NAN,0,0
58,NAN,NAN,0,0
59,NAN,NAN,0,0
60,NAN,NAN,0,0
61,NAN,NAN,0,0
62,NAN,NAN,0,0
63,NAN,NAN,0,0
64,NAN,NAN,0,0
65,NAN,NAN,0,0
66,NAN,NAN,0,0
67,NAN,NAN,0,0
68,NAN,NAN,0,0
69,NAN,NAN,0,0
70,NAN,NAN,0,0
71,NAN,NAN,0,0
72,NAN,NAN,0,0
73,NAN,NAN,0,0
74,NAN,NAN,0,0
75,NAN,NAN,0,0
76,NAN,NAN,0,0
77,NAN,NAN,0,0
78,NAN,NAN,0,0
79,NAN,NAN,0,0
80,NAN,NAN,0,0
81,NAN,NAN,0,0
82,NAN,NAN,0,0
83,NAN,NAN,0,0
84,NAN,NAN,0,0
85,NAN,NAN,0,0
86,NAN,NAN,0,0
87,NAN,NAN,0,0
88,NAN,NAN,0,0
89,NAN,NAN,0,0
90,NAN,NAN,0,0
91,NAN,NAN,0,0
92,NAN,NAN,0,0
93,NAN,NAN,0,0
94,NAN,NAN,0,0
95,NAN,NAN,0,0
96,NAN,NAN,0,0
97,NAN,NAN,0,0
98,NAN,NAN,0,0
99,NAN,NAN,0,0
100,NAN,NAN,0,0
101,NAN,NAN,0,0
102,NAN,NAN,0,0
103,NAN,NAN,0,0
104,NAN,NAN,0,0
105,NAN,NAN,0,0
106,NAN,NAN,0,0
107,NAN,NAN,0,0
108,NAN,NAN,0,0
109,NAN,NAN,0,0
110,NAN,NAN,0,0
111,NAN,NAN,0,0
112,NAN,NAN,0,0
113,NAN,NAN,0,0
114,NAN,NAN,0,0
115,NAN,NAN,0,0
116,NAN,NAN,0,0
117,NAN,NAN,0,0
118,NAN,NAN,0,0
119,NAN,NAN,0,0
120,NAN,NAN,0,0
121,NAN,NAN,0,0
122,NAN,NAN,0,0
123,NAN,NAN,0,0
124,NAN,NAN,0,0
125,NAN,NAN,0,0
126,NAN,NAN,0,0
127,NAN,NAN,0,0
128,NAN,NAN,0,0
129,NAN,NAN,0,0
130,NAN,NAN,0,0
131,NAN,NAN,0,0
132,NAN,NAN,0,0
133,NAN,NAN,0,0
134,NAN,NAN,0,0
135,NAN,NAN,0,0
136,NAN,NAN,0,0
137,NAN,NAN,0,0
138,NAN,NAN,0,0
139,NAN,NAN,0,0
140,NAN,NAN,0,0
141,NAN,NAN,0,0
142,NAN,NAN,0,0
143,NAN,NAN,0,0
144,NAN,NAN,0,0
145,NAN,NAN,0,0
146,NAN,NAN,0,0
147,NAN,NAN,0,0
148,NAN,NAN,0,0
149,NAN,NAN,0,0
150,NAN,NAN,0,0
NAN,NAN,NAN,NAN,NAN
1,0.997466,0.996628,199174,149546
2,0.996355,0.995141,199550,149501
3,0.99606,0.994749,199742,149662
4,0.99455,0.99275,199268,149520
5,0.993514,0.991365,201433,150981
6,0.991451,0.988641,199815,149968
7,0.989648,0.986209,199321,149104
8,0.986498,0.982062,198584,148805
9,0.982456,0.97678,199692,150009
10,0.977566,0.970296,202190,151570
11,0.970616,0.96122,199450,149661
12,0.963494,0.951837,199925,149705
13,0.953352,0.938636,197647,147930
14,0.94157,0.923446,196549,147128
15,0.927467,0.905446,196176,146914
16,0.910086,0.883228,196209,146622
17,0.888599,0.855984,194637,145031
18,0.861064,0.822269,190457,142176
19,0.830469,0.784883,189101,140848
20,0.793513,0.740803,187750,139634
21,0.751405,0.691945,182581,135680
22,0.706826,0.641163,178622,132379
23,0.657501,0.586868,172915,127952
24,0.601088,0.526443,164757,121552
25,0.544247,0.467666,156410,115067
26,0.486749,0.410649,146230,107438
27,0.42988,0.356039,134905,98920
28,0.37735,0.307033,124146,90762
29,0.324463,0.259997,111019,81211
30,0.275805,0.217884,97669,71444
31,0.233623,0.182058,85861,62692
32,0.19591,0.151329,74172,54284
33,0.166665,0.126695,64713,46942
34,0.135637,0.103127,53595,39272
35,0.114754,0.0860386,46667,33890
36,0.0945647,0.0708334,38725,28266
37,0.0778813,0.0576472,32198,23321
38,0.0602487,0.0448853,25260,18516
39,0.0509126,0.0371685,21596,15541
40,0.0437087,0.0316163,18590,13279
41,0.0338173,0.0252967,14414,10688
42,0.0308158,0.0219737,13307,9403
43,0.0247376,0.0179303,10653,7668
44,0.0204469,0.0146574,8846,6304
45,0.0158622,0.0116655,6881,5039
46,0.0157962,0.0109296,6883,4739
47,0.0149982,0.0102201,6512,4416
48,0.0118821,0.00854832,5191,3722
49,0.00699005,0.00579279,3059,2532
50,0.00560479,0.00418739,2465,1839
51,0.0044233,0.0032055,1937,1402
52,0.00249674,0.00202927,1098,892
53,0.00109449,0.00109449,481,481
54,NAN,NAN,0,0
55,NAN,NAN,0,0
56,NAN,NAN,0,0
57,NAN,NAN,0,0
58,NAN,NAN,0,0
59,NAN,NAN,0,0
60,NAN,NAN,0,0
61,NAN,NAN,0,0
62,NAN,NAN,0,0
63,NAN,NAN,0,0
64,NAN,NAN,0,0
65,NAN,NAN,0,0
66,NAN,NAN,0,0
67,NAN,NAN,0,0
68,NAN,NAN,0,0
69,NAN,NAN,0,0
70,NAN,NAN,0,0
71,NAN,NAN,0,0
72,NAN,NAN,0,0
73,NAN,NAN,0,0
74,NAN,NAN,0,0
75,NAN,NAN,0,0
76,NAN,NAN,0,0
77,NAN,NAN,0,0
78,NAN,NAN,0,0
79,NAN,NAN,0,0
80,NAN,NAN,0,0
81,NAN,NAN,0,0
82,NAN,NAN,0,0
83,NAN,NAN,0,0
84,NAN,NAN,0,0
85,NAN,NAN,0,0
86,NAN,NAN,0,0
87,NAN,NAN,0,0
88,NAN,NAN,0,0
89,NAN,NAN,0,0
90,NAN,NAN,0,0
91,NAN,NAN,0,0
92,NAN,NAN,0,0
93,NAN,NAN,0,0
94,NAN,NAN,0,0
95,NAN,NAN,0,0
96,NAN,NAN,0,0
97,NAN,NAN,0,0
98,NAN,NAN,0,0
99,NAN,NAN,0,0
100,NAN,NAN,0,0
101,NAN,NAN,0,0
102,NAN,NAN,0,0
103,NAN,NAN,0,0
104,NAN,NAN,0,0
105,NAN,NAN,0,0
106,NAN,NAN,0,0
107,NAN,NAN,0,0
108,NAN,NAN,0,0
109,NAN,NAN,0,0
110,NAN,NAN,0,0
111,NAN,NAN,0,0
112,NAN,NAN,0,0
113,NAN,NAN,0,0
114,NAN,NAN,0,0
115,NAN,NAN,0,0
116,NAN,NAN,0,0
117,NAN,NAN,0,0
118,NAN,NAN,0,0
119,NAN,NAN,0,0
120,NAN,NAN,0,0
121,NAN,NAN,0,0
122,NAN,NAN,0,0
123,NAN,NAN,0,0
124,NAN,NAN,0,0
125,NAN,NAN,0,0
126,NAN,NAN,0,0
127,NAN,NAN,0,0
128,NAN,NAN,0,0
129,NAN,NAN,0,0
130,NAN,NAN,0,0
131,NAN,NAN,0,0
132,NAN,NAN,0,0
133,NAN,NAN,0,0
134,NAN,NAN,0,0
135,NAN,NAN,0,0
136,NAN,NAN,0,0
137,NAN,NAN,0,0
138,NAN,NAN,0,0
139,NAN,NAN,0,0
140,NAN,NAN,0,0
141,NAN,NAN,0,0
142,NAN,NAN,0,0
143,NAN,NAN,0,0
144,NAN,NAN,0,0
145,NAN,NAN,0,0
146,NAN,NAN,0,0
147,NAN,NAN,0,0
148,NAN,NAN,0,0
149,NAN,NAN,0,0
150,NAN,NAN,0,0
NAN,NAN,NAN,NAN,NAN
1,0.996177,0.994885,202204,150940
2,0.993984,0.991996,196962,147730
3,0.993241,0.990996,199427,149348
4,0.989895,0.986587,198086,148730
5,0.987611,0.983528,201518,150943
6,0.983879,0.978582,199818,149591
7,0.979943,0.973394,197192,147661
8,0.974735,0.966611,197495,148195
9,0.967824,0.957592,198429,148964
10,0.957849,0.944543,198336,148656
11,0.947157,0.930743,197827,148325
12,0.934666,0.914319,198968,148415
13,0.915901,0.890511,194541,145286
14,0.895755,0.865237,194764,145525
15,0.869173,0.832222,192261,143545
16,0.841721,0.798629,191244,142624
17,0.808934,0.759413,188967,140884
18,0.770172,0.713939,186468,138874
19,0.724074,0.660796,180532,134020
20,0.672926,0.603654,174475,129159
21,0.621223,0.547478,167955,123896
22,0.561928,0.486615,158865,117391
23,0.507021,0.43082,150274,110594
24,0.452997,0.377847,140343,102921
25,0.395988,0.325334,128202,94297
26,0.343388,0.277337,115967,85100
27,0.298745,0.236649,104814,76274
28,0.254972,0.19973,91840,66976
29,0.217626,0.168141,80791,58707
30,0.182611,0.139891,69716,50754
31,0.1486,0.113318,58158,42585
32,0.125946,0.0943293,50549,36538
33,0.101733,0.0762708,41395,30179
34,0.0854427,0.0631551,35355,25511
35,0.0673961,0.0503204,28131,20626
36,0.0593394,0.0426259,25034,17669
37,0.0453827,0.0336332,19193,14051
38,0.0401752,0.0288985,17136,12183
39,0.0308072,0.0227822,13145,9641
40,0.0244647,0.018094,10573,7769
41,0.0207109,0.0149618,8992,6458
42,0.0160053,0.0118768,6949,5135
43,0.0126989,0.00927637,5558,4046
44,0.0122232,0.00852879,5347,3717
45,0.010391,0.0073287,4527,3183
46,0.0105377,0.00717861,4594,3119
47,0.00869601,0.00603927,3800,2632
48,0.00599588,0.00448422,2614,1952
49,0.00694521,0.00461801,3030,2010
50,0.00326449,0.00280303,1425,1223
51,0.00144405,0.00144405,634,634
52,NAN,NAN,0,0
53,NAN,NAN,0,0
54,NAN,NAN,0,0
55,NAN,NAN,0,0
56,NAN,NAN,0,0
57,NAN,NAN,0,0
58,NAN,NAN,0,0
59,NAN,NAN,0,0
60,NAN,NAN,0,0
61,NAN,NAN,0,0
62,NAN,NAN,0,0
63,NAN,NAN,0,0
64,NAN,NAN,0,0
65,NAN,NAN,0,0
66,NAN,NAN,0,0
67,NAN,NAN,0,0
68,NAN,NAN,0,0
69,NAN,NAN,0,0
70,NAN,NAN,0,0
71,NAN,NAN,0,0
72,NAN,NAN,0,0
73,NAN,NAN,0,0
74,NAN,NAN,0,0
75,NAN,NAN,0,0
76,NAN,NAN,0,0
77,NAN,NAN,0,0
78,NAN,NAN,0,0
79,NAN,NAN,0,0
80,NAN,NAN,0,0
81,NAN,NAN,0,0
82,NAN,NAN,0,0
83,NAN,NAN,0,0
84,NAN,NAN,0,0
85,NAN,NAN,0,0
86,NAN,NAN,0,0
87,NAN,NAN,0,0
88,NAN,NAN,0,0
89,NAN,NAN,0,0
90,NAN,NAN,0,0
91,NAN,NAN,0,0
92,NAN,NAN,0,0
93,NAN,NAN,0,0
94,NAN,NAN,0,0
95,NAN,NAN,0,0
96,NAN,NAN,0,0
97,NAN,NAN,0,0
98,NAN,NAN,0,0
99,NAN,NAN,0,0
100,NAN,NAN,0,0
101,NAN,NAN,0,0
102,NAN,NAN,0,0
103,NAN,NAN,0,0
104,NAN,NAN,0,0
105,NAN,NAN,0,0
106,NAN,NAN,0,0
107,NAN,NAN,0,0
108,NAN,NAN,0,0
109,NAN,NAN,0,0
110,NAN,NAN,0,0
111,NAN,NAN,0,0
112,NAN,NAN,0,0
113,NAN,NAN,0,0
114,NAN,NAN,0,0
115,NAN,NAN,0,0
116,NAN,NAN,0,0
117,NAN,NAN,0,0
118,NAN,NAN,0,0
119,NAN,NAN,0,0
120,NAN,NAN,0,0
121,NAN,NAN,0,0
122,NAN,NAN,0,0
123,NAN,NAN,0,0
124,NAN,NAN,0,0
125,NAN,NAN,0,0
126,NAN,NAN,0,0
127,NAN,NAN,0,0
128,NAN,NAN,0,0
129,NAN,NAN,0,0
130,NAN,NAN,0,0
131,NAN,NAN,0,0
132,NAN,NAN,0,0
133,NAN,NAN,0,0
134,NAN,NAN,0,0
135,NAN,NAN,0,0
136,NAN,NAN,0,0
137,NAN,NAN,0,0
138,NAN,NAN,0,0
139,NAN,NAN,0,0
140,NAN,NAN,0,0
141,NAN,NAN,0,0
142,NAN,NAN,0,0
143,NAN,NAN,0,0
144,NAN,NAN,0,0
145,NAN,NAN,0,0
146,NAN,NAN,0,0
147,NAN,NAN,0,0
148,NAN,NAN,0,0
149,NAN,NAN,0,0
150,NAN,NAN,0,0
NAN,NAN,NAN,NAN,NAN
1,0.995129,0.993507,199995,149809
2,0.992684,0.990285,198793,149327
3,0.991113,0.988188,198960,149245
4,0.988439,0.984666,199803,150068
5,0.986521,0.982068,199735,149461
6,0.982851,0.977261,198477,148832
7,0.97924,0.972467,199430,149334
8,0.972418,0.963672,197434,148550
9,0.965729,0.954696,200804,150168
10,0.954511,0.94009,196759,147141
11,0.942315,0.924371,197432,147720
12,0.927083,0.904897,196232,146854
13,0.90918,0.882156,196072,146617
14,0.886129,0.853345,193605,144764
15,0.860501,0.821219,193451,144055
16,0.828567,0.782724,187977,140110
17,0.789771,0.736329,185773,138097
18,0.749672,0.689686,183097,135884
19,0.703948,0.637584,178624,132159
20,0.651468,0.580815,170678,126520
21,0.602094,0.527648,166473,122896
22,0.543049,0.467394,156171,115321
23,0.488483,0.41278,148067,108990
24,0.432103,0.358243,135359,99306
25,0.381043,0.309995,124829,91097
26,0.327363,0.263132,111111,81525
27,0.280698,0.221829,99385,72600
28,0.239114,0.186269,87300,63590
29,0.200818,0.155422,75650,55402
30,0.167821,0.128075,64641,47083
31,0.140072,0.105913,55316,40228
32,0.116509,0.0871445,46969,34001
33,0.0955563,0.0709808,39085,28265
34,0.0786521,0.0580644,32581,23527
35,0.0644905,0.0477364,27066,19682
36,0.0507486,0.0377864,21503,15795
37,0.0433042,0.031298,18483,13193
38,0.0361782,0.0260702,15512,11062
39,0.0307108,0.0221239,13164,9400
40,0.0293463,0.020378,12678,8723
41,0.0203311,0.0153853,8775,6607
42,0.0195981,0.0136414,8535,5905
43,0.0144632,0.01068,6267,4610
44,0.0101697,0.00790666,4436,3441
45,0.0113804,0.00768788,4982,3353
46,0.00603874,0.00500271,2633,2179
47,0.00584049,0.00421277,2569,1850
48,0.00338047,0.00267989,1487,1178
49,0.00624966,0.00381189,2748,1672
50,0.00279622,0.00237092,1220,1034
51,0.00393479,0.00254878,1733,1121
52,0.00122962,0.00122962,538,538
53,NAN,NAN,0,0
54,NAN,NAN,0,0
55,NAN,NAN,0,0
56,NAN,NAN,0,0
57,NAN,NAN,0,0
58,NAN,NAN,0,0
59,NAN,NAN,0,0
60,NAN,NAN,0,0
61,NAN,NAN,0,0
62,NAN,NAN,0,0
63,NAN,NAN,0,0
64,NAN,NAN,0,0
65,NAN,NAN,0,0
66,NAN,NAN,0,0
67,NAN,NAN,0,0
68,NAN,NAN,0,0
69,NAN,NAN,0,0
70,NAN,NAN,0,0
71,NAN,NAN,0,0
72,NAN,NAN,0,0
73,NAN,NAN,0,0
74,NAN,NAN,0,0
75,NAN,NAN,0,0
76,NAN,NAN,0,0
77,NAN,NAN,0,0
78,NAN,NAN,0,0
79,NAN,NAN,0,0
80,NAN,NAN,0,0
81,NAN,NAN,0,0
82,NAN,NAN,0,0
83,NAN,NAN,0,0
84,NAN,NAN,0,0
85,NAN,NAN,0,0
86,NAN,NAN,0,0
87,NAN,NAN,0,0
88,NAN,NAN,0,0
89,NAN,NAN,0,0
90,NAN,NAN,0,0
91,NAN,NAN,0,0
92,NAN,NAN,0,0
93,NAN,NAN,0,0
94,NAN,NAN,0,0
95,NAN,NAN,0,0
96,NAN,NAN,0,0
97,NAN,NAN,0,0
98,NAN,NAN,0,0
99,NAN,NAN,0,0
100,NAN,NAN,0,0
101,NAN,NAN,0,0
102,NAN,NAN,0,0
103,NAN,NAN,0,0
104,NAN,NAN,0,0
105,NAN,NAN,0,0
106,NAN,NAN,0,0
107,NAN,NAN,0,0
108,NAN,NAN,0,0
109,NAN,NAN,0,0
110,NAN,NAN,0,0
111,NAN,NAN,0,0
112,NAN,NAN,0,0
113,NAN,NAN,0,0
114,NAN,NAN,0,0
115,NAN,NAN,0,0
116,NAN,NAN,0,0
117,NAN,NAN,0,0
118,NAN,NAN,0,0
119,NAN,NAN,0,0
120,NAN,NAN,0,0
121,NAN,NAN,0,0
122,NAN,NAN,0,0
123,NAN,NAN,0,0
124,NAN,NAN,0,0
125,NAN,NAN,0,0
126,NAN,NAN,0,0
127,NAN,NAN,0,0
128,NAN,NAN,0,0
129,NAN,NAN,0,0
130,NAN,NAN,0,0
131,NAN,NAN,0,0
132,NAN,NAN,0,0
133,NAN,NAN,0,0
134,NAN,NAN,0,0
135,NAN,NAN,0,0
136,NAN,NAN,0,0
137,NAN,NAN,0,0
138,NAN,NAN,0,0
139,NAN,NAN,0,0
140,NAN,NAN,0,0
141,NAN,NAN,0,0
142,NAN,NAN,0,0
143,NAN,NAN,0,0
144,NAN,NAN,0,0
145,NAN,NAN,0,0
146,NAN,NAN,0,0
147,NAN,NAN,0,0
148,NAN,NAN,0,0
149,NAN,NAN,0,0
150,NAN,NAN,0,0
NAN,NAN,NAN,NAN,NAN
1,0.997614,0.996822,199860,149933
2,0.996198,0.994942,198873,149298
3,0.995809,0.994418,200305,150188
4,0.994555,0.992746,200928,150548
5,0.992894,0.990544,199822,149789
6,0.991459,0.988636,199888,149805
7,0.988896,0.985227,200020,149783
8,0.986059,0.981495,198468,148831
9,0.9816,0.975598,199206,149286
10,0.975803,0.967943,197924,148196
11,0.969485,0.959614,199204,148981
12,0.960832,0.948352,196715,147245
13,0.951269,0.935931,196947,147382
14,0.937719,0.918411,196137,146639
15,0.922047,0.898382,195793,146342
16,0.901542,0.872411,193918,144808
17,0.878896,0.844224,193090,144190
18,0.849916,0.808598,190529,142137
19,0.814804,0.765938,188878,140483
20,0.77557,0.719854,185338,137811
21,0.733067,0.670675,181239,134400
22,0.68648,0.618397,176089,130324
23,0.63194,0.560104,168599,125031
24,0.579052,0.503912,163009,120370
25,0.518424,0.442579,152681,112609
26,0.464571,0.389171,142561,104682
27,0.408832,0.336792,130384,95742
28,0.358429,0.289419,119367,87024
29,0.307501,0.245703,106072,77811
30,0.263752,0.207741,94842,69420
31,0.22376,0.173553,82769,60297
32,0.187363,0.144121,71410,52154
33,0.156483,0.118368,61200,44292
34,0.128554,0.0966834,51328,37241
35,0.104691,0.0785192,42426,30916
36,0.0849563,0.0632595,35003,25460
37,0.0710641,0.0521826,29612,21311
38,0.0576766,0.0424658,24192,17529
39,0.0475571,0.034589,20205,14498
40,0.0347156,0.026133,14835,11069
41,0.0305332,0.0220443,13138,9403
42,0.0231548,0.0171192,9966,7323
43,0.0201266,0.0144824,8761,6268
44,0.014746,0.0109645,6406,4745
45,0.0124357,0.00900843,5426,3917
46,0.00768913,0.00614296,3351,2673
47,0.0053602,0.00427638,2349,1872
48,0.00719759,0.00455006,3169,1998
49,0.00485207,0.00359688,2130,1577
50,0.00263896,0.00225014,1158,987
51,0.00117924,0.00117924,519,519
52,NAN,NAN,0,0
53,NAN,NAN,0,0
54,NAN,NAN,0,0
55,NAN,NAN,0,0
56,NAN,NAN,0,0
57,NAN,NAN,0,0
58,NAN,NAN,0,0
59,NAN,NAN,0,0
60,NAN,NAN,0,0
61,NAN,NAN,0,0
62,NAN,NAN,0,0
63,NAN,NAN,0,0
64,NAN,NAN,0,0
65,NAN,NAN,0,0
66,NAN,NAN,0,0
67,NAN,NAN,0,0
68,NAN,NAN,0,0
69,NAN,NAN,0,0
70,NAN,NAN,0,0
71,NAN,NAN,0,0
72,NAN,NAN,0,0
73,NAN,NAN,0,0
74,NAN,NAN,0,0
75,NAN,NAN,0,0
76,NAN,NAN,0,0
77,NAN,NAN,0,0
78,NAN,NAN,0,0
79,NAN,NAN,0,0
80,NAN,NAN,0,0
81,NAN,NAN,0,0
82,NAN,NAN,0,0
83,NAN,NAN,0,0
84,NAN,NAN,0,0
85,NAN,NAN,0,0
86,NAN,NAN,0,0
87,NAN,NAN,0,0
88,NAN,NAN,0,0
89,NAN,NAN,0,0
90,NAN,NAN,0,0
91,NAN,NAN,0,0
92,NAN,NAN,0,0
93,NAN,NAN,0,0
94,NAN,NAN,0,0
95,NAN,NAN,0,0
96,NAN,NAN,0,0
97,NAN,NAN,0,0
98,NAN,NAN,0,0
99,NAN,NAN,0,0
100,NAN,NAN,0,0
101,NAN,NAN,0,0
102,NAN,NAN,0,0
103,NAN,NAN,0,0
104,NAN,NAN,0,0
105,NAN,NAN,0,0
106,NAN,NAN,0,0
107,NAN,NAN,0,0
108,NAN,NAN,0,0
109,NAN,NAN,0,0
110,NAN,NAN,0,0
111,NAN,NAN,0,0
112,NAN,NAN,0,0
113,NAN,NAN,0,0
114,NAN,NAN,0,0
115,NAN,NAN,0,0
116,NAN,NAN,0,0
117,NAN,NAN,0,0
118,NAN,NAN,0,0
119,NAN,NAN,0,0
120,NAN,NAN,0,0
121,NAN,NAN,0,0
122,NAN,NAN,0,0
123,NAN,NAN,0,0
124,NAN,NAN,0,0
125,NAN,NAN,0,0
126,NAN,NAN,0,0
127,NAN,NAN,0,0
128,NAN,NAN,0,0
129,NAN,NAN,0,0
130,NAN,NAN,0,0
131,NAN,NAN,0,0
132,NAN,NAN,0,0
133,NAN,NAN,0,0
134,NAN,NAN,0,0
135,NAN,NAN,0,0
136,NAN,NAN,0,0
137,NAN,NAN,0,0
138,NAN,NAN,0,0
139,NAN,NAN,0,0
140,NAN,NAN,0,0
141,NAN,NAN,0,0
142,NAN,NAN,0,0
143,NAN,NAN,0,0
144,NAN,NAN,0,0
145,NAN,NAN,0,0
146,NAN,NAN,0,0
147,NAN,NAN,0,0
148,NAN,NAN,0,0
149,NAN,NAN,0,0
150,NAN,NAN,0,0
NAN,NAN,NAN,NAN,NAN
1,0.996243,0.994999,200743,150603
2,0.994012,0.992047,199530,149941
3,0.993266,0.991032,201343,150844
4,0.990858,0.987871,198673,149298
5,0.989298,0.985789,202165,151704
6,0.985762,0.981079,200437,150111
7,0.982734,0.977139,199493,149810
8,0.9781,0.971005,199726,149761
9,0.972616,0.963746,198404,148494
10,0.964841,0.953541,198161,148206
11,0.956288,0.942456,197309,147712
12,0.943502,0.92584,197041,147304
13,0.926286,0.903831,194496,145467
14,0.908367,0.881023,194981,145649
15,0.884998,0.851943,193650,144797
16,0.860791,0.821658,193807,144404
17,0.827975,0.78204,188972,140872
18,0.791419,0.738563,186892,139149
19,0.748753,0.688647,183422,136131
20,0.702373,0.636247,178213,132088
21,0.653801,0.582393,172848,127642
22,0.600337,0.525278,164113,120890
23,0.543231,0.466735,155915,114743
24,0.484086,0.408909,145431,107222
25,0.428896,0.35517,135442,99336
26,0.374384,0.304693,122979,90055
27,0.326302,0.261369,111684,81595
28,0.278593,0.219671,98736,71975
29,0.235396,0.183858,85848,62818
30,0.19741,0.152305,74581,54479
31,0.167154,0.127018,64941,47079
32,0.137952,0.104157,54630,39691
33,0.11403,0.0858657,46038,33599
34,0.0952138,0.0710153,39170,28454
35,0.0760058,0.056815,31498,23066
36,0.0638568,0.0469739,26797,19363
37,0.0499304,0.0372289,21024,15469
38,0.0437184,0.0317959,18671,13412
39,0.0336111,0.025009,14366,10595
40,0.0249101,0.0187378,10740,8028
41,0.0224744,0.0161459,9762,6968
42,0.0193463,0.0139024,8400,6003
43,0.0134409,0.0102344,5850,4440
44,0.00987632,0.007449,4301,3236
45,0.0108584,0.00744843,4763,3256
46,0.00726309,0.00550784,3181,2408
47,0.00479708,0.00372272,2113,1638
48,0.0048255,0.00330168,2121,1449
49,0.00335718,0.00246185,1470,1077
50,0.00633166,0.00377076,2771,1646
51,0.00417106,0.00305353,1827,1336
52,0.00146554,0.00146554,645,645
53,NAN,NAN,0,0
54,NAN,NAN,0,0
55,NAN,NAN,0,0
56,NAN,NAN,0,0
57,NAN,NAN,0,0
58,NAN,NAN,0,0
59,NAN,NAN,0,0
60,NAN,NAN,0,0
61,NAN,NAN,0,0
62,NAN,NAN,0,0
63,NAN,NAN,0,0
64,NAN,NAN,0,0
65,NAN,NAN,0,0
66,NAN,NAN,0,0
67,NAN,NAN,0,0
68,NAN,NAN,0,0
69,NAN,NAN,0,0
70,NAN,NAN,0,0
71,NAN,NAN,0,0
72,NAN,NAN,0,0
73,NAN,NAN,0,0
74,NAN,NAN,0,0
75,NAN,NAN,0,0
76,NAN,NAN,0,0
77,NAN,NAN,0,0
78,NAN,NAN,0,0
79,NAN,NAN,0,0
80,NAN,NAN,0,0
81,NAN,NAN,0,0
82,NAN,NAN,0,0
83,NAN,NAN,0,0
84,NAN,NAN,0,0
85,NAN,NAN,0,0
86,NAN,NAN,0,0
87,NAN,NAN,0,0
88,NAN,NAN,0,0
89,NAN,NAN,0,0
90,NAN,NAN,0,0
91,NAN,NAN,0,0
92,NAN,NAN,0,0
93,NAN,NAN,0,0
94,NAN,NAN,0,0
95,NAN,NAN,0,0
96,NAN,NAN,0,0
97,NAN,NAN,0,0
98,NAN,NAN,0,0
99,NAN,NAN,0,0
100,NAN,NAN,0,0
101,NAN,NAN,0,0
102,NAN,NAN,0,0
103,NAN,NAN,0,0
104,NAN,NAN,0,0
105,NAN,NAN,0,0
106,NAN,NAN,0,0
107,NAN,NAN,0,0
108,NAN,NAN,0,0
109,NAN,NAN,0,0
110,NAN,NAN,0,0
111,NAN,NAN,0,0
112,NAN,NAN,0,0
113,NAN,NAN,0,0
114,NAN,NAN,0,0
115,NAN,NAN,0,0
116,NAN,NAN,0,0
117,NAN,NAN,0,0
118,NAN,NAN,0,0
119,NAN,NAN,0,0
120,NAN,NAN,0,0
121,NAN,NAN,0,0
122,NAN,NAN,0,0
123,NAN,NAN,0,0
124,NAN,NAN,0,0
125,NAN,NAN,0,0
126,NAN,NAN,0,0
127,NAN,NAN,0,0
128,NAN,NAN,0,0
129,NAN,NAN,0,0
130,NAN,NAN,0,0
131,NAN,NAN,0,0
132,NAN,NAN,0,0
133,NAN,NAN,0,0
134,NAN,NAN,0,0
135,NAN,NAN,0,0
136,NAN,NAN,0,0
137,NAN,NAN,0,0
138,NAN,NAN,0,0
139,NAN,NAN,0,0
140,NAN,NAN,0,0
141,NAN,NAN,0,0
142,NAN,NAN,0,0
143,NAN,NAN,0,0
144,NAN,NAN,0,0
145,NAN,NAN,0,0
146,NAN,NAN,0,0
147,NAN,NAN,0,0
148,NAN,NAN,0,0
149,NAN,NAN,0,0
150,NAN,NAN,0,0
NAN,NAN,NAN,NAN,NAN
1,0.995028,0.993373,201137,150653
2,0.992043,0.989435,199099,149559
3,0.99055,0.98742,200210,149919
4,0.987289,0.983115,199693,149694
5,0.98444,0.979347,199798,149749
6,0.978262,0.97122,198505,148855
7,0.972279,0.963295,199461,149253
8,0.964182,0.952746,197717,148092
9,0.953464,0.938765,198002,148154
10,0.940924,0.922587,197195,147554
11,0.925111,0.902245,195167,145820
12,0.906978,0.879315,194418,145283
13,0.886013,0.85272,193390,144050
14,0.860246,0.821017,191680,142843
15,0.829849,0.784038,189511,141068
16,0.792747,0.740203,186730,139090
17,0.750339,0.690432,183467,136149
18,0.704414,0.638298,177921,131751
19,0.65304,0.582358,171427,127000
20,0.598941,0.524815,164280,121493
21,0.54321,0.466977,156678,115427
22,0.487747,0.411588,147166,108113
23,0.428161,0.354664,134452,98688
24,0.373772,0.304609,123095,90340
25,0.322156,0.258175,110578,80974
26,0.277823,0.219102,98920,72146
27,0.236547,0.184086,87022,63368
28,0.198931,0.15299,75265,54744
29,0.164575,0.125187,63616,46212
30,0.137114,0.103036,54217,39194
31,0.112885,0.084681,45439,33036
32,0.0953045,0.0703853,39084,28091
33,0.0763828,0.056861,31699,23109
34,0.0633476,0.0464267,26596,19146
35,0.0517187,0.0379347,21940,15862
36,0.0410184,0.0302226,17399,12677
37,0.0315689,0.0235916,13582,10067
38,0.0267475,0.0193467,11501,8256
39,0.0204289,0.0150572,8840,6480
40,0.0157447,0.0118068,6851,5117
41,0.013584,0.00985684,5929,4286
42,0.0104835,0.00770579,4569,3349
43,0.0100835,0.00704119,4410,3070
44,0.00792897,0.00582887,3472,2547
45,0.00737784,0.00515248,3229,2250
46,0.00623859,0.00450474,2733,1970
47,0.0046954,0.00345445,2055,1510
48,0.0016666,0.0016666,730,730
49,NAN,NAN,0,0
50,NAN,NAN,0,0
51,NAN,NAN,0,0
52,NAN,NAN,0,0
53,NAN,NAN,0,0
54,NAN,NAN,0,0
55,NAN,NAN,0,0
56,NAN,NAN,0,0
57,NAN,NAN,0,0
58,NAN,NAN,0,0
59,NAN,NAN,0,0
60,NAN,NAN,0,0
61,NAN,NAN,0,0
62,NAN,NAN,0,0
63,NAN,NAN,0,0
64,NAN,NAN,0,0
65,NAN,NAN,0,0
66,NAN,NAN,0,0
67,NAN,NAN,0,0
68,NAN,NAN,0,0
69,NAN,NAN,0,0
70,NAN,NAN,0,0
71,NAN,NAN,0,0
72,NAN,NAN,0,0
73,NAN,NAN,0,0
74,NAN,NAN,0,0
75,NAN,NAN,0,0
76,NAN,NAN,0,0
77,NAN,NAN,0,0
78,NAN,NAN,0,0
79,NAN,NAN,0,0
80,NAN,NAN,0,0
81,NAN,NAN,0,0
82,NAN,NAN,0,0
83,NAN,NAN,0,0
84,NAN,NAN,0,0
85,NAN,NAN,0,0
86,NAN,NAN,0,0
87,NAN,NAN,0,0
88,NAN,NAN,0,0
89,NAN,NAN,0,0
90,NAN,NAN,0,0
91,NAN,NAN,0,0
92,NAN,NAN,0,0
93,NAN,NAN,0,0
94,NAN,NAN,0,0
95,NAN,NAN,0,0
96,NAN,NAN,0,0
97,NAN,NAN,0,0
98,NAN,NAN,0,0
99,NAN,NAN,0,0
100,NAN,NAN,0,0
101,NAN,NAN,0,0
102,NAN,NAN,0,0
103,NAN,NAN,0,0
104,NAN,NAN,0,0
105,NAN,NAN,0,0
106,NAN,NAN,0,0
107,NAN,NAN,0,0
108,NAN,NAN,0,0
109,NAN,NAN,0,0
110,NAN,NAN,0,0
111,NAN,NAN,0,0
112,NAN,NAN,0,0
113,NAN,NAN,0,0
114,NAN,NAN,0,0
115,NAN,NAN,0,0
116,NAN,NAN,0,0
117,NAN,NAN,0,0
118,NAN,NAN,0,0
119,NAN,NAN,0,0
120,NAN,NAN,0,0
121,NAN,NAN,0,0
122,NAN,NAN,0,0
123,NAN,NAN,0,0
124,NAN,NAN,0,0
125,NAN,NAN,0,0
126,NAN,NAN,0,0
127,NAN,NAN,0,0
128,NAN,NAN,0,0
129,NAN,NAN,0,0
130,NAN,NAN,0,0
131,NAN,NAN,0,0
132,NAN,NAN,0,0
133,NAN,NAN,0,0
134,NAN,NAN,0,0
135,NAN,NAN,0,0
136,NAN,NAN,0,0
137,NAN,NAN,0,0
138,NAN,NAN,0,0
139,NAN,NAN,0,0
140,NAN,NAN,0,0
141,NAN,NAN,0,0
142,NAN,NAN,0,0
143,NAN,NAN,0,0
144,NAN,NAN,0,0
145,NAN,NAN,0,0
146,NAN,NAN,0,0
147,NAN,NAN,0,0
148,NAN,NAN,0,0
149,NAN,NAN,0,0
150,NAN,NAN,0,0
NAN,NAN,NAN,NAN,NAN
1,0.997534,0.996715,201426,151080
2,0.996487,0.995313,199122,149060
3,0.996098,0.994804,198867,149140
4,0.994251,0.992338,199222,149194
5,0.993186,0.990941,199388,149637
6,0.99134,0.988499,199632,149899
7,0.98884,0.985154,199991,149766
8,0.985577,0.980836,198509,148680
9,0.981948,0.976035,198436,148575
10,0.976487,0.968862,198010,148355
11,0.969721,0.959964,197055,147535
12,0.961077,0.948681,196498,147110
13,0.952057,0.936854,197428,147503
14,0.939822,0.921214,196543,147151
15,0.925139,0.902342,196679,147051
16,0.906992,0.87932,195952,146412
17,0.884587,0.85089,194066,144488
18,0.856532,0.816713,190544,142215
19,0.824716,0.778133,189942,141586
20,0.787548,0.733877,186589,138807
21,0.746418,0.686156,182947,135885
22,0.700474,0.633993,178097,131915
23,0.648109,0.576928,171150,126720
24,0.596309,0.521487,164821,121602
25,0.537238,0.460866,154515,113773
26,0.482099,0.406414,145320,106886
27,0.427148,0.353883,135428,99477
28,0.374248,0.303574,122853,89540
29,0.321162,0.25772,109474,80340
30,0.274727,0.21666,97987,71548
31,0.233039,0.181223,85528,62302
32,0.198058,0.152091,74584,54169
33,0.165454,0.126207,64040,46655
34,0.139673,0.104992,55383,40018
35,0.116767,0.0871693,46863,33850
36,0.0963578,0.0716475,39441,28546
37,0.0791868,0.0587819,32863,23866
38,0.0640164,0.0475793,26696,19499
39,0.054171,0.0396571,22954,16550
40,0.0422716,0.0312986,17987,13167
41,0.035094,0.0253457,15014,10735
42,0.0301743,0.0217064,12989,9263
43,0.0256236,0.0181524,11045,7765
44,0.0190057,0.0141965,8228,6116
45,0.0149208,0.0109586,6503,4757
46,0.0127091,0.00902405,5564,3936
47,0.0105047,0.00757508,4594,3303
48,0.00776585,0.00587727,3397,2566
49,0.00768686,0.00537409,3362,2345
50,0.00648267,0.00448996,2837,1961
51,0.00567379,0.00397843,2490,1743
52,0.00458776,0.00327834,2008,1433
53,0.00259623,0.0021743,1142,956
54,0.00373267,0.00251348,1643,1105
55,0.00125405,0.00125405,551,551
56,NAN,NAN,0,0
57,NAN,NAN,0,0
58,NAN,NAN,0,0
59,NAN,NAN,0,0
60,NAN,NAN,0,0
61,NAN,NAN,0,0
62,NAN,NAN,0,0
63,NAN,NAN,0,0
64,NAN,NAN,0,0
65,NAN,NAN,0,0
66,NAN,NAN,0,0
67,NAN,NAN,0,0
68,NAN,NAN,0,0
69,NAN,NAN,0,0
70,NAN,NAN,0,0
71,NAN,NAN,0,0
72,NAN,NAN,0,0
73,NAN,NAN,0,0
74,NAN,NAN,0,0
75,NAN,NAN,0,0
76,NAN,NAN,0,0
77,NAN,NAN,0,0
78,NAN,NAN,0,0
79,NAN,NAN,0,0
80,NAN,NAN,0,0
81,NAN,NAN,0,0
82,NAN,NAN,0,0
83,NAN,NAN,0,0
84,NAN,NAN,0,0
85,NAN,NAN,0,0
86,NAN,NAN,0,0
87,NAN,NAN,0,0
88,NAN,NAN,0,0
89,NAN,NAN,0,0
90,NAN,NAN,0,0
91,NAN,NAN,0,0
92,NAN,NAN,0,0
93,NAN,NAN,0,0
94,NAN,NAN,0,0
95,NAN,NAN,0,0
96,NAN,NAN,0,0
97,NAN,NAN,0,0
98,NAN,NAN,0,0
99,NAN,NAN,0,0
100,NAN,NAN,0,0
101,NAN,NAN,0,0
102,NAN,NAN,0,0
103,NAN,NAN,0,0
104,NAN,NAN,0,0
105,NAN,NAN,0,0
106,NAN,NAN,0,0
107,NAN,NAN,0,0
108,NAN,NAN,0,0
109,NAN,NAN,0,0
110,NAN,NAN,0,0
111,NAN,NAN,0,0
112,NAN,NAN,0,0
113,NAN,NAN,0,0
114,NAN,NAN,0,0
115,NAN,NAN,0,0
116,NAN,NAN,0,0
117,NAN,NAN,0,0
118,NAN,NAN,0,0
119,NAN,NAN,0,0
120,NAN,NAN,0,0
121,NAN,NAN,0,0
122,NAN,NAN,0,0
123,NAN,NAN,0,0
124,NAN,NAN,0,0
125,NAN,NAN,0,0
126,NAN,NAN,0,0
127,NAN,NAN,0,0
128,NAN,NAN,0,0
129,NAN,NAN,0,0
130,NAN,NAN,0,0
131,NAN,NAN,0,0
132,NAN,NAN,0,0
133,NAN,NAN,0,0
134,NAN,NAN,0,0
135,NAN,NAN,0,0
136,NAN,NAN,0,0
137,NAN,NAN,0,0
138,NAN,NAN,0,0
139,NAN,NAN,0,0
140,NAN,NAN,0,0
141,NAN,NAN,0,0
142,NAN,NAN,0,0
143,NAN,NAN,0,0
144,NAN,NAN,0,0
145,NAN,NAN,0,0
146,NAN,NAN,0,0
147,NAN,NAN,0,0
148,NAN,NAN,0,0
149,NAN,NAN,0,0
150,NAN,NAN,0,0
NAN,NAN,NAN,NAN,NAN
1,0.996178,0.994898,200696,150160
2,0.994355,0.992487,199402,149533
3,0.993292,0.991098,200037,150408
4,0.990941,0.987968,201153,151000
5,0.989454,0.98601,200406,150548
6,0.986273,0.98179,200178,150205
7,0.982381,0.976632,200386,150207
8,0.977301,0.969957,199643,149711
9,0.971454,0.962241,199863,149666
10,0.964381,0.952981,198026,148240
11,0.95411,0.939629,197976,148204
12,0.942221,0.924291,197627,147954
13,0.928611,0.906677,196847,147024
14,0.913002,0.886907,194840,145600
15,0.890455,0.858942,194007,145333
16,0.865333,0.827286,194096,144684
17,0.834591,0.78991,189993,141578
18,0.799375,0.747913,187356,139509
19,0.758633,0.700185,183885,136632
20,0.712813,0.648113,179703,133350
21,0.660974,0.590591,173638,128476
22,0.608233,0.533608,165595,122033
23,0.54919,0.473735,156328,115515
24,0.493478,0.416729,148084,108598
25,0.435135,0.361382,136078,99962
26,0.382412,0.311997,125698,92057
27,0.327649,0.263219,111691,81881
28,0.281902,0.222138,99995,72742
29,0.237299,0.184982,86507,63106
30,0.198621,0.153074,74697,54472
31,0.167728,0.127739,64855,47128
32,0.13866,0.105062,54759,39933
33,0.113654,0.0857624,46102,33727
34,0.0951937,0.0709687,39077,28373
35,0.0754158,0.0562897,31276,22871
36,0.0637585,0.0468218,26668,19236
37,0.0510025,0.0378967,21510,15765
38,0.0421655,0.0308092,17982,12985
39,0.0344823,0.024997,14862,10669
40,0.0284476,0.0205766,12255,8793
41,0.0233379,0.0169085,10081,7256
42,0.0184331,0.013518,8006,5842
43,0.0133762,0.0101272,5844,4410
44,0.0124516,0.00883124,5427,3835
45,0.0091872,0.00685045,4014,2986
46,0.00690457,0.0052164,3023,2280
47,0.00939486,0.00596617,4121,2608
48,0.00525863,0.00402068,2310,1764
49,0.0048145,0.00342549,2114,1502
50,0.00512334,0.00343275,2253,1507
51,0.00368884,0.00281972,1621,1238
52,0.00274055,0.00210145,1211,928
53,0.00459281,0.00277478,2028,1223
54,0.00245459,0.00187289,1074,819
55,0.00292201,0.00193322,1283,848
56,0.00208159,0.0014988,913,657
57,0.00281921,0.00183178,1234,801
58,0.000942548,0.000942548,413,413
59,NAN,NAN,0,0
60,NAN,NAN,0,0
61,NAN,NAN,0,0
62,NAN,NAN,0,0
63,NAN,NAN,0,0
64,NAN,NAN,0,0
65,NAN,NAN,0,0
66,NAN,NAN,0,0
67,NAN,NAN,0,0
68,NAN,NAN,0,0
69,NAN,NAN,0,0
70,NAN,NAN,0,0
71,NAN,NAN,0,0
72,NAN,NAN,0,0
73,NAN,NAN,0,0
74,NAN,NAN,0,0
75,NAN,NAN,0,0
76,NAN,NAN,0,0
77,NAN,NAN,0,0
78,NAN,NAN,0,0
79,NAN,NAN,0,0
80,NAN,NAN,0,0
81,NAN,NAN,0,0
82,NAN,NAN,0,0
83,NAN,NAN,0,0
84,NAN,NAN,0,0
85,NAN,NAN,0,0
86,NAN,NAN,0,0
87,NAN,NAN,0,0
88,NAN,NAN,0,0
89,NAN,NAN,0,0
90,NAN,NAN,0,0
91,NAN,NAN,0,0
92,NAN,NAN,0,0
93,NAN,NAN,0,0
94,NAN,NAN,0,0
95,NAN,NAN,0,0
96,NAN,NAN,0,0
97,NAN,NAN,0,0
98,NAN,NAN,0,0
99,NAN,NAN,0,0
100,NAN,NAN,0,0
101,NAN,NAN,0,0
102,NAN,NAN,0,0
103,NAN,NAN,0,0
104,NAN,NAN,0,0
105,NAN,NAN,0,0
106,NAN,NAN,0,0
107,NAN,NAN,0,0
108,NAN,NAN,0,0
109,NAN,NAN,0,0
110,NAN,NAN,0,0
111,NAN,NAN,0,0
112,NAN,NAN,0,0
113,NAN,NAN,0,0
114,NAN,NAN,0,0
115,NAN,NAN,0,0
116,NAN,NAN,0,0
117,NAN,NAN,0,0
118,NAN,NAN,0,0
119,NAN,NAN,0,0
120,NAN,NAN,0,0
121,NAN,NAN,0,0
122,NAN,NAN,0,0
123,NAN,NAN,0,0
124,NAN,NAN,0,0
125,NAN,NAN,0,0
126,NAN,NAN,0,0
127,NAN,NAN,0,0
128,NAN,NAN,0,0
129,NAN,NAN,0,0
130,NAN,NAN,0,0
131,NAN,NAN,0,0
132,NAN,NAN,0,0
133,NAN,NAN,0,0
134,NAN,NAN,0,0
135,NAN,NAN,0,0
136,NAN,NAN,0,0
137,NAN,NAN,0,0
138,NAN,NAN,0,0
139,NAN,NAN,0,0
140,NAN,NAN,0,0
141,NAN,NAN,0,0
142,NAN,NAN,0,0
143,NAN,NAN,0,0
144,NAN,NAN,0,0
145,NAN,NAN,0,0
146,NAN,NAN,0,0
147,NAN,NAN,0,0
148,NAN,NAN,0,0
149,NAN,NAN,0,0
150,NAN,NAN,0,0
NAN,NAN,NAN,NAN,NAN
1,0.995023,0.993369,200907,150559
2,0.992473,0.989996,198717,149135
3,0.990895,0.987878,200034,149782
4,0.987196,0.983001,198373,148791
5,0.984392,0.979281,199430,149449
6,0.979544,0.972914,198818,149138
7,0.974742,0.966552,200522,150148
8,0.968024,0.957828,198292,148767
9,0.959588,0.946764,198865,148942
10,0.949524,0.93368,197972,148161
11,0.935881,0.916147,196885,147375
12,0.919701,0.895193,197171,147039
13,0.898672,0.868747,193236,144212
14,0.875133,0.839466,193541,144405
15,0.846511,0.804525,192495,143652
16,0.812687,0.763505,189808,141237
17,0.770457,0.713677,183626,136363
18,0.7274,0.664378,180785,134116
19,0.678907,0.610672,175526,130213
20,0.625864,0.553061,169226,125182
21,0.570605,0.49523,159887,118045
22,0.514559,0.438493,151234,111419
23,0.458908,0.383516,140704,103208
24,0.403436,0.331421,129386,94841
25,0.347757,0.281405,116806,85792
26,0.299075,0.237702,105000,76734
27,0.251904,0.19826,90887,66746
28,0.218295,0.168398,81896,59386
29,0.182858,0.140758,70017,51256
30,0.153844,0.116985,60325,43957
31,0.127549,0.0964692,51037,37273
32,0.106784,0.0797421,43284,31373
33,0.088918,0.0655238,36612,26304
34,0.0713246,0.0531713,29586,21633
35,0.0575194,0.0426918,24287,17747
36,0.0480487,0.0349979,20418,14671
37,0.0384805,0.028296,16393,11928
38,0.0309749,0.0227325,13302,9680
39,0.0259294,0.0186024,11211,7983
40,0.0227553,0.0162808,9850,7001
41,0.0174068,0.0128255,7509,5507
42,0.011844,0.00924416,5150,4009
43,0.0131295,0.00897489,5747,3912
44,0.00844682,0.00656864,3677,2854
45,0.00742044,0.0053446,3264,2346
46,0.0070408,0.00492367,3071,2143
47,0.00503846,0.00377793,2210,1655
48,0.00671705,0.00428351,2949,1876
49,0.00369169,0.003004,1611,1310
50,0.00501418,0.0032126,2200,1407
51,0.00347696,0.00247888,1529,1089
52,0.00247488,0.00188348,1086,826
53,0.000879877,0.000879877,387,387
54,NAN,NAN,0,0
55,NAN,NAN,0,0
56,NAN,NAN,0,0
57,NAN,NAN,0,0
58,NAN,NAN,0,0
59,NAN,NAN,0,0
60,NAN,NAN,0,0
61,NAN,NAN,0,0
62,NAN,NAN,0,0
63,NAN,NAN,0,0
64,NAN,NAN,0,0
65,NAN,NAN,0,0
66,NAN,NAN,0,0
67,NAN,NAN,0,0
68,NAN,NAN,0,0
69,NAN,NAN,0,0
70,NAN,NAN,0,0
71,NAN,NAN,0,0
72,NAN,NAN,0,0
73,NAN,NAN,0,0
74,NAN,NAN,0,0
75,NAN,NAN,0,0
76,NAN,NAN,0,0
77,NAN,NAN,0,0
78,NAN,NAN,0,0
79,NAN,NAN,0,0
80,NAN,NAN,0,0
81,NAN,NAN,0,0
82,NAN,NAN,0,0
83,NAN,NAN,0,0
84,NAN,NAN,0,0
85,NAN,NAN,0,0
86,NAN,NAN,0,0
87,NAN,NAN,0,0
88,NAN,NAN,0,0
89,NAN,NAN,0,0
90,NAN,NAN,0,0
91,NAN,NAN,0,0
92,NAN,NAN,0,0
93,NAN,NAN,0,0
94,NAN,NAN,0,0
95,NAN,NAN,0,0
96,NAN,NAN,0,0
97,NAN,NAN,0,0
98,NAN,NAN,0,0
99,NAN,NAN,0,0
100,NAN,NAN,0,0
101,NAN,NAN,0,0
102,NAN,NAN,0,0
103,NAN,NAN,0,0
104,NAN,NAN,0,0
105,NAN,NAN,0,0
106,NAN,NAN,0,0
107,NAN,NAN,0,0
108,NAN,NAN,0,0
109,NAN,NAN,0,0
110,NAN,NAN,0,0
111,NAN,NAN,0,0
112,NAN,NAN,0,0
113,NAN,NAN,0,0
114,NAN,NAN,0,0
115,NAN,NAN,0,0
116,NAN,NAN,0,0
117,NAN,NAN,0,0
118,NAN,NAN,0,0
119,NAN,NAN,0,0
120,NAN,NAN,0,0
121,NAN,NAN,0,0
122,NAN,NAN,0,0
123,NAN,NAN,0,0
124,NAN,NAN,0,0
125,NAN,NAN,0,0
126,NAN,NAN,0,0
127,NAN,NAN,0,0
128,NAN,NAN,0,0
129,NAN,NAN,0,0
130,NAN,NAN,0,0
131,NAN,NAN,0,0
132,NAN,NAN,0,0
133,NAN,NAN,0,0
134,NAN,NAN,0,0
135,NAN,NAN,0,0
136,NAN,NAN,0,0
137,NAN,NAN,0,0
138,NAN,NAN,0,0
139,NAN,NAN,0,0
140,NAN,NAN,0,0
141,NAN,NAN,0,0
142,NAN,NAN,0,0
143,NAN,NAN,0,0
144,NAN,NAN,0,0
145,NAN,NAN,0,0
146,NAN,NAN,0,0
147,NAN,NAN,0,0
148,NAN,NAN,0,0
149,NAN,NAN,0,0
150,NAN,NAN,0,0
NAN,NAN,NAN,NAN,NAN
1,0.99758,0.996772,200364,150092
2,0.996602,0.995475,199436,149581
3,0.995727,0.994314,199950,150050
4,0.994168,0.992243,199776,149911
5,0.992553,0.990095,198578,148932
6,0.990478,0.987323,199199,149144
7,0.988344,0.984499,198837,148937
8,0.984897,0.979992,199489,149829
9,0.981364,0.975291,201313,150898
10,0.975928,0.968162,199185,149401
11,0.970463,0.960947,198943,148990
12,0.962245,0.950237,197599,148046
13,0.953052,0.93826,199592,149417
14,0.940817,0.922466,197916,148124
15,0.925991,0.903428,195573,146227
16,0.907229,0.879622,194929,145654
17,0.882767,0.848943,193010,144052
18,0.854925,0.814592,192341,143400
19,0.822952,0.775773,189544,141082
20,0.785026,0.730831,185781,138133
21,0.74396,0.68297,184136,136521
22,0.696272,0.629329,177360,131356
23,0.643518,0.571623,170159,125781
24,0.590982,0.515699,164612,121314
25,0.536781,0.460539,155105,114267
26,0.480258,0.405311,145962,107659
27,0.424335,0.351261,134785,99006
28,0.367855,0.298957,121740,89215
29,0.317993,0.253789,109558,79915
30,0.270017,0.212339,96208,70117
31,0.230506,0.178639,84975,61696
32,0.189992,0.145973,71798,52320
33,0.161275,0.122526,62900,45677
34,0.135086,0.101475,53659,38800
35,0.110588,0.0831219,44621,32534
36,0.0921139,0.0683917,37929,27444
37,0.0746981,0.0555685,31026,22613
38,0.0630429,0.0460635,26433,18970
39,0.0505753,0.0373082,21388,15560
40,0.0449282,0.032122,19175,13528
41,0.0372833,0.0269905,15899,11388
42,0.0313668,0.0226491,13493,9656
43,0.0269354,0.0190816,11566,8128
44,0.0200319,0.0147322,8640,6320
45,0.0199241,0.0137922,8652,5952
46,0.0126182,0.00980226,5462,4231
47,0.00998327,0.00742395,4379,3248
48,0.00885254,0.00641355,3884,2807
49,0.00707588,0.00517615,3094,2259
50,0.00684216,0.00474634,2986,2067
51,0.00400691,0.00320947,1753,1403
52,0.00289349,0.00222847,1272,979
53,0.00268453,0.00188707,1176,826
54,0.00501201,0.00283628,2196,1240
55,0.00400982,0.0026989,1751,1177
56,0.00317635,0.0023129,1391,1012
57,0.0012334,0.0012334,540,540
58,NAN,NAN,0,0
59,NAN,NAN,0,0
60,NAN,NAN,0,0
61,NAN,NAN,0,0
62,NAN,NAN,0,0
63,NAN,NAN,0,0
64,NAN,NAN,0,0
65,NAN,NAN,0,0
66,NAN,NAN,0,0
67,NAN,NAN,0,0
68,NAN,NAN,0,0
69,NAN,NAN,0,0
70,NAN,NAN,0,0
71,NAN,NAN,0,0
72,NAN,NAN,0,0
73,NAN,NAN,0,0
74,NAN,NAN,0,0
75,NAN,NAN,0,0
76,NAN,NAN,0,0
77,NAN,NAN,0,0
78,NAN,NAN,0,0
79,NAN,NAN,0,0
80,NAN,NAN,0,0
81,NAN,NAN,0,0
82,NAN,NAN,0,0
83,NAN,NAN,0,0
84,NAN,NAN,0,0
85,NAN,NAN,0,0
86,NAN,NAN,0,0
87,NAN,NAN,0,0
88,NAN,NAN,0,0
89,NAN,NAN,0,0
90,NAN,NAN,0,0
91,NAN,NAN,0,0
92,NAN,NAN,0,0
93,NAN,NAN,0,0
94,NAN,NAN,0,0
95,NAN,NAN,0,0
96,NAN,NAN,0,0
97,NAN,NAN,0,0
98,NAN,NAN,0,0
99,NAN,NAN,0,0
100,NAN,NAN,0,0
101,NAN,NAN,0,0
102,NAN,NAN,0,0
103,NAN,NAN,0,0
104,NAN,NAN,0,0
105,NAN,NAN,0,0
106,NAN,NAN,0,0
107,NAN,NAN,0,0
108,NAN,NAN,0,0
109,NAN,NAN,0,0
110,NAN,NAN,0,0
111,NAN,NAN,0,0
112,NAN,NAN,0,0
113,NAN,NAN,0,0
114,NAN,NAN,0,0
115,NAN,NAN,0,0
116,NAN,NAN,0,0
117,NAN,NAN,0,0
118,NAN,NAN,0,0
119,NAN,NAN,0,0
120,NAN,NAN,0,0
121,NAN,NAN,0,0
122,NAN,NAN,0,0
123,NAN,NAN,0,0
124,NAN,NAN,0,0
125,NAN,NAN,0,0
126,NAN,NAN,0,0
127,NAN,NAN,0,0
128,NAN,NAN,0,0
129,NAN,NAN,0,0
130,NAN,NAN,0,0
131,NAN,NAN,0,0
132,NAN,NAN,0,0
133,NAN,NAN,0,0
134,NAN,NAN,0,0
135,NAN,NAN,0,0
136,NAN,NAN,0,0
137,NAN,NAN,0,0
138,NAN,NAN,0,0
139,NAN,NAN,0,0
140,NAN,NAN,0,0
141,NAN,NAN,0,0
142,NAN,NAN,0,0
143,NAN,NAN,0,0
144,NAN,NAN,0,0
145,NAN,NAN,0,0
146,NAN,NAN,0,0
147,NAN,NAN,0,0
148,NAN,NAN,0,0
149,NAN,NAN,0,0
150,NAN,NAN,0,0
NAN,NAN,NAN,NAN,NAN
1,0.996362,0.995151,199121,149199
2,0.994489,0.992666,199576,149697
3,0.993766,0.991687,200389,149944
4,0.991293,0.988431,198433,148916
5,0.988918,0.98524,200606,150060
6,0.985288,0.980487,197771,148379
7,0.982297,0.976531,198422,148794
8,0.976693,0.969145,198800,149005
9,0.971205,0.961881,198623,148601
10,0.962963,0.951198,198018,148442
11,0.952012,0.936856,197613,147790
12,0.939658,0.920836,196009,146412
13,0.924736,0.901687,195147,145673
14,0.905631,0.877724,192999,144361
15,0.882938,0.849188,193404,144384
16,0.854905,0.814847,191326,142907
17,0.821888,0.774638,190073,141586
18,0.784676,0.730609,186235,138601
19,0.74168,0.68067,182931,135808
20,0.694797,0.628158,176734,131148
21,0.644098,0.572581,170619,126296
22,0.587797,0.51285,162668,120092
23,0.534783,0.458816,154886,114231
24,0.477241,0.401334,144146,105849
25,0.41971,0.346566,132510,97169
26,0.367432,0.298333,122036,89328
27,0.316515,0.253037,108956,79702
28,0.270111,0.212849,96413,70447
29,0.232048,0.179118,85680,61872
30,0.192131,0.147972,72536,52969
31,0.163468,0.123873,63821,46177
32,0.13639,0.102526,54136,39159
33,0.111595,0.0841652,44920,32864
34,0.0943504,0.0699515,38842,28042
35,0.0768272,0.0571748,31930,23267
36,0.062337,0.0458522,26101,18867
37,0.0504873,0.0373098,21352,15563
38,0.0392036,0.0291819,16748,12338
39,0.0328981,0.023994,14125,10208
40,0.0278784,0.0200338,12036,8580
41,0.0201844,0.0151728,8746,6541
42,0.0150377,0.0114612,6538,4965
43,0.0152808,0.0107975,6669,4691
44,0.0105307,0.00809642,4587,3518
45,0.00687372,0.00545045,3002,2377
46,0.00623574,0.00448605,2739,1967
47,0.00304781,0.00267296,1338,1173
48,0.00136528,0.00136528,601,601
49,NAN,NAN,0,0
50,NAN,NAN,0,0
51,NAN,NAN,0,0
52,NAN,NAN,0,0
53,NAN,NAN,0,0
54,NAN,NAN,0,0
55,NAN,NAN,0,0
56,NAN,NAN,0,0
57,NAN,NAN,0,0
58,NAN,NAN,0,0
59,NAN,NAN,0,0
60,NAN,NAN,0,0
61,NAN,NAN,0,0
62,NAN,NAN,0,0
63,NAN,NAN,0,0
64,NAN,NAN,0,0
65,NAN,NAN,0,0
66,NAN,NAN,0,0
67,NAN,NAN,0,0
68,NAN,NAN,0,0
69,NAN,NAN,0,0
70,NAN,NAN,0,0
71,NAN,NAN,0,0
72,NAN,NAN,0,0
73,NAN,NAN,0,0
74,NAN,NAN,0,0
75,NAN,NAN,0,0
76,NAN,NAN,0,0
77,NAN,NAN,0,0
78,NAN,NAN,0,0
79,NAN,NAN,0,0
80,NAN,NAN,0,0
81,NAN,NAN,0,0
82,NAN,NAN,0,0
83,NAN,NAN,0,0
84,NAN,NAN,0,0
85,NAN,NAN,0,0
86,NAN,NAN,0,0
87,NAN,NAN,0,0
88,NAN,NAN,0,0
89,NAN,NAN,0,0
90,NAN,NAN,0,0
91,NAN,NAN,0,0
92,NAN,NAN,0,0
93,NAN,NAN,0,0
94,NAN,NAN,0,0
95,NAN,NAN,0,0
96,NAN,NAN,0,0
97,NAN,NAN,0,0
98,NAN,NAN,0,0
99,NAN,NAN,0,0
100,NAN,NAN,0,0
101,NAN,NAN,0,0
102,NAN,NAN,0,0
103,NAN,NAN,0,0
104,NAN,NAN,0,0
105,NAN,NAN,0,0
106,NAN,NAN,0,0
107,NAN,NAN,0,0
108,NAN,NAN,0,0
109,NAN,NAN,0,0
110,NAN,NAN,0,0
111,NAN,NAN,0,0
112,NAN,NAN,0,0
113,NAN,NAN,0,0
114,NAN,NAN,0,0
115,NAN,NAN,0,0
116,NAN,NAN,0,0
117,NAN,NAN,0,0
118,NAN,NAN,0,0
119,NAN,NAN,0,0
120,NAN,NAN,0,0
121,NAN,NAN,0,0
122,NAN,NAN,0,0
123,NAN,NAN,0,0
124,NAN,NAN,0,0
125,NAN,NAN,0,0
126,NAN,NAN,0,0
127,NAN,NAN,0,0
128,NAN,NAN,0,0
129,NAN,NAN,0,0
130,NAN,NAN,0,0
131,NAN,NAN,0,0
132,NAN,NAN,0,0
133,NAN,NAN,0,0
134,NAN,NAN,0,0
135,NAN,NAN,0,0
136,NAN,NAN,0,0
137,NAN,NAN,0,0
138,NAN,NAN,0,0
139,NAN,NAN,0,0
140,NAN,NAN,0,0
141,NAN,NAN,0,0
142,NAN,NAN,0,0
143,NAN,NAN,0,0
144,NAN,NAN,0,0
145,NAN,NAN,0,0
146,NAN,NAN,0,0
147,NAN,NAN,0,0
148,NAN,NAN,0,0
149,NAN,NAN,0,0
150,NAN,NAN,0,0
NAN,NAN,NAN,NAN,NAN
1,0.995357,0.993798,202368,151254
2,0.99303,0.990747,197611,148508
3,0.991863,0.98916,200765,150296
4,0.989011,0.985432,198904,149495
5,0.985931,0.981303,200917,150470
6,0.981841,0.975955,198540,149042
7,0.976824,0.96934,200747,150587
8,0.97001,0.960413,199467,149617
9,0.962232,0.9503,197529,148242
10,0.952379,0.937488,199251,149415
11,0.939586,0.920837,198683,148601
12,0.922761,0.899385,195295,146123
13,0.903926,0.875502,195210,145905
14,0.879337,0.844761,193498,144487
15,0.852982,0.812375,192252,143472
16,0.820339,0.773023,189564,141392
17,0.784957,0.730794,187556,139483
18,0.741997,0.680939,182270,135261
19,0.693413,0.626295,176231,130585
20,0.641862,0.570055,171200,126653
21,0.588027,0.512307,163796,120548
22,0.52977,0.454081,153363,113227
23,0.471596,0.396394,143466,105565
24,0.418731,0.345559,133318,97720
25,0.362002,0.294413,119934,88198
26,0.311893,0.249129,108014,79066
27,0.267359,0.209742,95735,69628
28,0.223297,0.172979,82683,60154
29,0.188682,0.144106,71880,52039
30,0.157805,0.119775,61388,44581
31,0.129857,0.0979771,51733,37653
32,0.107546,0.0803991,43652,31670
33,0.0889959,0.066072,36656,26546
34,0.0728144,0.0540666,30295,22049
35,0.0635152,0.0462881,26699,19106
36,0.0507934,0.03756,21459,15650
37,0.0427871,0.0310841,18286,13124
38,0.0361556,0.0260638,15489,11050
39,0.0283071,0.0209252,12183,8938
40,0.0263343,0.0183173,11383,7853
41,0.0202906,0.0149257,8744,6397
42,0.0169166,0.0121879,7361,5278
43,0.0138734,0.00986587,6043,4280
44,0.00940252,0.00727296,4107,3170
45,0.00785375,0.00567571,3442,2482
46,0.0060066,0.00440128,2630,1924
47,0.00576523,0.00401764,2530,1760
48,0.00413878,0.00310332,1817,1361
49,0.00479847,0.00315342,2111,1385
50,0.00506322,0.00321472,2217,1405
51,0.00402378,0.00280358,1756,1222
52,0.00340808,0.00238103,1493,1042
53,0.00238908,0.00183736,1046,804
54,0.000974322,0.000974322,428,428
55,NAN,NAN,0,0
56,NAN,NAN,0,0
57,NAN,NAN,0,0
58,NAN,NAN,0,0
59,NAN,NAN,0,0
60,NAN,NAN,0,0
61,NAN,NAN,0,0
62,NAN,NAN,0,0
63,NAN,NAN,0,0
64,NAN,NAN,0,0
65,NAN,NAN,0,0
66,NAN,NAN,0,0
67,NAN,NAN,0,0
68,NAN,NAN,0,0
69,NAN,NAN,0,0
70,NAN,NAN,0,0
71,NAN,NAN,0,0
72,NAN,NAN,0,0
73,NAN,NAN,0,0
74,NAN,NAN,0,0
75,NAN,NAN,0,0
76,NAN,NAN,0,0
77,NAN,NAN,0,0
78,NAN,NAN,0,0
79,NAN,NAN,0,0
80,NAN,NAN,0,0
81,NAN,NAN,0,0
82,NAN,NAN,0,0
83,NAN,NAN,0,0
84,NAN,NAN,0,0
85,NAN,NAN,0,0
86,NAN,NAN,0,0
87,NAN,NAN,0,0
88,NAN,NAN,0,0
89,NAN,NAN,0,0
90,NAN,NAN,0,0
91,NAN,NAN,0,0
92,NAN,NAN,0,0
93,NAN,NAN,0,0
94,NAN,NAN,0,0
95,NAN,NAN,0,0
96,NAN,NAN,0,0
97,NAN,NAN,0,0
98,NAN,NAN,0,0
99,NAN,NAN,0,0
100,NAN,NAN,0,0
101,NAN,NAN,0,0
102,NAN,NAN,0,0
103,NAN,NAN,0,0
104,NAN,NAN,0,0
105,NAN,NAN,0,0
106,NAN,NAN,0,0
107,NAN,NAN,0,0
108,NAN,NAN,0,0
109,NAN,NAN,0,0
110,NAN,NAN,0,0
111,NAN,NAN,0,0
112,NAN,NAN,0,0
113,NAN,NAN,0,0
114,NAN,NAN,0,0
115,NAN,NAN,0,0
116,NAN,NAN,0,0
117,NAN,NAN,0,0
118,NAN,NAN,0,0
119,NAN,NAN,0,0
120,NAN,NAN,0,0
121,NAN,NAN,0,0
122,NAN,NAN,0,0
123,NAN,NAN,0,0
124,NAN,NAN,0,0
125,NAN,NAN,0,0
126,NAN,NAN,0,0
127,NAN,NAN,0,0
128,NAN,NAN,0,0
129,NAN,NAN,0,0
130,NAN,NAN,0,0
131,NAN,NAN,0,0
132,NAN,NAN,0,0
133,NAN,NAN,0,0
134,NAN,NAN,0,0
135,NAN,NAN,0,0
136,NAN,NAN,0,0
137,NAN,NAN,0,0
138,NAN,NAN,0,0
139,NAN,NAN,0,0
140,NAN,NAN,0,0
141,NAN,NAN,0,0
142,NAN,NAN,0,0
143,NAN,NAN,0,0
144,NAN,NAN,0,0
145,NAN,NAN,0,0
146,NAN,NAN,0,0
147,NAN,NAN,0,0
148,NAN,NAN,0,0
149,NAN,NAN,0,0
150,NAN,NAN,0,0
NAN,NAN,NAN,NAN,NAN
1,0.997513,0.996675,200564,149863
2,0.995961,0.994631,197533,148394
3,0.995702,0.994265,200604,150139
4,0.993918,0.991903,198869,149083
5,0.993014,0.990703,199415,149499
6,0.990606,0.987503,199413,149427
7,0.988343,0.984505,198489,148739
8,0.985257,0.980431,199280,149398
9,0.980409,0.974056,199223,149466
10,0.975075,0.967027,198574,148868
11,0.96928,0.959333,198654,148521
12,0.960372,0.947803,197804,148208
13,0.950551,0.935069,198785,148921
14,0.936655,0.917098,197149,147495
15,0.921653,0.897896,195855,146411
16,0.901527,0.872402,194133,144981
17,0.878335,0.8432,192712,143548
18,0.848228,0.806375,190512,141964
19,0.812287,0.762924,187596,139509
20,0.774047,0.718043,183785,136625
21,0.727954,0.665242,180473,134029
22,0.682263,0.61384,176687,130800
23,0.627931,0.554955,168327,124371
24,0.575272,0.499681,161212,118872
25,0.516538,0.440627,151884,111980
26,0.460786,0.384902,141946,103942
27,0.403515,0.331748,129567,95083
28,0.349177,0.282447,117091,85906
29,0.300939,0.239922,104897,76915
30,0.257238,0.201978,92623,67690
31,0.216741,0.167778,80704,58797
32,0.18248,0.139356,69610,50496
33,0.153999,0.116393,60340,43664
34,0.126784,0.09554,50234,36547
35,0.104801,0.078343,42450,30822
36,0.0845879,0.0632186,34812,25424
37,0.0713536,0.0522532,29758,21353
38,0.0565897,0.0417265,23894,17345
39,0.0456536,0.0337356,19388,14150
40,0.0362551,0.0267741,15519,11349
41,0.0278103,0.0205631,11937,8761
42,0.0263469,0.0184051,11339,7857
43,0.0180324,0.0137664,7779,5913
44,0.0165229,0.0117228,7212,5092
45,0.013373,0.00975748,5831,4239
46,0.00910902,0.00701714,3978,3058
47,0.00744499,0.00560549,3272,2459
48,0.00508186,0.00396463,2220,1730
49,0.00527402,0.00370745,2311,1622
50,0.00385801,0.00277304,1695,1217
51,0.00244603,0.00194281,1077,855
52,0.00104715,0.00104715,461,461
53,NAN,NAN,0,0
54,NAN,NAN,0,0
55,NAN,NAN,0,0
56,NAN,NAN,0,0
57,NAN,NAN,0,0
58,NAN,NAN,0,0
59,NAN,NAN,0,0
60,NAN,NAN,0,0
61,NAN,NAN,0,0
62,NAN,NAN,0,0
63,NAN,NAN,0,0
64,NAN,NAN,0,0
65,NAN,NAN,0,0
66,NAN,NAN,0,0
67,NAN,NAN,0,0
68,NAN,NAN,0,0
69,NAN,NAN,0,0
70,NAN,NAN,0,0
71,NAN,NAN,0,0
72,NAN,NAN,0,0
73,NAN,NAN,0,0
74,NAN,NAN,0,0
75,NAN,NAN,0,0
76,NAN,NAN,0,0
77,NAN,NAN,0,0
78,NAN,NAN,0,0
79,NAN,NAN,0,0
80,NAN,NAN,0,0
81,NAN,NAN,0,0
82,NAN,NAN,0,0
83,NAN,NAN,0,0
84,NAN,NAN,0,0
85,NAN,NAN,0,0
86,NAN,NAN,0,0
87,NAN,NAN,0,0
88,NAN,NAN,0,0
89,NAN,NAN,0,0
90,NAN,NAN,0,0
91,NAN,NAN,0,0
92,NAN,NAN,0,0
93,NAN,NAN,0,0
94,NAN,NAN,0,0
95,NAN,NAN,0,0
96,NAN,NAN,0,0
97,NAN,NAN,0,0
98,NAN,NAN,0,0
99,NAN,NAN,0,0
100,NAN,NAN,0,0
101,NAN,NAN,0,0
102,NAN,NAN,0,0
103,NAN,NAN,0,0
104,NAN,NAN,0,0
105,NAN,NAN,0,0
106,NAN,NAN,0,0
107,NAN,NAN,0,0
108,NAN,NAN,0,0
109,NAN,NAN,0,0
110,NAN,NAN,0,0
111,NAN,NAN,0,0
112,NAN,NAN,0,0
113,NAN,NAN,0,0
114,NAN,NAN,0,0
115,NAN,NAN,0,0
116,NAN,NAN,0,0
117,NAN,NAN,0,0
118,NAN,NAN,0,0
119,NAN,NAN,0,0
120,NAN,NAN,0,0
121,NAN,NAN,0,0
122,NAN,NAN,0,0
123,NAN,NAN,0,0
124,NAN,NAN,0,0
125,NAN,NAN,0,0
126,NAN,NAN,0,0
127,NAN,NAN,0,0
128,NAN,NAN,0,0
129,NAN,NAN,0,0
130,NAN,NAN,0,0
131,NAN,NAN,0,0
132,NAN,NAN,0,0
133,NAN,NAN,0,0
134,NAN,NAN,0,0
135,NAN,NAN,0,0
136,NAN,NAN,0,0
137,NAN,NAN,0,0
138,NAN,NAN,0,0
139,NAN,NAN,0,0
140,NAN,NAN,0,0
141,NAN,NAN,0,0
142,NAN,NAN,0,0
143,NAN,NAN,0,0
144,NAN,NAN,0,0
145,NAN,NAN,0,0
146,NAN,NAN,0,0
147,NAN,NAN,0,0
148,NAN,NAN,0,0
149,NAN,NAN,0,0
150,NAN,NAN,0,0
NAN,NAN,NAN,NAN,NAN
1,0.996257,0.994998,199869,149387
2,0.994619,0.99285,198154,148858
3,0.993805,0.99176,200216,150215
4,0.991339,0.988473,198353,148614
5,0.989644,0.986238,199730,149779
6,0.985994,0.981408,199930,149914
7,0.98185,0.97595,199449,149617
8,0.97638,0.968716,199123,149158
9,0.969114,0.959184,198083,148357
10,0.960898,0.948413,198435,148458
11,0.950182,0.934431,197368,147471
12,0.937578,0.918258,196265,146790
13,0.922373,0.898724,195650,146119
14,0.901768,0.872851,194046,145108
15,0.877315,0.842343,193941,144904
16,0.850764,0.809545,193188,144044
17,0.816074,0.767789,188030,140120
18,0.777912,0.722312,185070,137435
19,0.733874,0.67203,180326,133992
20,0.684967,0.616659,174690,129245
21,0.631781,0.559607,169297,125381
22,0.577296,0.501894,161778,119357
23,0.5172,0.441501,150619,111147
24,0.459267,0.384138,140815,103412
25,0.405553,0.333842,129661,95244
26,0.356115,0.287628,119255,87060
27,0.305278,0.243843,105509,77429
28,0.259134,0.204268,93080,68313
29,0.223721,0.173516,83495,60824
30,0.189912,0.145764,72431,52720
31,0.157871,0.120214,61363,44726
32,0.131791,0.0995168,52586,38285
33,0.110696,0.0821951,44830,32254
34,0.0881709,0.0658769,36264,26448
35,0.0725631,0.0536114,30206,21870
36,0.0595534,0.0440973,25016,18224
37,0.0471754,0.0350068,19985,14643
38,0.0392249,0.0288047,16744,12164
39,0.0301465,0.0224536,12971,9585
40,0.0236719,0.017485,10225,7505
41,0.0165566,0.0126961,7194,5495
42,0.0180293,0.0123981,7886,5392
43,0.0151279,0.0106545,6571,4607
44,0.0135902,0.00932069,5941,4057
45,0.00955443,0.00712056,4151,3086
46,0.00822822,0.00592868,3589,2580
47,0.00494268,0.00392438,2166,1718
48,0.00196783,0.00196783,864,864
49,NAN,NAN,0,0
50,NAN,NAN,0,0
51,NAN,NAN,0,0
52,NAN,NAN,0,0
53,NAN,NAN,0,0
54,NAN,NAN,0,0
55,NAN,NAN,0,0
56,NAN,NAN,0,0
57,NAN,NAN,0,0
58,NAN,NAN,0,0
59,NAN,NAN,0,0
60,NAN,NAN,0,0
61,NAN,NAN,0,0
62,NAN,NAN,0,0
63,NAN,NAN,0,0
64,NAN,NAN,0,0
65,NAN,NAN,0,0
66,NAN,NAN,0,0
67,NAN,NAN,0,0
68,NAN,NAN,0,0
69,NAN,NAN,0,0
70,NAN,NAN,0,0
71,NAN,NAN,0,0
72,NAN,NAN,0,0
73,NAN,NAN,0,0
74,NAN,NAN,0,0
75,NAN,NAN,0,0
76,NAN,NAN,0,0
77,NAN,NAN,0,0
78,NAN,NAN,0,0
79,NAN,NAN,0,0
80,NAN,NAN,0,0
81,NAN,NAN,0,0
82,NAN,NAN,0,0
83,NAN,NAN,0,0
84,NAN,NAN,0,0
85,NAN,NAN,0,0
86,NAN,NAN,0,0
87,NAN,NAN,0,0
88,NAN,NAN,0,0
89,NAN,NAN,0,0
90,NAN,NAN,0,0
91,NAN,NAN,0,0
92,NAN,NAN,0,0
93,NAN,NAN,0,0
94,NAN,NAN,0,0
95,NAN,NAN,0,0
96,NAN,NAN,0,0
97,NAN,NAN,0,0
98,NAN,NAN,0,0
99,NAN,NAN,0,0
100,NAN,NAN,0,0
101,NAN,NAN,0,0
102,NAN,NAN,0,0
103,NAN,NAN,0,0
104,NAN,NAN,0,0
105,NAN,NAN,0,0
106,NAN,NAN,0,0
107,NAN,NAN,0,0
108,NAN,NAN,0,0
109,NAN,NAN,0,0
110,NAN,NAN,0,0
111,NAN,NAN,0,0
112,NAN,NAN,0,0
113,NAN,NAN,0,0
114,NAN,NAN,0,0
115,NAN,NAN,0,0
116,NAN,NAN,0,0
117,NAN,NAN,0,0
118,NAN,NAN,0,0
119,NAN,NAN,0,0
120,NAN,NAN,0,0
121,NAN,NAN,0,0
122,NAN,NAN,0,0
123,NAN,NAN,0,0
124,NAN,NAN,0,0
125,NAN,NAN,0,0
126,NAN,NAN,0,0
127,NAN,NAN,0,0
128,NAN,NAN,0,0
129,NAN,NAN,0,0
130,NAN,NAN,0,0
131,NAN,NAN,0,0
132,NAN,NAN,0,0
133,NAN,NAN,0,0
134,NAN,NAN,0,0
135,NAN,NAN,0,0
136,NAN,NAN,0,0
137,NAN,NAN,0,0
138,NAN,NAN,0,0
139,NAN,NAN,0,0
140,NAN,NAN,0,0
141,NAN,NAN,0,0
142,NAN,NAN,0,0
143,NAN,NAN,0,0
144,NAN,NAN,0,0
145,NAN,NAN,0,0
146,NAN,NAN,0,0
147,NAN,NAN,0,0
148,NAN,NAN,0,0
149,NAN,NAN,0,0
150,NAN,NAN,0,0
NAN,NAN,NAN,NAN,NAN
1,0.995023,0.993359,199506,149287
2,0.992621,0.990204,197879,148692
3,0.990673,0.987604,199793,149856
4,0.987631,0.983587,200025,150120
5,0.984213,0.979043,199992,149870
6,0.979319,0.972614,199456,149590
7,0.973665,0.965128,199798,149564
8,0.966624,0.95584,198968,148699
9,0.957108,0.943495,197193,147557
10,0.945371,0.928525,195981,147123
11,0.931942,0.910994,197665,147745
12,0.91386,0.888242,194060,145383
13,0.893065,0.861712,196092,146310
14,0.867465,0.830282,192730,144054
15,0.83645,0.791847,190724,141865
16,0.801129,0.749844,187126,139240
17,0.760949,0.703039,183716,136635
18,0.715026,0.65089,181302,134720
19,0.666586,0.59661,174027,128739
20,0.612793,0.538884,167377,123598
21,0.557914,0.481828,158375,116693
22,0.499889,0.423809,148086,108971
23,0.444806,0.3701,139500,102305
24,0.386392,0.316543,125174,92066
25,0.33547,0.269198,113876,83093
26,0.287105,0.227272,100291,73243
27,0.245409,0.191237,89263,64900
28,0.206349,0.159843,77274,56545
29,0.172958,0.131586,67087,48608
30,0.143255,0.10832,56546,41081
31,0.120797,0.0902213,48459,34977
32,0.0970568,0.0730182,39467,28922
33,0.0805251,0.0595875,33354,24132
34,0.0652771,0.0482904,27316,19847
35,0.0529799,0.0390978,22370,16270
36,0.0443511,0.0323636,18899,13620
37,0.0395898,0.0282324,16954,11949
38,0.0306231,0.0227184,13092,9634
39,0.026959,0.0193166,11634,8271
40,0.0194574,0.0146839,8410,6316
41,0.0180048,0.012517,7808,5398
42,0.0144346,0.0104652,6272,4529
43,0.0095321,0.00746351,4162,3252
44,0.0104403,0.00713726,4585,3124
45,0.00722463,0.0053404,3154,2327
46,0.00577277,0.00423336,2528,1851
47,0.00486155,0.00342056,2135,1500
48,0.00321823,0.00242017,1412,1061
49,0.00125473,0.00125473,551,551
50,NAN,NAN,0,0
51,NAN,NAN,0,0
52,NAN,NAN,0,0
53,NAN,NAN,0,0
54,NAN,NAN,0,0
55,NAN,NAN,0,0
56,NAN,NAN,0,0
57,NAN,NAN,0,0
58,NAN,NAN,0,0
59,NAN,NAN,0,0
60,NAN,NAN,0,0
61,NAN,NAN,0,0
62,NAN,NAN,0,0
63,NAN,NAN,0,0
64,NAN,NAN,0,0
65,NAN,NAN,0,0
66,NAN,NAN,0,0
67,NAN,NAN,0,0
68,NAN,NAN,0,0
69,NAN,NAN,0,0
70,NAN,NAN,0,0
71,NAN,NAN,0,0
72,NAN,NAN,0,0
73,NAN,NAN,0,0
74,NAN,NAN,0,0
75,NAN,NAN,0,0
76,NAN,NAN,0,0
77,NAN,NAN,0,0
78,NAN,NAN,0,0
79,NAN,NAN,0,0
80,NAN,NAN,0,0
81,NAN,NAN,0,0
82,NAN,NAN,0,0
83,NAN,NAN,0,0
84,NAN,NAN,0,0
85,NAN,NAN,0,0
86,NAN,NAN,0,0
87,NAN,NAN,0,0
88,NAN,NAN,0,0
89,NAN,NAN,0,0
90,NAN,NAN,0,0
91,NAN,NAN,0,0
92,NAN,NAN,0,0
93,NAN,NAN,0,0
94,NAN,NAN,0,0
95,NAN,NAN,0,0
96,NAN,NAN,0,0
97,NAN,NAN,0,0
98,NAN,NAN,0,0
99,NAN,NAN,0,0
100,NAN,NAN,0,0
101,NAN,NAN,0,0
102,NAN,NAN,0,0
103,NAN,NAN,0,0
104,NAN,NAN,0,0
105,NAN,NAN,0,0
106,NAN,NAN,0,0
107,NAN,NAN,0,0
108,NAN,NAN,0,0
109,NAN,NAN,0,0
110,NAN,NAN,0,0
111,NAN,NAN,0,0
112,NAN,NAN,0,0
113,NAN,NAN,0,0
114,NAN,NAN,0,0
115,NAN,NAN,0,0
116,NAN,NAN,0,0
117,NAN,NAN,0,0
118,NAN,NAN,0,0
119,NAN,NAN,0,0
120,NAN,NAN,0,0
121,NAN,NAN,0,0
122,NAN,NAN,0,0
123,NAN,NAN,0,0
124,NAN,NAN,0,0
125,NAN,NAN,0,0
126,NAN,NAN,0,0
127,NAN,NAN,0,0
128,NAN,NAN,0,0
129,NAN,NAN,0,0
130,NAN,NAN,0,0
131,NAN,NAN,0,0
132,NAN,NAN,0,0
133,NAN,NAN,0,0
134,NAN,NAN,0,0
135,NAN,NAN,0,0
136,NAN,NAN,0,0
137,NAN,NAN,0,0
138,NAN,NAN,0,0
139,NAN,NAN,0,0
140,NAN,NAN,0,0
141,NAN,NAN,0,0
142,NAN,NAN,0,0
143,NAN,NAN,0,0
144,NAN,NAN,0,0
145,NAN,NAN,0,0
146,NAN,NAN,0,0
147,NAN,NAN,0,0
148,NAN,NAN,0,0
149,NAN,NAN,0,0
150,NAN,NAN,0,0
NAN,NAN,NAN,NAN,NAN
1,0.997421,0.996567,201497,151233
2,0.996,0.994665,200218,149900
3,0.995208,0.993608,198536,148597
4,0.993374,0.991185,197586,148197
5,0.991544,0.988743,200387,150113
6,0.988928,0.985264,199631,149438
7,0.98606,0.981507,198486,148928
8,0.98224,0.976443,199874,149801
9,0.976715,0.969098,199031,148804
10,0.970281,0.960726,197359,147875
11,0.962243,0.950197,197816,148091
12,0.952338,0.937297,197475,147734
13,0.938716,0.91986,196492,147242
14,0.923172,0.899798,197243,147404
15,0.902881,0.874236,195759,146375
16,0.879746,0.845058,195126,145470
17,0.851794,0.811365,191175,143072
18,0.821022,0.77335,190753,141885
19,0.78237,0.727846,184666,137378
20,0.73787,0.67662,180629,134263
21,0.691838,0.624712,178234,132154
22,0.63805,0.566192,171019,126621
23,0.585017,0.509446,163228,120245
24,0.526438,0.450283,153563,113152
25,0.470113,0.394154,143422,105172
26,0.411949,0.339927,131190,96442
27,0.359616,0.291278,119527,87478
28,0.310338,0.246577,107156,77935
29,0.26027,0.205101,93058,68243
30,0.221601,0.17226,82404,60238
31,0.186058,0.142545,70861,51534
32,0.153486,0.116884,59744,43611
33,0.126117,0.0949848,50260,36551
34,0.106779,0.0796743,43594,31570
35,0.0848874,0.0634919,34823,25451
36,0.073098,0.0534984,30482,21847
37,0.0599081,0.044235,25098,18228
38,0.0477482,0.0350271,20218,14636
39,0.0393397,0.0287174,16795,12126
40,0.0334696,0.024264,14357,10310
41,0.0257227,0.0189106,11099,8103
42,0.0223846,0.0159746,9694,6873
43,0.0177906,0.0129336,7719,5584
44,0.0181102,0.0124114,7865,5359
45,0.0134118,0.00989443,5814,4274
46,0.0115187,0.00834032,5017,3621
47,0.00845739,0.00638824,3712,2798
48,0.0105622,0.00704733,4619,3071
49,0.00787703,0.00556927,3435,2423
50,0.00595442,0.004436,2604,1937
51,0.00497222,0.00354393,2175,1548
52,0.00646064,0.00405141,2831,1771
53,0.0033689,0.00265902,1472,1161
54,0.00311231,0.00222149,1370,977
55,0.00376798,0.00243868,1657,1071
56,0.00126145,0.00126145,554,554
57,NAN,NAN,0,0
58,NAN,NAN,0,0
59,NAN,NAN,0,0
60,NAN,NAN,0,0
61,NAN,NAN,0,0
62,NAN,NAN,0,0
63,NAN,NAN,0,0
64,NAN,NAN,0,0
65,NAN,NAN,0,0
66,NAN,NAN,0,0
67,NAN,NAN,0,0
68,NAN,NAN,0,0
69,NAN,NAN,0,0
70,NAN,NAN,0,0
71,NAN,NAN,0,0
72,NAN,NAN,0,0
73,NAN,NAN,0,0
74,NAN,NAN,0,0
75,NAN,NAN,0,0
76,NAN,NAN,0,0
77,NAN,NAN,0,0
78,NAN,NAN,0,0
79,NAN,NAN,0,0
80,NAN,NAN,0,0
81,NAN,NAN,0,0
82,NAN,NAN,0,0
83,NAN,NAN,0,0
84,NAN,NAN,0,0
85,NAN,NAN,0,0
86,NAN,NAN,0,0
87,NAN,NAN,0,0
88,NAN,NAN,0,0
89,NAN,NAN,0,0
90,NAN,NAN,0,0
91,NAN,NAN,0,0
92,NAN,NAN,0,0
93,NAN,NAN,0,0
94,NAN,NAN,0,0
95,NAN,NAN,0,0
96,NAN,NAN,0,0
97,NAN,NAN,0,0
98,NAN,NAN,0,0
99,NAN,NAN,0,0
100,NAN,NAN,0,0
101,NAN,NAN,0,0
102,NAN,NAN,0,0
103,NAN,NAN,0,0
104,NAN,NAN,0,0
105,NAN,NAN,0,0
106,NAN,NAN,0,0
107,NAN,NAN,0,0
108,NAN,NAN,0,0
109,NAN,NAN,0,0
110,NAN,NAN,0,0
111,NAN,NAN,0,0
112,NAN,NAN,0,0
113,NAN,NAN,0,0
114,NAN,NAN,0,0
115,NAN,NAN,0,0
116,NAN,NAN,0,0
117,NAN,NAN,0,0
118,NAN,NAN,0,0
119,NAN,NAN,0,0
120,NAN,NAN,0,0
121,NAN,NAN,0,0
122,NAN,NAN,0,0
123,NAN,NAN,0,0
124,NAN,NAN,0,0
125,NAN,NAN,0,0
126,NAN,NAN,0,0
127,NAN,NAN,0,0
128,NAN,NAN,0,0
129,NAN,NAN,0,0
130,NAN,NAN,0,0
131,NAN,NAN,0,0
132,NAN,NAN,0,0
133,NAN,NAN,0,0
134,NAN,NAN,0,0
135,NAN,NAN,0,0
136,NAN,NAN,0,0
137,NAN,NAN,0,0
138,NAN,NAN,0,0
139,NAN,NAN,0,0
140,NAN,NAN,0,0
141,NAN,NAN,0,0
142,NAN,NAN,0,0
143,NAN,NAN,0,0
144,NAN,NAN,0,0
145,NAN,NAN,0,0
146,NAN,NAN,0,0
147,NAN,NAN,0,0
148,NAN,NAN,0,0
149,NAN,NAN,0,0
150,NAN,NAN,0,0
NAN,NAN,NAN,NAN,NAN
1,0.996397,0.995197,202418,151678
2,0.994726,0.992984,199908,150014
3,0.993634,0.991514,198540,148616
4,0.991861,0.989166,198283,148544
5,0.989638,0.986242,199323,149609
6,0.986785,0.982432,201014,150539
7,0.982798,0.977167,197853,148203
8,0.977454,0.970131,197952,148302
9,0.971303,0.962059,199494,149454
10,0.963003,0.951173,198107,148266
11,0.95271,0.937749,197007,147312
12,0.941071,0.922784,197894,148093
13,0.925886,0.903473,196086,146912
14,0.90752,0.879976,196233,146612
15,0.886387,0.853451,194289,145027
16,0.859595,0.820338,191602,142898
17,0.830463,0.784543,190254,141428
18,0.791733,0.738874,185899,138369
19,0.75229,0.692667,183810,136409
20,0.703526,0.637961,177117,131524
21,0.650155,0.579349,172035,127495
22,0.597096,0.522188,165552,122085
23,0.539033,0.462688,155233,114314
24,0.481724,0.40573,145390,106795
25,0.424099,0.350517,133759,98027
26,0.371083,0.301275,122131,89249
27,0.31929,0.255709,109544,80236
28,0.274888,0.216563,97958,71428
29,0.232106,0.180194,85058,61853
30,0.192265,0.147878,72764,53050
31,0.16005,0.121851,62314,45378
32,0.132612,0.100307,52854,38543
33,0.108614,0.0815594,43760,31892
34,0.0908149,0.0670444,37415,26918
35,0.076498,0.0563763,31799,22935
36,0.0605969,0.0453245,25413,18704
37,0.0542628,0.0388244,22905,16125
38,0.041018,0.0305669,17426,12846
39,0.0326844,0.0240708,14072,10272
40,0.028105,0.0201381,12126,8618
41,0.0216841,0.0160876,9363,6907
42,0.0178566,0.0130169,7742,5616
43,0.0148621,0.0105284,6471,4564
44,0.0103409,0.0077701,4514,3383
45,0.00618882,0.00511514,2701,2230
46,0.00457612,0.00358606,2008,1572
47,0.0028819,0.00234863,1267,1032
48,0.00352913,0.00241616,1550,1060
49,0.0023925,0.00185677,1052,816
50,0.00089754,0.00089754,396,396
51,NAN,NAN,0,0
52,NAN,NAN,0,0
53,NAN,NAN,0,0
54,NAN,NAN,0,0
55,NAN,NAN,0,0
56,NAN,NAN,0,0
57,NAN,NAN,0,0
58,NAN,NAN,0,0
59,NAN,NAN,0,0
60,NAN,NAN,0,0
61,NAN,NAN,0,0
62,NAN,NAN,0,0
63,NAN,NAN,0,0
64,NAN,NAN,0,0
65,NAN,NAN,0,0
66,NAN,NAN,0,0
67,NAN,NAN,0,0
68,NAN,NAN,0,0
69,NAN,NAN,0,0
70,NAN,NAN,0,0
71,NAN,NAN,0,0
72,NAN,NAN,0,0
73,NAN,NAN,0,0
74,NAN,NAN,0,0
75,NAN,NAN,0,0
76,NAN,NAN,0,0
77,NAN,NAN,0,0
78,NAN,NAN,0,0
79,NAN,NAN,0,0
80,NAN,NAN,0,0
81,NAN,NAN,0,0
82,NAN,NAN,0,0
83,NAN,NAN,0,0
84,NAN,NAN,0,0
85,NAN,NAN,0,0
86,NAN,NAN,0,0
87,NAN,NAN,0,0
88,NAN,NAN,0,0
89,NAN,NAN,0,0
90,NAN,NAN,0,0
91,NAN,NAN,0,0
92,NAN,NAN,0,0
93,NAN,NAN,0,0
94,NAN,NAN,0,0
95,NAN,NAN,0,0
96,NAN,NAN,0,0
97,NAN,NAN,0,0
98,NAN,NAN,0,0
99,NAN,NAN,0,0
100,NAN,NAN,0,0
101,NAN,NAN,0,0
102,NAN,NAN,0,0
103,NAN,NAN,0,0
104,NAN,NAN,0,0
105,NAN,NAN,0,0
106,NAN,NAN,0,0
107,NAN,NAN,0,0
108,NAN,NAN,0,0
109,NAN,NAN,0,0
110,NAN,NAN,0,0
111,NAN,NAN,0,0
112,NAN,NAN,0,0
113,NAN,NAN,0,0
114,NAN,NAN,0,0
115,NAN,NAN,0,0
116,NAN,NAN,0,0
117,NAN,NAN,0,0
118,NAN,NAN,0,0
119,NAN,NAN,0,0
120,NAN,NAN,0,0
121,NAN,NAN,0,0
122,NAN,NAN,0,0
123,NAN,NAN,0,0
124,NAN,NAN,0,0
125,NAN,NAN,0,0
126,NAN,NAN,0,0
127,NAN,NAN,0,0
128,NAN,NAN,0,0
129,NAN,NAN,0,0
130,NAN,NAN,0,0
131,NAN,NAN,0,0
132,NAN,NAN,0,0
133,NAN,NAN,0,0
134,NAN,NAN,0,0
135,NAN,NAN,0,0
136,NAN,NAN,0,0
137,NAN,NAN,0,0
138,NAN,NAN,0,0
139,NAN,NAN,0,0
140,NAN,NAN,0,0
141,NAN,NAN,0,0
142,NAN,NAN,0,0
143,NAN,NAN,0,0
144,NAN,NAN,0,0
145,NAN,NAN,0,0
146,NAN,NAN,0,0
147,NAN,NAN,0,0
148,NAN,NAN,0,0
149,NAN,NAN,0,0
150,NAN,NAN,0,0
NAN,NAN,NAN,NAN,NAN
1,0.994941,0.993244,202749,151584
2,0.992581,0.99012,198153,148418
3,0.99137,0.988538,200001,150146
4,0.988985,0.985371,200404,150340
5,0.985957,0.981321,200865,150308
6,0.981857,0.975948,198290,148674
7,0.976426,0.96879,198111,148471
8,0.969804,0.960121,199126,149271
9,0.9626,0.950677,199934,149725
10,0.951255,0.936048,199109,149338
11,0.938338,0.919264,198010,148156
12,0.923199,0.899804,195768,146255
13,0.903264,0.87466,194041,145016
14,0.880304,0.84566,194188,144673
15,0.852252,0.811123,191496,142567
16,0.81879,0.771113,188718,140708
17,0.781855,0.727087,186832,138878
18,0.739713,0.678721,182792,135880
19,0.690787,0.623897,177665,131923
20,0.638113,0.566074,171466,126856
21,0.58357,0.508025,163319,120345
22,0.524774,0.448339,152705,112387
23,0.466794,0.391063,142545,104567
24,0.411138,0.338553,130431,95618
25,0.357521,0.289318,119786,87632
26,0.30782,0.245638,106683,78115
27,0.259197,0.204422,93270,68495
28,0.225226,0.174169,83784,60785
29,0.183351,0.141614,69381,50982
30,0.158952,0.12016,62128,44895
31,0.129991,0.0985364,51527,37696
32,0.109067,0.0814587,44118,31960
33,0.0897097,0.0670522,36854,26877
34,0.0742849,0.055216,31012,22586
35,0.0613024,0.0451148,25747,18627
36,0.0491304,0.0364318,20847,15255
37,0.0401487,0.0293108,17084,12333
38,0.0313613,0.0231624,13455,9854
39,0.0249788,0.0184142,10783,7896
40,0.0192261,0.0141547,8297,6077
41,0.0164531,0.0116405,7133,5022
42,0.0133515,0.00965223,5812,4186
43,0.0112806,0.00801896,4913,3481
44,0.00882713,0.00647159,3846,2813
45,0.00361438,0.00338059,1587,1484
46,0.00170968,0.00170968,753,753
47,NAN,NAN,0,0
48,NAN,NAN,0,0
49,NAN,NAN,0,0
50,NAN,NAN,0,0
51,NAN,NAN,0,0
52,NAN,NAN,0,0
53,NAN,NAN,0,0
54,NAN,NAN,0,0
55,NAN,NAN,0,0
56,NAN,NAN,0,0
57,NAN,NAN,0,0
58,NAN,NAN,0,0
59,NAN,NAN,0,0
60,NAN,NAN,0,0
61,NAN,NAN,0,0
62,NAN,NAN,0,0
63,NAN,NAN,0,0
64,NAN,NAN,0,0
65,NAN,NAN,0,0
66,NAN,NAN,0,0
67,NAN,NAN,0,0
68,NAN,NAN,0,0
69,NAN,NAN,0,0
70,NAN,NAN,0,0
71,NAN,NAN,0,0
72,NAN,NAN,0,0
73,NAN,NAN,0,0
74,NAN,NAN,0,0
75,NAN,NAN,0,0
76,NAN,NAN,0,0
77,NAN,NAN,0,0
78,NAN,NAN,0,0
79,NAN,NAN,0,0
80,NAN,NAN,0,0
81,NAN,NAN,0,0
82,NAN,NAN,0,0
83,NAN,NAN,0,0
84,NAN,NAN,0,0
85,NAN,NAN,0,0
86,NAN,NAN,0,0
87,NAN,NAN,0,0
88,NAN,NAN,0,0
89,NAN,NAN,0,0
90,NAN,NAN,0,0
91,NAN,NAN,0,0
92,NAN,NAN,0,0
93,NAN,NAN,0,0
94,NAN,NAN,0,0
95,NAN,NAN,0,0
96,NAN,NAN,0,0
97,NAN,NAN,0,0
98,NAN,NAN,0,0
99,NAN,NAN,0,0
100,NAN,NAN,0,0
101,NAN,NAN,0,0
102,NAN,NAN,0,0
103,NAN,NAN,0,0
104,NAN,NAN,0,0
105,NAN,NAN,0,0
106,NAN,NAN,0,0
107,NAN,NAN,0,0
108,NAN,NAN,0,0
109,NAN,NAN,0,0
110,NAN,NAN,0,0
111,NAN,NAN,0,0
112,NAN,NAN,0,0
113,NAN,NAN,0,0
114,NAN,NAN,0,0
115,NAN,NAN,0,0
116,NAN,NAN,0,0
117,NAN,NAN,0,0
118,NAN,NAN,0,0
119,NAN,NAN,0,0
120,NAN,NAN,0,0
121,NAN,NAN,0,0
122,NAN,NAN,0,0
123,NAN,NAN,0,0
124,NAN,NAN,0,0
125,NAN,NAN,0,0
126,NAN,NAN,0,0
127,NAN,NAN,0,0
128,NAN,NAN,0,0
129,NAN,NAN,0,0
130,NAN,NAN,0,0
131,NAN,NAN,0,0
132,NAN,NAN,0,0
133,NAN,NAN,0,0
134,NAN,NAN,0,0
135,NAN,NAN,0,0
136,NAN,NAN,0,0
137,NAN,NAN,0,0
138,NAN,NAN,0,0
139,NAN,NAN,0,0
140,NAN,NAN,0,0
141,NAN,NAN,0,0
142,NAN,NAN,0,0
143,NAN,NAN,0,0
144,NAN,NAN,0,0
145,NAN,NAN,0,0
146,NAN,NAN,0,0
147,NAN,NAN,0,0
148,NAN,NAN,0,0
149,NAN,NAN,0,0
150,NAN,NAN,0,0
NAN,NAN,NAN,NAN,NAN
