Drive_Allele_Gene_Frequency,Num_Drive_Gene
0.0259659,2543
0.0267047,2595
0.0280173,2713
0.0291608,2837
0.0299444,2882
0.0307687,2947
0.0297306,2855
0.0306506,2950
0.0314317,3044
0.0323065,3122
0.0330176,3162
0.0340872,3254
0.0356151,3436
0.0371548,3564
0.0373139,3549
0.0376248,3575
0.0402851,3844
0.0421251,4001
0.0449291,4295
0.0467127,4425
0.0486358,4631
0.0513193,4872
0.0570798,5407
0.0603344,5633
0.0643263,6001
0.069815,6549
0.0752037,6978
0.081673,7522
0.0868256,7902
0.0947466,8619
0.105287,9575
0.116175,10285
0.131471,11596
0.146077,12677
0.168551,14431
0.19681,16497
0.234407,19144
0.284493,22199
0.359012,27533
0.466299,34425
0.621745,44216
0.813137,58171
0.959769,76246
0.998188,92541
1,99100
1,99447
1,99676
1,100219
1,99320
1,99900
1,100471
1,100626
1,99853
1,99694
1,99892
1,100058
1,100282
1,100366
1,100945
1,100349
1,99886
1,99706
1,99739
1,100076
1,100678
1,100144
1,99259
1,100398
1,99816
1,101098
1,100844
1,99484
1,99587
1,99684
1,100018
1,99434
1,99220
1,100147
1,100555
1,101180
1,100125
1,100005
1,100411
1,100576
1,100105
1,100789
1,99984
1,99822
1,99702
1,100126
1,100450
1,100172
1,100356
1,99699
1,99668
1,99164
1,99537
1,100786
1,99871
1,98657
NAN,NAN
0.0249108,2451
0.0256342,2494
0.026468,2568
0.0263787,2548
0.0278407,2679
0.0287491,2778
0.0290065,2800
0.0289028,2791
0.0299116,2878
0.030321,2920
0.0309733,2991
0.0323147,3094
0.0316028,3026
0.0334106,3230
0.0336691,3242
0.0357418,3427
0.0361701,3483
0.0364008,3473
0.0366725,3495
0.0372924,3538
0.0393326,3748
0.0406536,3901
0.0408593,3897
0.0420594,4012
0.0444964,4243
0.0462454,4407
0.0482628,4577
0.0503493,4800
0.0518617,4875
0.0556394,5271
0.0575843,5363
0.060437,5667
0.066252,6199
0.0716892,6641
0.077935,7109
0.0828454,7528
0.089193,8089
0.0975126,8750
0.109172,9770
0.121466,10727
0.136329,11850
0.153896,13282
0.176993,15046
0.207628,17338
0.246598,19824
0.303195,23551
0.381862,28671
0.502256,36175
0.669554,46842
0.861885,62266
0.979046,81018
0.999484,94841
1,98584
1,99786
1,99652
1,100444
1,99947
1,99809
1,99775
1,98777
1,100365
1,99559
1,99940
1,100571
1,100149
1,100626
1,100274
1,99828
1,99780
1,99591
1,100154
1,100060
1,99692
1,99886
1,99804
1,100133
1,99941
1,100243
1,99896
1,99324
1,100087
1,99034
1,99756
1,101148
1,99309
1,100425
1,100091
1,99677
1,99542
1,99536
1,100731
1,100277
1,100132
1,99667
1,99387
1,100070
1,99918
1,99997
1,99948
1,100112
NAN,NAN
0.0256748,2516
0.0259262,2525
0.0274224,2645
0.0281928,2734
0.0287323,2755
0.0305581,2919
0.0309604,2987
0.0331841,3209
0.0341081,3274
0.0349678,3366
0.0367503,3522
0.0372032,3541
0.0382669,3652
0.0402553,3853
0.0414621,3961
0.0434462,4121
0.0446849,4246
0.0461839,4369
0.0474163,4510
0.04938,4707
0.052156,4918
0.0562238,5268
0.058442,5451
0.0624616,5897
0.0654098,6096
0.0712461,6609
0.0733791,6761
0.0791432,7231
0.0867925,7939
0.0940492,8476
0.102995,9294
0.111849,9954
0.121967,10874
0.136049,11918
0.152381,12967
0.176171,14819
0.207179,17126
0.25,20095
0.307617,23832
0.390869,29441
0.514507,37185
0.687669,48502
0.875252,64745
0.982615,83763
0.999771,95943
1,99720
1,99501
1,100141
1,99277
1,100022
1,100382
1,99989
1,99904
1,99981
1,100623
1,100591
1,100041
1,100577
1,100090
1,99998
1,100127
1,100155
1,100546
1,99905
1,99839
1,99835
1,98888
1,99589
1,99748
1,99213
1,99364
1,100048
1,99764
1,99662
1,100553
1,101049
1,100096
1,99829
1,99856
1,99715
1,99857
1,99792
1,99947
1,99743
1,100168
1,100070
1,99457
1,100130
1,100067
1,100119
1,100403
1,99773
1,100332
1,99162
1,99746
1,99792
1,99231
1,99330
1,100295
1,99824
NAN,NAN
0.0255432,2496
0.0280566,2728
0.0285449,2768
0.030303,2930
0.0312789,3011
0.0315874,3037
0.0342775,3311
0.0360733,3459
0.0370042,3551
0.037624,3630
0.0385121,3662
0.0401841,3824
0.0421161,4026
0.0424396,4013
0.0445714,4230
0.0482484,4622
0.0516071,4897
0.0546741,5138
0.0594889,5675
0.0634941,5944
0.0664807,6198
0.0710376,6541
0.0752008,6939
0.0800873,7336
0.0876776,7972
0.0956788,8673
0.104079,9410
0.113339,9970
0.125841,11150
0.141433,12387
0.159601,13609
0.184077,15345
0.21762,17805
0.260611,20680
0.322822,25184
0.412479,30780
0.541226,38833
0.718878,51141
0.898254,67396
0.989699,85701
0.999969,96585
1,100116
1,100244
1,99385
1,99804
1,99245
1,99782
1,99794
1,100576
1,100379
1,101078
1,100647
1,100421
1,99851
1,100581
1,100399
1,100256
1,100232
1,100950
1,99937
1,100058
1,99348
1,100051
1,99513
1,100040
1,100762
1,100263
1,99581
1,100152
1,100896
1,100165
1,99288
1,100177
1,100223
1,100866
1,99983
1,100658
1,99880
1,99634
1,100096
1,99439
1,100076
1,99857
1,99530
1,99918
1,99486
1,99639
1,99986
1,99359
1,100793
1,99977
1,99982
1,99888
1,99550
1,100092
1,99796
1,100335
1,99906
1,100736
1,100139
NAN,NAN
0.026831,2623
0.0265804,2569
0.0268687,2592
0.0281406,2734
0.029328,2853
0.0311294,3000
0.0326907,3144
0.0348099,3361
0.0356968,3424
0.0373624,3573
0.0397924,3819
0.0412068,3935
0.0431489,4135
0.0448143,4276
0.0471957,4480
0.0493743,4644
0.0501983,4733
0.053657,5040
0.0563945,5288
0.0587824,5546
0.061839,5759
0.0654197,6131
0.0678298,6306
0.0742787,6884
0.0797024,7273
0.087389,7915
0.0933506,8443
0.0992405,8846
0.111446,10016
0.123084,10902
0.138799,12224
0.153931,13307
0.177132,14999
0.210456,17475
0.252889,20333
0.310667,24132
0.394664,29378
0.519688,37206
0.694729,48902
0.881814,64622
0.984405,82310
0.999761,96079
1,99083
1,100152
1,99620
1,100443
1,100160
1,100448
1,100541
1,100655
1,99782
1,99929
1,100072
1,99919
1,100216
1,100793
1,100362
1,100003
1,100201
1,99885
1,99735
1,100095
1,100298
1,99769
1,99970
1,99535
1,100611
1,100694
1,99163
1,100193
1,99330
1,99851
1,99315
1,99753
1,100413
1,100044
1,99688
1,99669
1,100193
1,100053
1,101194
1,99545
1,100348
1,99237
1,100018
1,100544
1,100353
1,100375
1,99740
1,100006
1,99767
1,99761
1,99632
1,99706
1,99904
1,99872
1,100044
1,100059
1,100088
1,100376
NAN,NAN
0.0258278,2525
0.0256747,2486
0.0279521,2713
0.0295845,2876
0.0293308,2835
0.03056,2980
0.0311697,2996
0.0322994,3125
0.0323357,3102
0.0333882,3226
0.0345486,3311
0.036228,3471
0.0372545,3572
0.0380894,3630
0.039544,3802
0.039775,3812
0.0410914,3923
0.0425455,4024
0.0428549,4041
0.0447629,4233
0.0480028,4563
0.0501863,4727
0.0528856,5007
0.0560536,5309
0.0587997,5507
0.0617525,5778
0.0670199,6299
0.0707662,6548
0.0753121,6919
0.0829089,7585
0.0886165,8103
0.0959182,8690
0.105575,9541
0.118102,10482
0.129702,11323
0.147731,12796
0.168648,14354
0.197552,16270
0.232106,18880
0.282029,22456
0.353697,27067
0.460957,34061
0.616128,43864
0.806222,58235
0.954985,75907
0.997918,92039
1,97468
1,99736
1,99902
1,99728
1,100036
1,100228
1,100856
1,99918
1,100281
1,99574
1,100432
1,99712
1,98852
1,99916
1,100599
1,101145
1,99951
1,100042
1,100320
1,100411
1,100809
1,100837
1,99489
1,99832
1,100550
1,100393
1,100135
1,100454
1,99964
1,99798
1,99829
1,100469
1,100380
1,100023
1,100020
1,100156
1,99391
1,100421
1,100525
1,99725
1,99637
1,100664
1,100956
1,99999
1,99698
1,99739
1,99948
1,99370
1,99204
1,100520
1,99977
1,99730
1,99710
1,100008
NAN,NAN
0.0259611,2548
0.0254994,2452
0.025455,2467
0.0252665,2437
0.0266999,2581
0.0274076,2641
0.0287768,2794
0.02819,2737
0.028443,2747
0.0294535,2864
0.0303065,2900
0.0304085,2926
0.0310952,3006
0.0330642,3194
0.0332908,3206
0.0337327,3252
0.0351159,3391
0.0368046,3531
0.0388101,3721
0.040721,3904
0.0415035,3964
0.0418314,3979
0.0440237,4229
0.0449313,4266
0.0480437,4536
0.0503319,4731
0.0522849,4905
0.0551384,5192
0.0583603,5484
0.0611006,5717
0.0654476,6124
0.0703203,6558
0.0762074,7061
0.0819868,7550
0.0872572,7898
0.0946962,8613
0.104151,9240
0.114086,10086
0.128724,11304
0.144894,12573
0.164639,14101
0.194541,16350
0.230596,18809
0.281907,22194
0.355354,27321
0.458629,33557
0.60578,43329
0.795054,56844
0.950159,74863
0.996891,90735
0.999969,97400
1,99986
1,100112
1,100050
1,99399
1,100841
1,99775
1,100038
1,99999
1,99380
1,99389
1,100537
1,99949
1,100327
1,100187
1,100434
1,99309
1,99744
1,100342
1,100203
1,99780
1,100683
1,100070
1,99846
1,99760
1,100598
1,99373
1,100458
1,100697
1,100547
1,100576
1,100092
1,100279
1,100460
1,99754
1,100036
1,99914
1,100443
1,100417
1,99913
1,99873
1,99840
1,99980
1,99694
1,100224
1,100381
1,100202
1,100521
1,99875
1,99481
NAN,NAN
0.0260445,2557
0.0268596,2601
0.027386,2627
0.0290425,2801
0.0299218,2909
0.0306306,2947
0.0324973,3142
0.0332591,3210
0.0330996,3191
0.0347431,3364
0.0354524,3414
0.0371473,3582
0.0367022,3528
0.037778,3620
0.0387849,3700
0.0397024,3799
0.0406084,3855
0.0418699,3992
0.0444395,4225
0.0452995,4315
0.0478868,4573
0.0492688,4693
0.0512346,4849
0.0551924,5209
0.0591081,5560
0.0621133,5843
0.067268,6317
0.0723464,6683
0.0764485,7076
0.0826949,7523
0.0923785,8413
0.101128,9097
0.111316,9955
0.12586,11193
0.142512,12612
0.162345,13794
0.188332,15738
0.220091,18029
0.26506,21301
0.332585,25625
0.428442,31676
0.566388,40405
0.748506,53352
0.924691,70172
0.993827,87904
1,97210
1,99761
1,99349
1,100278
1,100276
1,99621
1,99962
1,100374
1,100343
1,100076
1,100541
1,99764
1,99720
1,99697
1,100361
1,99509
1,100327
1,100041
1,99452
1,98916
1,99672
1,99605
1,100180
1,99896
1,100061
1,99655
1,99873
1,100185
1,100067
1,100092
1,100336
1,99777
1,99799
1,99825
1,99420
1,100458
1,100168
1,100346
1,100622
1,99452
1,100143
1,99362
1,100606
1,100585
1,100110
1,100287
1,100238
1,100624
1,99920
1,99423
1,99981
1,100173
1,100244
1,100081
1,99871
NAN,NAN
0.0248225,2458
0.0258393,2533
0.0268354,2619
0.027955,2703
0.0302384,2935
0.031572,3043
0.0318567,3060
0.0319686,3089
0.0326999,3149
0.0333065,3186
0.0347133,3308
0.0348104,3316
0.0359556,3448
0.0365272,3497
0.0381345,3660
0.0391556,3767
0.0387924,3707
0.0425394,4068
0.0448046,4271
0.0465269,4390
0.0482749,4581
0.052525,4955
0.0541963,5088
0.0583529,5514
0.0619637,5820
0.0649373,6018
0.0712838,6610
0.07448,6836
0.0796981,7275
0.0865572,7936
0.0917781,8363
0.0980962,8873
0.10707,9610
0.118543,10542
0.13383,11740
0.149088,12932
0.172765,14855
0.200141,16757
0.237001,19458
0.288624,22614
0.362862,27342
0.471281,34314
0.629357,44381
0.817052,58630
0.961299,76530
0.998278,92759
1,98127
1,99653
1,99461
1,100303
1,99402
1,100049
1,100493
1,99644
1,100318
1,100448
1,100616
1,100223
1,98667
1,99769
1,100409
1,100458
1,99748
1,99360
1,99273
1,100161
1,100328
1,99591
1,99742
1,99684
1,100420
1,99816
1,99836
1,99597
1,99718
1,99538
1,100094
1,99756
1,100267
1,100723
1,100154
1,100283
1,99888
1,99956
1,98791
1,99374
1,99722
1,99826
1,100486
1,100004
1,99817
1,100364
1,100495
1,100580
1,100808
1,100005
1,100162
1,99257
1,99259
1,100558
NAN,NAN
0.0257217,2533
0.0270469,2644
0.0279143,2693
0.0289257,2792
0.0293867,2829
0.0313516,3017
0.0328854,3157
0.0349638,3366
0.03546,3407
0.0385048,3660
0.0401933,3843
0.0423185,4036
0.0433029,4112
0.0446701,4271
0.0461559,4421
0.0497733,4721
0.0506128,4774
0.0538985,5056
0.0561724,5277
0.0583566,5484
0.0605728,5626
0.0634726,5943
0.0675934,6336
0.0727599,6765
0.0776635,7116
0.0842539,7726
0.0917199,8299
0.0974544,8698
0.106108,9481
0.119924,10649
0.134733,11926
0.15159,13048
0.177131,15125
0.208123,17244
0.248482,20139
0.307522,24098
0.389466,29305
0.513502,37253
0.684932,48748
0.871809,64812
0.981538,82777
0.999507,95350
1,98562
1,99327
1,99781
1,99957
1,100737
1,99779
1,100228
1,101037
1,99917
1,100164
1,100050
1,100379
1,100641
1,100305
1,100168
1,100290
1,99937
1,100378
1,100415
1,100638
1,99929
1,99176
1,100298
1,99303
1,99317
1,99627
1,100293
1,101331
1,99943
1,100744
1,100492
1,99511
1,100714
1,100396
1,99777
1,99562
1,100259
1,100624
1,100045
1,99473
1,100074
1,99689
1,100347
1,99999
1,100334
1,100863
1,100637
1,99611
1,99788
1,99489
1,99494
1,99923
1,99769
1,99899
1,100661
1,99894
1,99837
1,100014
NAN,NAN
0.0521765,4997
0.054061,5078
0.0587269,5577
0.0610275,5678
0.0633513,5879
0.0661355,6151
0.0710629,6580
0.0753456,6966
0.0787425,7171
0.0854193,7777
0.092883,8453
0.100219,9093
0.110303,9875
0.123375,10781
0.138563,11984
0.158726,13640
0.183938,15574
0.215567,17783
0.26019,20957
0.321205,25036
0.409767,30576
0.544166,39131
0.723328,50604
0.907744,68571
0.990809,86239
0.99999,95675
1,99113
1,99678
1,99968
1,100187
1,100851
1,100200
1,100946
1,100798
1,99647
1,100115
1,100283
1,99859
1,99901
1,99689
1,100048
1,99933
1,99754
1,100602
1,100101
1,99791
1,100094
1,100656
1,100548
1,99964
1,100274
1,100442
1,100048
1,100300
1,100244
1,100021
1,100251
1,100873
1,99877
1,99863
1,100180
1,99753
1,99920
1,100523
1,99693
1,100152
1,100104
1,100517
1,100599
1,99771
1,99786
1,99677
1,99886
1,100647
1,99793
1,100206
1,100066
1,100230
1,99416
1,100593
1,100425
1,100297
1,99180
1,99763
1,101272
1,99799
1,100092
1,100218
1,99661
1,100058
1,100078
1,99599
1,99265
1,99363
1,100105
1,99475
1,99630
1,99935
1,99843
1,100179
NAN,NAN
0.053787,5155
0.0574516,5439
0.0592098,5618
0.0637626,5994
0.0680896,6342
0.0753877,6942
0.0808315,7439
0.0887476,8096
0.0939438,8451
0.101274,9125
0.114423,10151
0.126324,11153
0.141342,12274
0.161141,13749
0.187047,15772
0.223098,18265
0.273061,21888
0.337953,26020
0.434096,32203
0.576324,41191
0.763624,54370
0.930634,71120
0.994503,89189
0.999959,97370
1,99456
1,99766
1,99955
1,100484
1,100406
1,100324
1,100848
1,100100
1,99947
1,100360
1,99741
1,100432
1,100106
1,99998
1,100225
1,100101
1,99676
1,99899
1,100216
1,99349
1,99730
1,99286
1,99971
1,101335
1,99892
1,98876
1,99792
1,100081
1,99660
1,99552
1,99858
1,99201
1,99953
1,100146
1,100090
1,99224
1,99169
1,99731
1,100339
1,100156
1,99116
1,99656
1,100429
1,99776
1,99089
1,99815
1,100026
1,100844
1,100551
1,99405
1,99987
1,100167
1,99842
1,100074
1,100514
1,99231
1,99410
1,100444
1,100467
1,100709
1,100460
1,99518
1,100766
1,100339
1,100184
1,99579
1,99275
1,99861
1,100014
1,99712
1,99936
1,100113
1,101272
1,100475
1,99118
1,99821
NAN,NAN
0.052903,5109
0.0542605,5135
0.0574818,5413
0.0598058,5616
0.065322,6082
0.0708905,6559
0.075815,7016
0.0826067,7626
0.0888456,8122
0.096491,8783
0.105687,9521
0.115867,10287
0.129011,11321
0.145689,12699
0.164778,14120
0.191876,16156
0.226853,18643
0.274244,21888
0.34607,27008
0.448923,32955
0.598516,42676
0.786697,56558
0.945179,73309
0.996433,89683
0.99999,97476
1,99521
1,100409
1,100239
1,100533
1,99758
1,99805
1,99795
1,99763
1,99327
1,100292
1,100113
1,99879
1,100349
1,99367
1,99198
1,100353
1,99828
1,99931
1,99786
1,100648
1,99936
1,100280
1,100033
1,100278
1,101098
1,100879
1,99998
1,99826
1,100393
1,100475
1,99477
1,100619
1,100096
1,99769
1,100591
1,100582
1,99343
1,100663
1,100505
1,99424
1,99383
1,100268
1,100701
1,100152
1,100291
1,100188
1,100359
1,99605
1,99385
1,99900
1,99610
1,99912
1,100898
1,101039
1,99837
1,99982
1,99657
1,99821
1,99155
1,99921
1,100258
1,100197
1,99222
1,100961
1,100563
1,99924
1,99529
1,100328
1,100607
1,99851
1,99472
1,99536
1,100347
1,100780
1,99769
NAN,NAN
0.0531323,5121
0.0557637,5225
0.0585874,5473
0.0625074,5840
0.0680429,6358
0.0720502,6681
0.0754989,6969
0.0795443,7297
0.0864562,7957
0.0924297,8405
0.103757,9343
0.112995,10065
0.124781,10965
0.136691,11895
0.154132,13253
0.176792,15092
0.210112,17520
0.254209,20641
0.312298,24299
0.397611,29861
0.524022,37303
0.697501,49171
0.886919,65373
0.985511,83592
0.999791,95843
1,100050
1,99820
1,100005
1,100447
1,99633
1,98915
1,99536
1,100150
1,100121
1,99777
1,100253
1,99560
1,100092
1,99662
1,100347
1,98960
1,99575
1,100544
1,99898
1,100230
1,99769
1,99309
1,99164
1,99444
1,99961
1,100091
1,100420
1,100231
1,99731
1,100450
1,100616
1,99742
1,99246
1,100243
1,100311
1,99990
1,99158
1,100699
1,99838
1,99876
1,99594
1,99511
1,99347
1,99974
1,99761
1,100418
1,99889
1,100163
1,100264
1,99611
1,99796
1,100334
1,101029
1,100102
1,100309
1,99490
1,100179
1,100069
1,99721
1,99562
1,100280
1,99394
1,99848
1,100231
1,99574
1,99762
1,99505
1,100047
1,100279
1,100693
1,100771
1,99848
1,100522
1,99586
1,100588
NAN,NAN
0.0523518,5043
0.0542537,5156
0.0567793,5382
0.0606367,5703
0.0645416,6046
0.068618,6360
0.0735466,6781
0.0782515,7155
0.0847897,7724
0.0932159,8541
0.101712,9181
0.111067,9887
0.122536,10860
0.138909,12142
0.155926,13332
0.17847,15042
0.21079,17453
0.255371,20791
0.316362,24885
0.402656,30289
0.529109,38535
0.702985,49855
0.889408,65890
0.987186,84202
0.999803,96333
1,98954
1,99228
1,99853
1,98698
1,99653
1,100183
1,100024
1,100415
1,99727
1,100973
1,100368
1,100618
1,99742
1,99564
1,100495
1,100463
1,99916
1,100862
1,99313
1,100365
1,100321
1,100784
1,101013
1,100062
1,100006
1,100036
1,100504
1,100800
1,100423
1,100643
1,100591
1,100120
1,99295
1,100093
1,100245
1,100042
1,100282
1,99634
1,99737
1,99010
1,100034
1,99790
1,100897
1,100058
1,100124
1,99789
1,99402
1,100419
1,100238
1,99502
1,99424
1,100345
1,100513
1,100416
1,100341
1,100779
1,100426
1,100008
1,99881
1,100195
1,99969
1,100511
1,100338
1,100459
1,99744
1,99808
1,101085
1,99273
1,99143
1,100153
1,100716
1,100253
1,100364
1,99810
1,100262
NAN,NAN
0.05393,5148
0.0555591,5230
0.0585587,5501
0.0620956,5787
0.0655071,6086
0.0701948,6482
0.0751709,6970
0.0813816,7516
0.0869007,7925
0.0947166,8553
0.106037,9550
0.115328,10253
0.127997,11188
0.145862,12760
0.167814,14237
0.195964,16459
0.229996,18974
0.28065,22191
0.349175,26715
0.453567,33368
0.601337,42624
0.790713,56128
0.948772,73693
0.997376,90480
1,98222
1,99722
1,100213
1,100340
1,100103
1,99897
1,100205
1,99748
1,100175
1,99765
1,99816
1,99900
1,99794
1,99343
1,100263
1,99871
1,100169
1,99961
1,99559
1,99681
1,99354
1,99989
1,99102
1,100007
1,100385
1,99806
1,99984
1,99975
1,99458
1,100045
1,99006
1,99781
1,100650
1,100453
1,99719
1,99475
1,99659
1,100376
1,100476
1,100435
1,100470
1,100939
1,99793
1,100116
1,99428
1,98658
1,99497
1,99824
1,100099
1,99821
1,100147
1,100084
1,99457
1,99588
1,100485
1,100537
1,99900
1,100263
1,99615
1,100120
1,100002
1,99459
1,99626
1,99872
1,99927
1,99765
1,101114
1,100269
1,99755
1,99386
1,99981
1,100455
1,100219
1,100206
1,100142
1,100750
NAN,NAN
0.0522762,5040
0.0543892,5140
0.0543322,5073
0.057534,5430
0.0624537,5907
0.0643585,6045
0.0682764,6351
0.07205,6675
0.0777236,7147
0.0851045,7740
0.0921044,8336
0.101078,9131
0.111553,10009
0.123982,11082
0.138845,12137
0.156156,13438
0.180274,15145
0.210926,17212
0.253725,20483
0.312689,24487
0.397015,29576
0.522713,37397
0.69646,48537
0.883614,64647
0.985901,83144
0.999802,95804
1,99392
1,100142
1,100526
1,100073
1,100243
1,100638
1,100237
1,100163
1,99741
1,99944
1,99620
1,99920
1,100573
1,100513
1,100089
1,100221
1,99850
1,99602
1,100496
1,100179
1,100451
1,99849
1,99414
1,99227
1,100048
1,99863
1,99475
1,99384
1,99796
1,100212
1,100271
1,100094
1,100387
1,100543
1,100111
1,100489
1,99500
1,100153
1,100106
1,98749
1,99007
1,99609
1,98978
1,99444
1,100083
1,99745
1,99754
1,100533
1,100253
1,100635
1,100288
1,99925
1,100635
1,99921
1,100438
1,100186
1,100090
1,100079
1,99906
1,99973
1,99723
1,99422
1,99534
1,99747
1,100154
1,99746
1,99071
1,100139
1,100103
1,99066
1,99575
1,99591
1,99898
1,100260
NAN,NAN
0.0512826,4922
0.0547906,5181
0.0588785,5543
0.0605476,5683
0.0639913,5959
0.066727,6194
0.0718807,6666
0.076595,7021
0.0807071,7373
0.0881576,8039
0.0947046,8529
0.103189,9222
0.11179,9975
0.123044,10783
0.138373,12007
0.157518,13568
0.181042,15381
0.212755,17571
0.252734,20314
0.310254,24255
0.392497,29367
0.512607,36838
0.677878,47867
0.865613,64019
0.979489,81327
0.999652,94818
1,98978
1,100493
1,100005
1,99426
1,99402
1,99569
1,99985
1,99573
1,100309
1,100297
1,99901
1,100256
1,100098
1,99908
1,100228
1,99557
1,99813
1,99002
1,100596
1,100233
1,100025
1,99803
1,100696
1,99968
1,100088
1,99702
1,100031
1,100151
1,101105
1,100856
1,99620
1,99016
1,99328
1,99772
1,100566
1,99411
1,99489
1,100763
1,100185
1,100295
1,100297
1,99560
1,99873
1,100335
1,100309
1,100864
1,99899
1,100422
1,99773
1,99991
1,99876
1,100163
1,99914
1,100032
1,100296
1,100413
1,100298
1,99900
1,99860
1,100262
1,99502
1,99992
1,100409
1,100081
1,99560
1,100251
1,100285
1,99929
1,100925
1,100575
1,100457
1,99391
1,100794
1,99705
NAN,NAN
0.0516588,4975
0.0541462,5114
0.056886,5309
0.059572,5543
0.0627775,5895
0.0665065,6200
0.069359,6389
0.0752314,6958
0.0810557,7423
0.0864597,7838
0.0953449,8547
0.103521,9211
0.113982,10125
0.126974,11214
0.142675,12549
0.160751,13742
0.185446,15652
0.220387,18217
0.265378,21179
0.332859,25494
0.426181,31652
0.565363,40545
0.750339,53686
0.92589,70151
0.994298,88062
1,96509
1,99039
1,99719
1,99671
1,100145
1,100968
1,100310
1,99954
1,100618
1,100767
1,100219
1,99748
1,100217
1,99616
1,99828
1,100444
1,99638
1,99677
1,100694
1,99531
1,99971
1,99580
1,99720
1,99880
1,99827
1,99464
1,99885
1,99704
1,100002
1,100301
1,100392
1,99576
1,99746
1,99688
1,100261
1,100171
1,100084
1,100200
1,99914
1,100221
1,100832
1,100663
1,99627
1,99862
1,100682
1,100325
1,100013
1,101068
1,100753
1,100094
1,100654
1,101031
1,99794
1,100724
1,100471
1,99191
1,99534
1,100152
1,99700
1,99792
1,100602
1,99523
1,99230
1,100184
1,99139
1,99781
1,100135
1,99868
1,99838
1,100413
1,100539
1,99590
1,100268
1,99862
1,99234
NAN,NAN
0.0519093,5016
0.055293,5254
0.0611815,5748
0.064498,5974
0.0700336,6541
0.0755484,7009
0.0798777,7289
0.0858838,7804
0.0942172,8495
0.102561,9216
0.112862,10104
0.12585,11087
0.138237,12042
0.156025,13428
0.18109,15292
0.212928,17755
0.256186,20676
0.316855,24689
0.403101,30135
0.533231,38182
0.709028,49778
0.891657,66687
0.987565,84578
0.999769,95144
1,98942
1,99221
1,99311
1,99829
1,99255
1,99525
1,99713
1,99516
1,99555
1,99395
1,100092
1,100694
1,99535
1,100648
1,99542
1,99112
1,100401
1,99773
1,100461
1,99829
1,99762
1,100004
1,99627
1,100207
1,100353
1,99480
1,100047
1,100570
1,100417
1,99712
1,100648
1,99940
1,100503
1,100158
1,99370
1,99377
1,100378
1,99862
1,99509
1,100382
1,99690
1,99303
1,100222
1,99979
1,100796
1,100688
1,100144
1,99936
1,99737
1,99616
1,100299
1,100146
1,99044
1,100003
1,100378
1,99724
1,99851
1,99997
1,99862
1,100081
1,101025
1,100824
1,100180
1,99633
1,100102
1,99506
1,98829
1,99556
1,100146
1,101213
1,100176
1,99552
1,99208
1,99612
1,100472
1,100056
NAN,NAN
0.108869,10172
0.122813,11001
0.139799,12263
0.158185,13661
0.183395,15423
0.212476,17548
0.2568,20658
0.314666,24380
0.404256,30225
0.532607,38385
0.708925,50501
0.893867,66830
0.988249,85276
0.999938,96758
1,98994
1,99642
1,99501
1,99285
1,99839
1,100189
1,100061
1,100219
1,99856
1,100080
1,100549
1,99707
1,99383
1,100461
1,100150
1,99856
1,100341
1,100371
1,100170
1,100063
1,99418
1,99343
1,100034
1,99487
1,101006
1,100300
1,99296
1,100312
1,100420
1,100022
1,99846
1,99162
1,99431
1,100122
1,99324
1,100080
1,99891
1,99620
1,99782
1,99301
1,101182
1,100939
1,100475
1,99554
1,99951
1,100529
1,99567
1,99949
1,99989
1,100498
1,100891
1,100597
1,100441
1,99680
1,100206
1,100641
1,99658
1,99593
1,100346
1,99426
1,99464
1,99562
1,100284
1,100536
1,100442
1,99700
1,100025
1,99684
1,99667
1,99877
1,100008
1,100199
1,99882
1,100099
1,99863
1,100742
1,99835
1,99228
1,99811
1,99717
1,100248
1,100149
1,99860
1,100389
1,99218
1,100180
NAN,NAN
0.109271,10102
0.12185,10903
0.137801,12112
0.153881,13281
0.175759,14733
0.20514,16963
0.242225,19394
0.297805,23392
0.377074,28566
0.49397,36083
0.660637,46750
0.850401,61393
0.974167,79834
0.999247,94272
1,99608
1,99948
1,100054
1,100046
1,99782
1,100756
1,100124
1,99586
1,100047
1,99983
1,100206
1,99704
1,100612
1,99768
1,100828
1,100261
1,99402
1,99745
1,100408
1,99733
1,99578
1,100404
1,100341
1,100480
1,99762
1,99463
1,100242
1,99711
1,100034
1,100172
1,100053
1,99749
1,100264
1,99893
1,100414
1,99571
1,99840
1,99926
1,100129
1,100327
1,99614
1,100046
1,99635
1,100421
1,99390
1,100300
1,99979
1,100187
1,99393
1,99783
1,99422
1,99132
1,99410
1,100183
1,100202
1,99793
1,99934
1,99531
1,100036
1,100241
1,99806
1,99719
1,100165
1,100261
1,99658
1,99208
1,101035
1,100365
1,100660
1,100093
1,99267
1,98524
1,100290
1,100026
1,100605
1,99559
1,100012
1,100016
1,99880
1,100100
1,100641
1,100049
1,100658
1,100197
1,100193
1,100133
NAN,NAN
0.109892,10086
0.12111,10873
0.135652,11902
0.154961,13402
0.180134,15217
0.211207,17512
0.254569,20449
0.313041,24307
0.398487,30034
0.527376,38057
0.704549,49992
0.888587,65990
0.986951,83649
0.999896,96462
1,99461
1,99728
1,99663
1,99769
1,99771
1,99709
1,99646
1,100492
1,100160
1,99766
1,99336
1,100596
1,99457
1,99556
1,100146
1,100278
1,99979
1,99827
1,100064
1,100401
1,99980
1,100130
1,99242
1,100474
1,100052
1,100370
1,100325
1,99635
1,98993
1,100337
1,100993
1,100432
1,98905
1,99557
1,99335
1,100087
1,99364
1,100174
1,99440
1,99478
1,100069
1,100216
1,100039
1,100353
1,100754
1,100255
1,100850
1,100659
1,99737
1,99939
1,100835
1,100502
1,99928
1,99585
1,99426
1,99890
1,100351
1,99927
1,99874
1,99832
1,99436
1,99616
1,100968
1,100233
1,100838
1,100050
1,100141
1,99491
1,99640
1,99884
1,100061
1,99826
1,99927
1,100065
1,99803
1,99573
1,100187
1,100165
1,99169
1,99684
1,99789
1,99558
1,99924
1,100042
1,99875
1,100126
NAN,NAN
0.11038,10261
0.123637,11030
0.140935,12316
0.160665,13848
0.185557,15535
0.215755,17581
0.258097,20511
0.317534,24473
0.406717,30361
0.531958,38368
0.70807,49829
0.89153,66115
0.987242,84039
0.999844,95955
1,99619
1,99591
1,100157
1,99771
1,100322
1,100565
1,99889
1,99879
1,99679
1,99656
1,99111
1,100020
1,100235
1,100448
1,99778
1,99775
1,99891
1,100369
1,100311
1,100107
1,100278
1,99774
1,99431
1,99896
1,100194
1,99525
1,100149
1,99603
1,100559
1,100089
1,100389
1,99532
1,99793
1,100753
1,100661
1,100398
1,100122
1,99571
1,100525
1,99862
1,100753
1,99704
1,100318
1,100086
1,99525
1,100451
1,100403
1,99854
1,101015
1,100417
1,99861
1,100071
1,99125
1,100278
1,100230
1,100587
1,100559
1,99177
1,99792
1,99756
1,99646
1,100041
1,99626
1,100259
1,100162
1,99452
1,99637
1,99196
1,100237
1,99512
1,100104
1,99407
1,100138
1,100521
1,100149
1,99618
1,99779
1,99413
1,99970
1,100380
1,100047
1,100450
1,99835
1,99872
1,99637
1,99438
NAN,NAN
0.111336,10219
0.122971,10786
0.13393,11661
0.15182,13082
0.176165,15008
0.207448,17357
0.248399,20246
0.303523,23659
0.384513,29341
0.502833,36916
0.673994,47280
0.861634,63044
0.979171,81279
0.99958,95196
1,98168
1,99491
1,100275
1,99487
1,99944
1,99917
1,100248
1,100040
1,99430
1,100715
1,100266
1,100587
1,99073
1,99063
1,99310
1,99649
1,99843
1,99328
1,99847
1,99841
1,100172
1,100226
1,100978
1,100049
1,99580
1,100071
1,100787
1,99810
1,100425
1,99692
1,100688
1,99792
1,100319
1,99500
1,99949
1,100932
1,99868
1,100367
1,100230
1,100356
1,100438
1,99839
1,98821
1,99345
1,99179
1,99429
1,99516
1,100116
1,99544
1,100213
1,99682
1,100083
1,100369
1,99040
1,99536
1,99621
1,99196
1,99954
1,99403
1,99782
1,100254
1,100689
1,99554
1,100613
1,101339
1,100658
1,100480
1,100448
1,100247
1,99790
1,100219
1,99758
1,99784
1,99159
1,99798
1,99398
1,99278
1,100403
1,101047
1,101383
1,99707
1,100890
1,100745
1,100192
1,100061
1,100506
NAN,NAN
0.111752,10383
0.123208,10995
0.137756,11989
0.157185,13389
0.178561,15155
0.211792,17559
0.256571,20597
0.316401,24716
0.405679,30262
0.533051,38401
0.712718,50397
0.896001,66563
0.986872,84648
0.999823,96166
1,99229
1,99651
1,100679
1,100834
1,100097
1,99726
1,99289
1,100115
1,99945
1,99855
1,99252
1,99770
1,99562
1,100324
1,99680
1,99760
1,100007
1,98998
1,99374
1,100451
1,99766
1,99640
1,99944
1,99517
1,100107
1,99871
1,100095
1,99758
1,100070
1,100053
1,99660
1,99860
1,100151
1,100615
1,100691
1,99508
1,100431
1,100064
1,100239
1,100416
1,99758
1,100053
1,100045
1,100339
1,99213
1,100111
1,100153
1,100006
1,99723
1,100254
1,99803
1,99907
1,99423
1,100350
1,100501
1,99959
1,99924
1,99700
1,99887
1,100298
1,100150
1,100169
1,99236
1,99998
1,100139
1,99528
1,100269
1,99964
1,100273
1,100126
1,100074
1,100077
1,99528
1,99691
1,99942
1,99943
1,100175
1,100208
1,99814
1,99889
1,99854
1,100537
1,100432
1,100154
1,100130
1,100247
NAN,NAN
0.108423,10056
0.123281,11002
0.139782,12320
0.159238,13643
0.184083,15682
0.215501,17917
0.259059,20862
0.321659,25257
0.410474,30114
0.541287,38479
0.721521,50912
0.90175,67211
0.989624,84984
0.999948,96307
1,99371
1,100608
1,100487
1,99268
1,99805
1,99089
1,99236
1,100674
1,99902
1,100690
1,100295
1,100435
1,100345
1,99879
1,99754
1,99950
1,99764
1,99870
1,100212
1,100242
1,100018
1,99911
1,100130
1,99432
1,99830
1,100145
1,99250
1,99368
1,99837
1,100808
1,99671
1,100386
1,99740
1,99824
1,99995
1,99739
1,99435
1,99588
1,99382
1,100181
1,99560
1,98914
1,100090
1,99934
1,100010
1,99920
1,100364
1,99569
1,100006
1,100036
1,99938
1,99239
1,99765
1,100098
1,99703
1,99641
1,99353
1,100086
1,100285
1,100117
1,99709
1,100176
1,99761
1,100044
1,100550
1,99724
1,99586
1,100291
1,100651
1,100464
1,100581
1,100047
1,99474
1,100381
1,100318
1,99763
1,99895
1,99845
1,99493
1,100038
1,100064
1,99668
1,100077
1,100977
1,99950
1,100089
NAN,NAN
0.109384,10112
0.12353,10969
0.142721,12451
0.163646,14014
0.187178,15602
0.22156,18520
0.268848,21660
0.334775,26006
0.433867,32045
0.574997,40811
0.757101,53895
0.928828,71373
0.994554,88758
0.999969,97257
1,99254
1,100473
1,100105
1,100248
1,100930
1,99969
1,100128
1,99619
1,99336
1,101016
1,100668
1,100546
1,99647
1,100224
1,99930
1,99977
1,101267
1,100630
1,100349
1,99944
1,99566
1,99836
1,99793
1,99455
1,99994
1,99747
1,100149
1,100010
1,100492
1,99802
1,99430
1,99890
1,100511
1,99610
1,100001
1,99924
1,99474
1,98995
1,99976
1,99349
1,100334
1,99738
1,99627
1,99920
1,99791
1,99508
1,99723
1,100056
1,99991
1,100077
1,99698
1,99304
1,99536
1,99883
1,100159
1,99747
1,100833
1,99861
1,100597
1,99751
1,99797
1,99668
1,100374
1,100017
1,99678
1,100277
1,100355
1,99793
1,99640
1,99977
1,100017
1,99284
1,99562
1,100286
1,100556
1,100524
1,99577
1,100554
1,100756
1,100492
1,100344
1,99712
1,100134
1,100441
1,100520
1,99687
NAN,NAN
0.109957,10134
0.12165,10835
0.136462,12014
0.153313,13301
0.175562,14842
0.206535,17067
0.24454,19695
0.300147,23479
0.381723,28714
0.50348,36384
0.671256,47782
0.864136,62948
0.979658,81436
0.999515,94732
1,98875
1,99530
1,100273
1,100243
1,100320
1,100398
1,100011
1,99911
1,99551
1,100831
1,100371
1,100315
1,100200
1,101467
1,99666
1,100602
1,100375
1,99330
1,99864
1,100244
1,100120
1,99800
1,100351
1,100021
1,100067
1,100255
1,100135
1,100522
1,100404
1,99723
1,100319
1,99771
1,100379
1,100274
1,100222
1,100061
1,98819
1,99657
1,99864
1,99805
1,99999
1,99404
1,99168
1,99425
1,98921
1,100202
1,100307
1,100228
1,100014
1,99566
1,99574
1,100583
1,99493
1,100627
1,100130
1,99668
1,99740
1,100310
1,99020
1,99813
1,100801
1,100145
1,99670
1,100300
1,99906
1,100813
1,99510
1,100751
1,100275
1,100001
1,100459
1,100384
1,100531
1,99743
1,99285
1,100013
1,100391
1,100286
1,99659
1,100495
1,99805
1,100405
1,99453
1,99607
1,100080
1,99898
NAN,NAN
0.10903,10145
0.119385,10623
0.132184,11557
0.148848,12966
0.168684,14329
0.194883,16186
0.229656,18474
0.275967,21768
0.344591,26508
0.446526,32867
0.595309,42286
0.783765,55652
0.945183,73315
0.996671,90129
1,97996
1,100219
1,100290
1,99596
1,99395
1,99519
1,99389
1,100471
1,99749
1,99799
1,100041
1,99655
1,99988
1,100146
1,99773
1,99886
1,99844
1,99498
1,99805
1,100036
1,100406
1,101050
1,100433
1,100119
1,99416
1,99880
1,100515
1,99673
1,99921
1,99453
1,100082
1,99968
1,99856
1,100062
1,99439
1,99849
1,99491
1,99999
1,100085
1,100104
1,99401
1,99700
1,99794
1,99900
1,100641
1,100781
1,100936
1,100063
1,100141
1,99669
1,99149
1,100248
1,100929
1,99607
1,100436
1,100105
1,99126
1,100109
1,99296
1,99958
1,99778
1,100370
1,99773
1,99939
1,99873
1,99589
1,99789
1,100167
1,100206
1,100186
1,100058
1,99854
1,100160
1,100452
1,100828
1,100111
1,99940
1,100194
1,99994
1,99992
1,99843
1,101070
1,100331
1,100126
1,100145
1,100738
NAN,NAN
