original_number,set_number,position_0.9_x2,frequency_0.9_x2,position_0.9_x1,frequency_0.9_x1,position_0.1_x2,frequency_0.1_x2,position_0.1_x1,frequency_0.1_x1,accurate_left,accurate_right,distance
1,1,0.19,0.909344,0.21,0.882979,0.39,0.102493,0.41,0.057941,0.19708818509387446,0.39111914167714135,0.19403095658326688
1,2,0.21,0.910279,0.23,0.862822,0.39,0.130831,0.41,0.0890293,0.21433192152896302,0.40475107471705696,0.19041915318809394
1,3,0.23,0.917674,0.25,0.853342,0.41,0.126344,0.43,0.0736961,0.23549462165018964,0.4200076166380805,0.18451299498789087
1,4,0.25,0.904508,0.27,0.829482,0.43,0.118323,0.45,0.0880503,0.2512017167381974,0.4421052961909575,0.1909035794527601
1,5,0.25,0.939921,0.27,0.888358,0.45,0.122283,0.47,0.0819761,0.2654843589395497,0.46105666771694176,0.19557230877739207
1,6,0.27,0.925178,0.29,0.890117,0.47,0.106136,0.49,0.0608974,0.2843623969652891,0.4727127276264075,0.1883503306611184
1,7,0.29,0.926234,0.31,0.880126,0.47,0.138375,0.49,0.0895522,0.30137937017437316,0.485720114372793,0.18434074419841984
1,8,0.31,0.900059,0.33,0.858531,0.51,0.1069,0.53,0.0605573,0.3100284145636679,0.5129778152761924,0.20294940071252443
1,9,0.31,0.941847,0.33,0.892236,0.51,0.118709,0.53,0.0897936,0.32687004898107275,0.5229405092096253,0.19607046022855257
1,10,0.33,0.928492,0.35,0.874856,0.53,0.109802,0.55,0.082001,0.3406242076217466,0.5370515449084565,0.1964273372867099
1,11,0.35,0.937215,0.37,0.899652,0.55,0.109284,0.57,0.0870918,0.3698147112850411,0.558366903686881,0.1885521924018399
1,12,0.37,0.922369,0.39,0.882042,0.57,0.107742,0.59,0.0658106,0.3810938081186302,0.5736926980735201,0.19259888995488988
1,13,0.39,0.928074,0.41,0.871748,0.59,0.100754,0.61,0.0753687,0.399968398253027,0.5905940445848581,0.1906256463318311
1,14,0.41,0.920653,0.43,0.844521,0.59,0.13518,0.61,0.0884908,0.4154255766300636,0.605069866264575,0.18964428963451146
1,15,0.41,0.938693,0.43,0.890931,0.61,0.111111,0.63,0.0757919,0.42620242033415684,0.6162917798018636,0.19008935946770672
1,16,0.43,0.930997,0.45,0.898863,0.63,0.107647,0.65,0.0889994,0.44929233833322957,0.638201591625732,0.1889092532925024
1,17,0.45,0.936009,0.47,0.879159,0.65,0.126197,0.67,0.08646,0.46266807387862796,0.6631851926416187,0.20051711876299072
1,18,0.47,0.91546,0.49,0.864286,0.67,0.110553,0.69,0.0683761,0.4760421307695314,0.6750041610455012,0.19896203027596981
1,19,0.49,0.914417,0.51,0.862283,0.69,0.106371,0.71,0.0710027,0.49553074768864847,0.6936026611400604,0.19807191345141195
1,20,0.51,0.919236,0.53,0.8462,0.69,0.131836,0.71,0.0976,0.5152675392956898,0.7085979670522257,0.19333042775653586
1,21,0.53,0.902825,0.55,0.837854,0.71,0.12275,0.73,0.0948746,0.5308696187529821,0.726322635728994,0.19545301697601192
1,22,0.53,0.944785,0.55,0.879051,0.73,0.130577,0.75,0.0827318,0.5436261295524386,0.7427816374474346,0.19915550789499603
1,23,0.55,0.935232,0.57,0.881075,0.75,0.107557,0.77,0.0884354,0.5630110604354008,0.7579041502803112,0.19489308984491038
1,24,0.57,0.921188,0.59,0.88437,0.77,0.101489,0.79,0.0719697,0.5815095877016676,0.7710088315102323,0.18949924380856464
1,25,0.59,0.922671,0.61,0.875309,0.79,0.11074,0.81,0.070906,0.5995734977408048,0.7953923783702365,0.19581888062943165
1,26,0.61,0.915656,0.63,0.856698,0.79,0.142111,0.81,0.0883694,0.6153108992842362,0.8056716584545306,0.19036075917029438
1,27,0.63,0.920048,0.65,0.835766,0.81,0.132345,0.83,0.0973223,0.6347573621888423,0.8284708774594763,0.19371351527063407
1,28,0.65,0.904617,0.67,0.834399,0.83,0.124588,0.85,0.08742,0.6513150474237375,0.8432307361170899,0.1919156886933524
1,29,0.65,0.934783,0.67,0.883524,0.85,0.116918,0.87,0.07431,0.663571470375934,0.8579412316935786,0.1943697613176446
1,30,0.67,0.922235,0.69,0.872222,0.87,0.111111,0.89,0.0849009,0.6788916881610781,0.8784784109942351,0.19958672283315693
2,1,0.19,0.919907,0.21,0.879601,0.37,0.145038,0.39,0.0954907,0.19987793380638116,0.38817979990837037,0.1883018661019892
2,2,0.21,0.915067,0.23,0.856226,0.39,0.123864,0.41,0.0918142,0.21512125898608112,0.4048918245979694,0.1897705656118883
2,3,0.23,0.905405,0.25,0.852469,0.41,0.13449,0.43,0.0864266,0.2320420885597703,0.4243518768959333,0.192309788336163
2,4,0.25,0.913223,0.27,0.840977,0.43,0.116159,0.45,0.0852183,0.2536605486808958,0.44044514183583433,0.1867845931549385
2,5,0.25,0.937775,0.27,0.87065,0.45,0.112795,0.47,0.0777288,0.26125512104283055,0.4572976256338012,0.19604250459097067
2,6,0.27,0.928926,0.29,0.883902,0.47,0.100229,0.49,0.0823529,0.2828491471215352,0.470256208009577,0.18740706088804182
2,7,0.29,0.941899,0.31,0.890562,0.49,0.104593,0.51,0.0682557,0.30632311977715876,0.4925279808901597,0.18620486111300094
2,8,0.31,0.921739,0.33,0.879403,0.49,0.13253,0.51,0.095624,0.32026974678760395,0.5076285698802363,0.18735882309263235
2,9,0.33,0.910024,0.35,0.875974,0.51,0.132619,0.53,0.0933562,0.33588781204111606,0.5266157278645436,0.19072791582342752
2,10,0.35,0.913631,0.37,0.843546,0.55,0.100927,0.57,0.0709677,0.3538898480416637,0.5506188395590017,0.19672899151733803
2,11,0.35,0.931149,0.37,0.88538,0.55,0.126121,0.57,0.0946089,0.3636113963599816,0.5665783936963897,0.20296699733640816
2,12,0.37,0.932733,0.39,0.884845,0.57,0.1207,0.59,0.0823848,0.38367064817908453,0.5808051112874264,0.19713446310834187
2,13,0.39,0.927312,0.41,0.88915,0.59,0.100694,0.61,0.0775956,0.4043137152140873,0.5906009074221591,0.18628719220807177
2,14,0.41,0.92924,0.43,0.880883,0.61,0.106069,0.63,0.0742086,0.4220933887544719,0.6138097450126175,0.19171635625814565
2,15,0.43,0.914845,0.45,0.860222,0.63,0.106293,0.65,0.0729387,0.43543543928381817,0.6337734265147222,0.19833798723090407
2,16,0.45,0.914168,0.47,0.850091,0.63,0.128539,0.65,0.0979748,0.4544221795652106,0.6486747894595638,0.19425260989435322
2,17,0.47,0.905516,0.49,0.848268,0.65,0.121842,0.67,0.0869565,0.47192705422023473,0.6625221080391567,0.19059505381892194
2,18,0.47,0.941585,0.49,0.892499,0.67,0.107521,0.69,0.083603,0.48694373141017805,0.6762889873735263,0.18934525596334822
2,19,0.49,0.931293,0.51,0.88057,0.69,0.12103,0.71,0.0779292,0.5023387812235081,0.6997585195634419,0.19741973833993387
2,20,0.51,0.923546,0.53,0.877804,0.71,0.101632,0.73,0.0720294,0.52029513357527,0.7111026058521887,0.19080747227691863
2,21,0.53,0.923383,0.55,0.866512,0.73,0.110258,0.75,0.0665956,0.5382231717395509,0.7346987797280955,0.19647560798854458
2,22,0.55,0.912771,0.57,0.860661,0.75,0.116992,0.77,0.0722193,0.5549015544041451,0.7575903396489378,0.20268878524479272
2,23,0.57,0.925287,0.59,0.845216,0.75,0.137758,0.77,0.0909572,0.5763161444218255,0.7661356216133057,0.18981947719148018
2,24,0.59,0.90132,0.61,0.841279,0.77,0.130679,0.79,0.0884574,0.5904396995386486,0.7845323720560092,0.19409267251736062
2,25,0.61,0.902918,0.63,0.812693,0.79,0.128321,0.81,0.0771291,0.6106468273760044,0.8010646410857968,0.19041781370979238
2,26,0.61,0.924885,0.63,0.875216,0.81,0.119395,0.83,0.0772288,0.6200203346151523,0.8191993112967259,0.19917897668157358
2,27,0.63,0.927647,0.65,0.865079,0.83,0.11869,0.85,0.0641509,0.6388374248817287,0.8368537984675214,0.19801637358579272
2,28,0.65,0.914627,0.67,0.859109,0.85,0.105996,0.87,0.0701571,0.6552692820346554,0.8533460848407736,0.19807680280611817
2,29,0.67,0.918757,0.69,0.874025,0.85,0.129315,0.87,0.0944134,0.6783863900563356,0.8667986567951039,0.18841226673876832
3,1,0.19,0.923571,0.21,0.867903,0.37,0.129107,0.39,0.0894737,0.19846841991808578,0.3846881536485733,0.1862197337304875
3,2,0.21,0.905572,0.23,0.866785,0.39,0.130336,0.41,0.0850488,0.21287312759429705,0.40339716299528344,0.1905240354009864
3,3,0.23,0.903023,0.25,0.837558,0.41,0.115343,0.43,0.0902564,0.23092354693347591,0.4222320282541277,0.19130848132065179
3,4,0.23,0.931729,0.25,0.896019,0.43,0.104952,0.45,0.0774125,0.24777037244469335,0.43359628896675684,0.18582591652206348
3,5,0.25,0.931844,0.27,0.876616,0.45,0.100962,0.47,0.0761905,0.2615318316795828,0.4507766990291262,0.18924486734954338
3,6,0.27,0.924875,0.29,0.864316,0.47,0.111111,0.49,0.079314,0.27821512904770557,0.4769887096266943,0.19877358057898875
3,7,0.29,0.906775,0.31,0.851534,0.49,0.111171,0.51,0.078125,0.2924528882532901,0.4967608787750408,0.20430799052175075
3,8,0.31,0.90936,0.33,0.861613,0.49,0.134986,0.51,0.0909595,0.31392066517268097,0.5058931552587645,0.19197249008608358
3,9,0.31,0.944081,0.33,0.894461,0.51,0.13525,0.53,0.0843767,0.32776743248690043,0.5238579569243591,0.19609052443745867
3,10,0.33,0.925926,0.35,0.879187,0.53,0.111051,0.55,0.085883,0.34109394723892256,0.5387817863954227,0.19768783915650018
3,11,0.35,0.934181,0.37,0.881514,0.55,0.120065,0.57,0.0869336,0.3629800444300985,0.5621123767785243,0.1991323323484258
3,12,0.37,0.918935,0.39,0.867329,0.55,0.145799,0.57,0.0978677,0.37733829399682206,0.5691102682380824,0.19177197424126036
3,13,0.39,0.917351,0.41,0.846336,0.59,0.100331,0.61,0.0714286,0.3948865732591706,0.5902290467227634,0.19534247346359285
3,14,0.41,0.903337,0.43,0.849657,0.59,0.131607,0.61,0.0955593,0.4112432935916542,0.6075362089675624,0.19629291537590826
3,15,0.41,0.958263,0.43,0.895977,0.61,0.113699,0.63,0.0718697,0.42870821693478467,0.6165499542186936,0.18784173728390896
3,16,0.43,0.940496,0.45,0.897313,0.63,0.119235,0.65,0.0765625,0.448755528796054,0.6390151737067198,0.19025964491066577
3,17,0.45,0.929253,0.47,0.894103,0.63,0.153153,0.65,0.0989071,0.4666446657183499,0.6495970571047766,0.18295239138642666
3,18,0.47,0.91447,0.49,0.859988,0.67,0.100967,0.69,0.072302,0.47531184611431293,0.6706746903889761,0.19536284427466316
3,19,0.49,0.907017,0.51,0.857143,0.67,0.144671,0.69,0.0892562,0.4928138910053334,0.6861224077322304,0.19330851672689703
3,20,0.51,0.917411,0.53,0.836047,0.69,0.135702,0.71,0.091954,0.5142797797551742,0.706321660418762,0.19204188066358774
3,21,0.51,0.95178,0.53,0.896877,0.71,0.110676,0.73,0.0818428,0.5288623572482378,0.7174053521634781,0.1885429949152403
3,22,0.53,0.938425,0.55,0.886569,0.73,0.124176,0.75,0.0820312,0.5448198858377045,0.7414728270154325,0.19665294117772802
3,23,0.55,0.935484,0.57,0.878476,0.75,0.113662,0.77,0.0739514,0.5624487791187203,0.7568807824611061,0.19443200334238586
3,24,0.57,0.920135,0.59,0.87363,0.77,0.109659,0.79,0.0805938,0.5786592839479625,0.7766464362880696,0.1979871523401071
3,25,0.59,0.921478,0.61,0.870554,0.77,0.128263,0.79,0.0924276,0.5984353153719267,0.7857737879303706,0.18733847255844382
3,26,0.59,0.949689,0.61,0.894886,0.79,0.139965,0.81,0.0947996,0.6081336788132036,0.807697175271336,0.19956349645813243
3,27,0.63,0.902439,0.65,0.848891,0.81,0.127753,0.83,0.0947712,0.6309109583924702,0.8268292816037937,0.1959183232113234
3,28,0.63,0.939954,0.65,0.897451,0.83,0.121378,0.85,0.0888889,0.6488005552549232,0.8431601060047831,0.1943595507498599
3,29,0.65,0.9371,0.67,0.893318,0.85,0.111774,0.87,0.076528,0.6669476040381892,0.8566810418203484,0.18973343778215923
3,30,0.67,0.939464,0.69,0.893252,0.87,0.104543,0.89,0.0764944,0.6870795464381546,0.8732393773664283,0.1861598309282737
4,1,0.19,0.914857,0.21,0.84711,0.37,0.141855,0.39,0.095624,0.19438602447340841,0.3881068979688953,0.1937208734954869
4,2,0.21,0.905582,0.23,0.833229,0.39,0.120977,0.41,0.0872189,0.21154299061545476,0.4024278321351024,0.19088484151964766
4,3,0.21,0.932648,0.23,0.883598,0.41,0.111289,0.43,0.0754414,0.22331213047910295,0.4162983295952867,0.19298619911618373
4,4,0.23,0.942193,0.25,0.877336,0.43,0.113856,0.45,0.077723,0.24301108592750204,0.4376694434450502,0.19465835751754818
4,5,0.25,0.932099,0.27,0.896352,0.43,0.147357,0.45,0.0935641,0.26795898956555797,0.4476071563347579,0.17964816676919992
4,6,0.27,0.927553,0.29,0.865362,0.47,0.100723,0.49,0.0604134,0.27886076763518836,0.47035872348026275,0.1914979558450744
4,7,0.29,0.916765,0.31,0.87403,0.47,0.153476,0.49,0.0891192,0.2978460278460278,0.4866186012977649,0.1887725734517371
4,8,0.31,0.919429,0.33,0.839199,0.49,0.123236,0.51,0.0947482,0.31484332543936183,0.5063129479987925,0.19146962255943062
4,9,0.31,0.940974,0.33,0.871549,0.53,0.102725,0.55,0.0507668,0.32180381706877925,0.5310489200934597,0.20924510302468047
4,10,0.33,0.92627,0.35,0.88296,0.53,0.117999,0.55,0.0832908,0.3421311475409836,0.5403716124719807,0.19824046493099712
4,11,0.35,0.934945,0.37,0.886083,0.55,0.106702,0.57,0.0746888,0.36430354877000526,0.5541870228530732,0.18988347408306794
4,12,0.37,0.926505,0.39,0.884754,0.55,0.12766,0.57,0.0987452,0.38269670187540417,0.5691320707734447,0.18643536889804058
4,13,0.39,0.919601,0.41,0.855048,0.57,0.133154,0.59,0.0946746,0.39607283937229876,0.5872320774232446,0.1911592380509458
4,14,0.41,0.90053,0.43,0.841127,0.59,0.136865,0.61,0.0899111,0.41017844216622057,0.6057026359897687,0.19552419382354813
4,15,0.41,0.941658,0.43,0.884298,0.61,0.132791,0.63,0.0800645,0.4245251046025104,0.6224381478004419,0.19791304319793152
4,16,0.43,0.939675,0.45,0.876612,0.63,0.113459,0.65,0.0908613,0.4425826554397983,0.641911831735088,0.19932917629528973
4,17,0.45,0.927806,0.47,0.880826,0.65,0.119443,0.67,0.0779841,0.46183737760749255,0.6593794094874683,0.19754203187997577
4,18,0.47,0.910704,0.49,0.869483,0.67,0.111839,0.69,0.0691244,0.4751934693481477,0.6755433036947555,0.20034983434660775
4,19,0.49,0.909309,0.51,0.873283,0.69,0.106704,0.71,0.071123,0.49516793426969413,0.6937683033079451,0.198600369038251
4,20,0.51,0.909915,0.53,0.851669,0.71,0.105063,0.73,0.0633763,0.5134045256326615,0.7124290721021332,0.19902454646947176
4,21,0.53,0.905615,0.55,0.836722,0.71,0.128889,0.73,0.0902703,0.531630064012309,0.7249611457661702,0.19333108175386127
4,22,0.53,0.93401,0.55,0.891468,0.73,0.12479,0.75,0.0943296,0.5459889050820366,0.7462768709537629,0.20028796587172637
4,23,0.55,0.932948,0.57,0.885316,0.75,0.12271,0.77,0.0796366,0.5638343970440041,0.7605447909846913,0.19671039394068723
4,24,0.57,0.915493,0.59,0.874293,0.77,0.108743,0.79,0.0900373,0.5775208737864077,0.7793479527630616,0.20182707897665386
4,25,0.59,0.916136,0.61,0.873945,0.79,0.115343,0.81,0.0783887,0.5976490246735086,0.7983037697913369,0.20065474511782833
4,26,0.61,0.921083,0.63,0.847255,0.81,0.111653,0.83,0.0723831,0.6157113832150404,0.815934825400625,0.20022344218558463
4,27,0.63,0.905294,0.65,0.834337,0.83,0.105769,0.85,0.0597015,0.6314921713150218,0.8325045856623433,0.20101241434732153
4,28,0.63,0.94207,0.65,0.888889,0.83,0.14037,0.85,0.0738007,0.6458214399879656,0.8421287139867777,0.1963072739988121
4,29,0.65,0.932308,0.67,0.890163,0.85,0.119194,0.87,0.0825397,0.6653318305848855,0.8604729867982747,0.19514115621338912
4,30,0.67,0.925469,0.69,0.884174,0.85,0.142222,0.87,0.0984891,0.6823351495338419,0.8693090327876725,0.18697388325383058
5,1,0.19,0.90754,0.21,0.879687,0.39,0.107981,0.41,0.0805085,0.19541413851290704,0.3958101738101738,0.20039603529726677
5,2,0.19,0.950708,0.21,0.898748,0.39,0.13758,0.41,0.0861218,0.209518090839107,0.4046060297484172,0.1950879389093102
5,3,0.21,0.944507,0.23,0.891368,0.41,0.123164,0.43,0.0902132,0.2267511620467077,0.4240597496874127,0.19730858764070502
5,4,0.23,0.9406,0.25,0.882959,0.43,0.12514,0.45,0.0780712,0.2440871948786454,0.44068223536610235,0.19659504048745693
5,5,0.25,0.9193,0.27,0.879321,0.45,0.121195,0.47,0.0823402,0.25965506891117834,0.46090984897618825,0.2012547800650099
5,6,0.27,0.912251,0.29,0.853163,0.47,0.107184,0.49,0.0636172,0.2741466964527485,0.4732979241073478,0.1991512276545993
5,7,0.29,0.911149,0.31,0.834627,0.49,0.111049,0.51,0.0581644,0.2929139332479548,0.4941785321246639,0.2012645988767091
5,8,0.29,0.943085,0.31,0.898507,0.49,0.142111,0.51,0.0886147,0.30933016286060383,0.5057435187106398,0.196413355850036
5,9,0.31,0.939498,0.33,0.888955,0.51,0.142447,0.53,0.0951586,0.32562946402073484,0.5279523942446773,0.2023229302239425
5,10,0.33,0.928937,0.35,0.875729,0.53,0.119266,0.55,0.0711183,0.340876935799128,0.5380028744882933,0.19712593868916534
5,11,0.35,0.917245,0.37,0.854877,0.55,0.103255,0.57,0.0621286,0.355530079527963,0.5515829248366013,0.1960528453086383
5,12,0.37,0.921694,0.39,0.855972,0.57,0.101734,0.59,0.0781848,0.3766017467514683,0.5714726614916854,0.19487091474021712
5,13,0.39,0.912005,0.41,0.848485,0.57,0.127334,0.59,0.0911714,0.3937799118387909,0.5851172758595897,0.19133736402079882
5,14,0.41,0.903112,0.43,0.839976,0.61,0.102744,0.63,0.0621904,0.41098580841358334,0.6113532707330545,0.2003674623194711
5,15,0.41,0.942384,0.43,0.888082,0.61,0.122485,0.63,0.080402,0.4256104747523111,0.6206860252358435,0.19507555048353237
5,16,0.43,0.925819,0.45,0.885501,0.63,0.111111,0.65,0.0817927,0.442807678952329,0.6375795663459342,0.19477188739360518
5,17,0.45,0.917379,0.47,0.873702,0.65,0.122543,0.67,0.0760394,0.45795796414588913,0.6596951633852003,0.20173719923931116
5,18,0.47,0.922722,0.49,0.872537,0.67,0.114155,0.69,0.0790748,0.4790552954069941,0.6780700794180193,0.19901478401102524
5,19,0.49,0.918984,0.51,0.846711,0.69,0.108992,0.71,0.0786214,0.49525341413805984,0.6959215162031701,0.20066810206511027
5,20,0.51,0.911573,0.53,0.857056,0.69,0.141714,0.71,0.0941313,0.5142456481464497,0.7075332631397545,0.19328761499330482
5,21,0.51,0.94329,0.53,0.893904,0.71,0.142375,0.73,0.0993266,0.5275312841696027,0.7296871428438687,0.202155858674266
5,22,0.53,0.938087,0.55,0.889213,0.73,0.118127,0.75,0.0919604,0.5455857920366658,0.7438550671466678,0.19826927511000203
5,23,0.55,0.936709,0.57,0.874184,0.75,0.120873,0.77,0.0777288,0.5617421831267493,0.7596759239944187,0.19793374086766946
5,24,0.57,0.927107,0.59,0.880542,0.77,0.136389,0.79,0.0840517,0.5816426500590572,0.7839055702147417,0.20226292015568448
5,25,0.59,0.918919,0.61,0.871841,0.79,0.109266,0.81,0.0688946,0.5980372998003314,0.7945903783371397,0.19655307853680837
5,26,0.61,0.924645,0.63,0.881262,0.79,0.150432,0.81,0.0924276,0.6213615932508125,0.8073890256601224,0.18602743240930986
5,27,0.63,0.905063,0.65,0.840828,0.81,0.120949,0.83,0.0844595,0.6315763991593368,0.8214822072102934,0.18990580805095658
5,28,0.65,0.907107,0.67,0.835482,0.83,0.118554,0.85,0.0784109,0.651984502617801,0.8392439298409938,0.18725942722319278
5,29,0.65,0.942675,0.67,0.899044,0.85,0.116587,0.87,0.0752401,0.6695617794687263,0.8580233342765721,0.18846155480784577
5,30,0.67,0.93263,0.69,0.889372,0.85,0.136493,0.87,0.0942218,0.685086226825096,0.8672661291848823,0.18217990235978632
6,1,0.19,0.91297,0.21,0.865038,0.37,0.131195,0.39,0.0948181,0.19541183343069346,0.3871509941748747,0.19173916074418124
6,2,0.21,0.906531,0.23,0.837414,0.39,0.154817,0.41,0.0864806,0.21188983896870522,0.40604328000889717,0.19415344104019194
6,3,0.23,0.909144,0.25,0.837607,0.41,0.129325,0.43,0.0919668,0.23255643932510447,0.42569936453041096,0.1931429252053065
6,4,0.25,0.900801,0.27,0.817568,0.43,0.129691,0.45,0.0890337,0.2501924717359701,0.44460549520012393,0.19441302346415384
6,5,0.25,0.932378,0.27,0.880507,0.45,0.13082,0.47,0.0792079,0.26248404696265737,0.46194293586193935,0.19945888889928198
6,6,0.27,0.922353,0.29,0.872107,0.47,0.100704,0.49,0.0842275,0.27889742467062056,0.47085455042029556,0.191957125749675
6,7,0.29,0.907085,0.31,0.863405,0.49,0.107726,0.51,0.0669782,0.2932440476190476,0.49379210656771655,0.20054805894866895
6,8,0.31,0.901092,0.33,0.816391,0.49,0.123841,0.51,0.0949473,0.3102578481954168,0.5065025593814568,0.19624471118604003
6,9,0.31,0.935132,0.33,0.881846,0.51,0.125071,0.53,0.0835084,0.32318620275494503,0.5220642115748293,0.19887800881988427
6,10,0.33,0.928782,0.35,0.896043,0.53,0.127841,0.55,0.0685146,0.34758269953266746,0.5393857034979369,0.19180300396526945
6,11,0.35,0.924552,0.37,0.896996,0.53,0.155938,0.55,0.0958757,0.36781971258528084,0.5486266593187408,0.18080694673345993
6,12,0.37,0.932432,0.39,0.878589,0.55,0.152987,0.57,0.0963455,0.38204687703136897,0.5687096033826788,0.18666272635130987
6,13,0.39,0.911612,0.41,0.874845,0.57,0.140411,0.59,0.0967045,0.39631653384828786,0.5884919863178245,0.19217545246953666
6,14,0.41,0.920718,0.43,0.852651,0.59,0.141509,0.61,0.093161,0.41608753140288246,0.607170927442707,0.1910833960398245
6,15,0.43,0.907524,0.45,0.851235,0.61,0.130108,0.63,0.07634,0.432673346479774,0.6211992263056093,0.1885258798258353
6,16,0.43,0.951547,0.45,0.897248,0.63,0.134787,0.65,0.0893142,0.4489863533398405,0.6453001354655971,0.19631378212575656
6,17,0.47,0.900689,0.49,0.835106,0.65,0.12406,0.67,0.0680571,0.4702101154262537,0.658592412178655,0.18838229675240137
6,18,0.47,0.928728,0.49,0.885866,0.67,0.115861,0.69,0.0790622,0.48340488078017824,0.6786203897953195,0.19521550901514123
6,19,0.49,0.919683,0.51,0.864162,0.67,0.145636,0.69,0.0988531,0.4970902901604798,0.6895096926441072,0.19241940248362743
6,20,0.51,0.902382,0.53,0.840164,0.69,0.132278,0.71,0.0917531,0.5107656948150053,0.7059299591115585,0.1951642642965532
6,21,0.51,0.929785,0.53,0.897936,0.71,0.137665,0.73,0.0814503,0.5287038839524003,0.7234004095014293,0.19469652554902894
6,22,0.53,0.92853,0.55,0.884,0.73,0.113249,0.75,0.078836,0.5428138333707613,0.7376999970941214,0.1948861637233601
6,23,0.55,0.908026,0.57,0.881969,0.75,0.114448,0.77,0.0756635,0.5561603407913421,0.7574503989996003,0.20129005820825818
6,24,0.57,0.910663,0.59,0.848365,0.75,0.154905,0.77,0.0962716,0.5734232238595139,0.7687282333959825,0.19530500953646857
6,25,0.59,0.924432,0.61,0.86831,0.79,0.107335,0.81,0.0845874,0.5987067460176044,0.796449031985792,0.19774228596818755
6,26,0.59,0.94321,0.61,0.89698,0.79,0.121895,0.81,0.0950276,0.6086934890763573,0.8062985625702525,0.1976050734938951
6,27,0.61,0.941787,0.63,0.893692,0.81,0.117143,0.83,0.081741,0.6273768583012788,0.8196847635726796,0.19230790527140085
6,28,0.63,0.934016,0.65,0.884346,0.83,0.111231,0.85,0.0783195,0.6436967988725588,0.8368249699952903,0.1931281711227315
6,29,0.65,0.927669,0.67,0.888301,0.85,0.113834,0.87,0.0690808,0.6640565941881731,0.8561823512061707,0.1921257570179976
6,30,0.67,0.921994,0.69,0.867499,0.87,0.100642,0.89,0.0842667,0.6780719332048812,0.8707841077720714,0.19271217456719014
7,1,0.17,0.933619,0.19,0.896394,0.37,0.127499,0.39,0.0926601,0.18806259234385495,0.3857863767225716,0.19772378437871665
7,2,0.21,0.901717,0.23,0.831648,0.39,0.116119,0.41,0.0807036,0.21049008834149194,0.39910281967731553,0.1886127313358236
7,3,0.21,0.922507,0.23,0.871158,0.41,0.101312,0.43,0.0709712,0.21876628561413072,0.41086484206085533,0.1920985564467246
7,4,0.23,0.918426,0.25,0.874317,0.41,0.146448,0.43,0.0954907,0.23835475753247637,0.42823016525600843,0.18987540772353206
7,5,0.25,0.918612,0.27,0.85,0.43,0.130806,0.45,0.0930233,0.25542529003672826,0.4463069341259359,0.19088164408920766
7,6,0.27,0.910638,0.29,0.841007,0.45,0.125,0.47,0.0908622,0.2730555356091396,0.4646465208654336,0.19159098525629403
7,7,0.27,0.932764,0.29,0.886598,0.47,0.110993,0.49,0.0769231,0.28419399558116365,0.4764532035609144,0.19225920797975077
7,8,0.29,0.91866,0.31,0.882221,0.47,0.146823,0.49,0.0976268,0.30024177392354345,0.4890352100365475,0.18879343611300403
7,9,0.31,0.930765,0.33,0.877964,0.49,0.123377,0.51,0.0857788,0.3216531883865836,0.5024351697687656,0.180781981382182
7,10,0.33,0.914127,0.35,0.868681,0.51,0.128205,0.53,0.0858189,0.3362170488051754,0.5233086082465714,0.18709155944139605
7,11,0.35,0.906603,0.37,0.843927,0.53,0.126046,0.55,0.0854298,0.3521070266130576,0.542825424338072,0.19071839772501442
7,12,0.35,0.931752,0.37,0.899461,0.55,0.129373,0.57,0.0737448,0.36966616084977233,0.5605604711279532,0.19089431027818082
7,13,0.37,0.932022,0.39,0.868575,0.57,0.105986,0.59,0.0668508,0.38009409428341767,0.5730591385760133,0.19296504429259564
7,14,0.39,0.927262,0.41,0.864982,0.59,0.105408,0.61,0.0738147,0.39875465639049457,0.5934235106810621,0.19466885429056757
7,15,0.41,0.936854,0.43,0.857232,0.59,0.137276,0.61,0.0960674,0.419257240461179,0.6080913692772868,0.18883412881610778
7,16,0.43,0.908618,0.45,0.8671,0.61,0.138028,0.63,0.0949024,0.43415145238209935,0.6276359285436028,0.1934844761615035
7,17,0.45,0.918934,0.47,0.853086,0.63,0.126642,0.65,0.0757825,0.4557508200704653,0.6404767054335965,0.18472588536313117
7,18,0.45,0.942714,0.47,0.88207,0.65,0.117196,0.67,0.0815013,0.4640868016621595,0.6596350438580518,0.19554824219589234
7,19,0.49,0.903676,0.51,0.814652,0.67,0.107973,0.69,0.0872591,0.49082584471603163,0.6776982123115396,0.18687236759550796
7,20,0.49,0.93033,0.51,0.87485,0.69,0.120087,0.71,0.0670665,0.5009336697909156,0.6975770692468007,0.19664339945588516
7,21,0.51,0.929876,0.53,0.887298,0.71,0.120206,0.73,0.0834743,0.5240335384470853,0.7210019411026443,0.19696840265555893
7,22,0.53,0.93385,0.55,0.862461,0.73,0.101174,0.75,0.0752212,0.5394832537225623,0.7309047193366419,0.19142146561407958
7,23,0.55,0.925234,0.57,0.865385,0.73,0.154913,0.75,0.076087,0.5584325552640813,0.7439327125567706,0.18550015729268932
7,24,0.57,0.919653,0.59,0.848177,0.75,0.138445,0.77,0.0936795,0.5754991885388102,0.7671761736158426,0.19167698507703235
7,25,0.59,0.917143,0.61,0.85835,0.77,0.122979,0.79,0.0884244,0.5958316466245981,0.7833001105496809,0.18746846392508276
7,26,0.61,0.910792,0.63,0.832313,0.79,0.118207,0.81,0.0824453,0.6127502898864664,0.8001824018433128,0.1874321119568464
7,27,0.61,0.932951,0.63,0.885831,0.81,0.118502,0.83,0.0774373,0.6239859932088285,0.8190111458259771,0.1950251526171486
7,28,0.63,0.930259,0.65,0.887802,0.81,0.140556,0.83,0.0938708,0.6442539510563629,0.8273742428007164,0.1831202917443535
7,29,0.65,0.912471,0.67,0.852727,0.83,0.139407,0.85,0.0938529,0.6541748125334762,0.8473011869403632,0.19312637440688696
7,30,0.65,0.940669,0.67,0.9,0.85,0.124312,0.87,0.0956002,0.67,0.8669351973752951,0.19693519737529508
8,1,0.19,0.916416,0.21,0.833962,0.37,0.116876,0.39,0.080315,0.19398185655031897,0.37923169497552034,0.18524983842520137
8,2,0.19,0.946347,0.21,0.895477,0.39,0.107918,0.41,0.0627027,0.2082217416945154,0.3935023542915783,0.1852806125970629
8,3,0.21,0.935632,0.23,0.888683,0.41,0.102995,0.43,0.0773778,0.22517902404737053,0.4123382727230142,0.18715924867564368
8,4,0.23,0.925688,0.25,0.883489,0.41,0.142129,0.43,0.0918478,0.24217469608284556,0.42675735662633346,0.1845826605434879
8,5,0.25,0.919643,0.27,0.878427,0.43,0.124022,0.45,0.0857605,0.2595317352484472,0.44255674764449904,0.18302501239605184
8,6,0.27,0.910499,0.29,0.849848,0.45,0.127326,0.47,0.086699,0.2734621028507362,0.4634521377409112,0.18999003489017502
8,7,0.29,0.910934,0.31,0.844391,0.47,0.11427,0.49,0.0814208,0.29328629607922696,0.4786881872313481,0.18540189115212113
8,8,0.29,0.938682,0.31,0.889223,0.49,0.116358,0.51,0.0587577,0.3056420469479771,0.49567983152865525,0.19003778458067816
8,9,0.31,0.931015,0.33,0.890515,0.49,0.131375,0.51,0.0917481,0.325316049382716,0.5058352028546265,0.18051915347191044
8,10,0.33,0.931483,0.35,0.889964,0.51,0.132302,0.53,0.0983871,0.3451655868397601,0.5290488546332143,0.18388326779345415
8,11,0.35,0.926732,0.37,0.844797,0.53,0.123804,0.55,0.0863465,0.35652517239275033,0.5427098711873457,0.18618469879459537
8,12,0.37,0.905882,0.39,0.836497,0.55,0.116399,0.57,0.0837385,0.3716954673200259,0.560042099784143,0.1883466324641171
8,13,0.39,0.907683,0.41,0.839435,0.57,0.100981,0.59,0.0839779,0.3922514945492908,0.5711539072286818,0.17890241267939094
8,14,0.39,0.942679,0.41,0.890315,0.59,0.111771,0.61,0.0684932,0.40630089374379347,0.595439740467399,0.18913884672360554
8,15,0.41,0.933333,0.43,0.884801,0.61,0.111294,0.63,0.0779791,0.42373650375010297,0.6167801494226307,0.19304364567252774
8,16,0.43,0.905983,0.45,0.876364,0.61,0.145637,0.63,0.0895522,0.4340399743407947,0.6262742846546657,0.192234310313871
8,17,0.45,0.924182,0.47,0.879394,0.63,0.143516,0.65,0.0925014,0.4607984281503974,0.6470602141347771,0.1862617859843797
8,18,0.47,0.906825,0.49,0.856325,0.65,0.136642,0.67,0.0957447,0.4727029702970297,0.6679190313296967,0.19521606103266698
8,19,0.47,0.941374,0.49,0.899398,0.67,0.120509,0.69,0.0840108,0.48971316943015053,0.6812383624397916,0.1915251930096411
8,20,0.51,0.904906,0.53,0.830477,0.69,0.110364,0.71,0.0865071,0.5113183033495009,0.698688471679053,0.1873701683295521
8,21,0.51,0.929775,0.53,0.884615,0.71,0.115661,0.73,0.0787234,0.5231864481842339,0.7184797063155158,0.19529325813128195
8,22,0.53,0.917832,0.55,0.861094,0.73,0.100112,0.75,0.0722433,0.5362857344284254,0.7300803769102971,0.19379464248187173
8,23,0.53,0.943904,0.55,0.898204,0.73,0.145264,0.75,0.0991781,0.5492140043763676,0.7496433182383332,0.2004293138619656
8,24,0.57,0.909144,0.59,0.841572,0.75,0.134529,0.77,0.0944444,0.5727064464571123,0.7672280626475005,0.1945216161903882
8,25,0.59,0.918803,0.61,0.80545,0.77,0.112217,0.79,0.0770071,0.5933176007692782,0.7769395255311716,0.18362192476189343
8,26,0.59,0.925143,0.61,0.877876,0.79,0.101812,0.81,0.0802435,0.6006387119977997,0.7916802281104388,0.1910415161126391
8,27,0.61,0.923389,0.63,0.875534,0.81,0.113808,0.83,0.0759494,0.6197749451467977,0.8172945116829466,0.197519566536149
8,28,0.63,0.910795,0.65,0.851548,0.83,0.108065,0.85,0.0666325,0.6336440663662295,0.8338930791045677,0.20024901273833817
8,29,0.65,0.915691,0.67,0.841371,0.83,0.141732,0.85,0.0864198,0.6542225511302476,0.8450896185651628,0.19086706743491522
8,30,0.67,0.917995,0.69,0.848024,0.85,0.125269,0.87,0.0923231,0.6751435594746396,0.8653396932546994,0.19019613378005984
9,1,0.19,0.913812,0.21,0.871024,0.37,0.128976,0.39,0.0955841,0.19645601570533794,0.38735510707686593,0.190899091371528
9,2,0.21,0.903857,0.23,0.855177,0.41,0.100374,0.43,0.0610728,0.2115846343467543,0.41019032497735436,0.19860569063060005
9,3,0.23,0.910309,0.25,0.849246,0.41,0.137084,0.43,0.0797254,0.233376512781881,0.42293058059297123,0.18955406781109022
9,4,0.25,0.905693,0.27,0.827374,0.43,0.122167,0.45,0.0778008,0.25145379792898276,0.43999274222268303,0.18853894429370027
9,5,0.25,0.933941,0.27,0.855977,0.45,0.113374,0.47,0.0754818,0.25870683905392233,0.4570589725589963,0.19835213350507397
9,6,0.27,0.919346,0.29,0.873345,0.45,0.149597,0.47,0.0999466,0.27841112149735875,0.4699784895992782,0.19156736810191943
9,7,0.29,0.921342,0.31,0.872171,0.47,0.124153,0.49,0.0947765,0.29868072644444893,0.48644375606352014,0.1877630296190712
9,8,0.31,0.907046,0.33,0.860023,0.49,0.121884,0.51,0.0976151,0.31299683133785594,0.5080346039581521,0.1950377726202962
9,9,0.33,0.902273,0.35,0.848754,0.51,0.110983,0.53,0.0783562,0.3308494179637138,0.5167325021148259,0.1858830841511121
9,10,0.35,0.908815,0.37,0.842388,0.53,0.10163,0.55,0.0693016,0.35265404127839584,0.5310084012818451,0.17835436000344929
9,11,0.35,0.93757,0.37,0.88249,0.55,0.10324,0.57,0.0763998,0.36364197530864195,0.5524142890142398,0.18877231370559788
9,12,0.37,0.933845,0.39,0.869616,0.57,0.102949,0.59,0.0727865,0.3805388531660153,0.5719554082055532,0.19141655503953792
9,13,0.39,0.931585,0.41,0.865098,0.59,0.106562,0.61,0.0857573,0.39950110547926665,0.5963081899763034,0.19680708449703677
9,14,0.41,0.917985,0.43,0.878555,0.61,0.108847,0.63,0.0592478,0.41912249556175496,0.6135673962483266,0.1944449006865716
9,15,0.43,0.912744,0.45,0.854357,0.61,0.130584,0.63,0.0993555,0.43436535530169385,0.6295872360183806,0.19522188071668678
9,16,0.43,0.930093,0.45,0.884977,0.63,0.139001,0.65,0.0926554,0.44334027839347456,0.6468305081820065,0.20349022978853193
9,17,0.45,0.94803,0.47,0.895322,0.67,0.101777,0.69,0.0562048,0.46822493739090837,0.6707798614067348,0.20255492401582648
9,18,0.47,0.920663,0.49,0.89023,0.67,0.108213,0.69,0.0753247,0.4835793382183813,0.6749944813201048,0.19141514310172347
9,19,0.49,0.931333,0.51,0.882206,0.67,0.164206,0.69,0.0953168,0.5027559183341136,0.6886403674305988,0.18588444909648516
9,20,0.51,0.920273,0.53,0.856111,0.69,0.139091,0.71,0.0902212,0.5163193167295284,0.705998019226598,0.18967870249706964
9,21,0.53,0.914869,0.55,0.85902,0.71,0.130411,0.73,0.0927948,0.53532471485613,0.7261690973569898,0.19084438250085978
9,22,0.55,0.921794,0.57,0.858343,0.73,0.122507,0.75,0.0813347,0.5568695528833273,0.7409330787932663,0.18406352590993902
9,23,0.55,0.940103,0.57,0.899703,0.75,0.12033,0.77,0.0801964,0.5698529702970297,0.76013116191919,0.1902781916221602
9,24,0.57,0.93192,0.59,0.89259,0.77,0.103679,0.79,0.0667752,0.586231884057971,0.7719938326134436,0.18576194855547257
9,25,0.59,0.926049,0.61,0.879553,0.79,0.113322,0.81,0.0742247,0.601204834824501,0.7968147928373571,0.19560995801285608
9,26,0.61,0.92,0.63,0.881052,0.81,0.111111,0.83,0.0713913,0.6202701037280476,0.8155947048945486,0.19532460116650097
9,27,0.63,0.911748,0.65,0.858709,0.83,0.101528,0.85,0.0658031,0.6344299477742793,0.8308554257674619,0.19642547799318255
9,28,0.65,0.907735,0.67,0.840194,0.85,0.10363,0.87,0.0688946,0.6522904606091116,0.8520900867702689,0.19979962616115732
9,29,0.65,0.94596,0.67,0.898641,0.85,0.128451,0.87,0.1,0.6694256007100742,0.87,0.20057439928992582
10,1,0.19,0.90355,0.21,0.831695,0.37,0.11989,0.39,0.0891515,0.19098810103681024,0.3829414252484669,0.19195332421165667
10,2,0.19,0.934558,0.21,0.890775,0.39,0.115405,0.41,0.0913337,0.20578603567594728,0.40279947489333773,0.19701343921739045
10,3,0.21,0.918391,0.23,0.882457,0.41,0.117212,0.43,0.0875,0.22023598820058995,0.4215858912224017,0.20134990302181174
10,4,0.23,0.912924,0.25,0.851983,0.41,0.134637,0.43,0.0931976,0.23424147946374363,0.4267169408823487,0.19247546141860505
10,5,0.23,0.944538,0.25,0.896532,0.43,0.1297,0.45,0.0938494,0.2485551806024247,0.4465687603554752,0.1980135797530505
10,6,0.25,0.938798,0.27,0.882685,0.45,0.125204,0.47,0.0767965,0.26382852458432093,0.46041326240768476,0.19658473782336383
10,7,0.27,0.927007,0.29,0.893769,0.47,0.128997,0.49,0.0894737,0.2862506769360371,0.48467336988561177,0.19842269294957465
10,8,0.29,0.928815,0.31,0.884684,0.49,0.102205,0.51,0.0811392,0.30305884752214995,0.49209344055293414,0.18903459303078418
10,9,0.31,0.913889,0.33,0.892007,0.51,0.114414,0.53,0.0908131,0.3226944520610547,0.5222147884190858,0.19952033635803107
10,10,0.33,0.918826,0.35,0.869792,0.53,0.102636,0.55,0.0774393,0.33767875351796717,0.5320923374886394,0.1944135839706722
10,11,0.35,0.918392,0.37,0.867335,0.53,0.14767,0.55,0.0897436,0.35720449693479833,0.5464588167053365,0.18925431977053814
10,12,0.37,0.908501,0.39,0.847342,0.55,0.132086,0.57,0.0935738,0.372779966971337,0.5666627717969891,0.19388280482565212
10,13,0.37,0.939311,0.39,0.894921,0.57,0.110112,0.59,0.0760638,0.3877116467672899,0.5759398147332311,0.18822816796594116
10,14,0.39,0.924786,0.41,0.891701,0.59,0.123339,0.61,0.0820291,0.404983225026447,0.6012994705869537,0.19631624556050664
10,15,0.41,0.935284,0.43,0.861602,0.61,0.131121,0.63,0.0816,0.41957737303547676,0.6225688091920599,0.20299143615658316
10,16,0.43,0.934149,0.45,0.85925,0.63,0.118093,0.65,0.0844773,0.4391186798221605,0.6407646129635854,0.20164593314142493
10,17,0.45,0.911849,0.47,0.860325,0.65,0.108878,0.67,0.0741758,0.4545994099836969,0.6551166784814796,0.20051726849778267
10,18,0.47,0.918061,0.49,0.858002,0.65,0.149354,0.67,0.0962922,0.47601441915449805,0.6686024597733209,0.19258804061882284
10,19,0.47,0.938811,0.49,0.899584,0.67,0.125339,0.69,0.0935252,0.4897879011905065,0.6859295651572589,0.19614166396675237
10,20,0.49,0.944319,0.51,0.888064,0.69,0.134496,0.71,0.0918033,0.505756466091903,0.7061601397897064,0.20040367369780343
10,21,0.51,0.934242,0.53,0.894096,0.71,0.113791,0.73,0.07235,0.5270587356150053,0.7166557274197051,0.1895969918046998
10,22,0.53,0.929164,0.55,0.886113,0.73,0.10913,0.75,0.0653907,0.5435485819144735,0.7341747353066921,0.19062615339221856
10,23,0.55,0.933488,0.57,0.877111,0.73,0.136413,0.75,0.0964052,0.5618800219947852,0.7482029504246672,0.18632292842988207
10,24,0.57,0.913614,0.59,0.862336,0.77,0.102084,0.79,0.0590387,0.575309879480479,0.7709682822514886,0.19565840277100965
10,25,0.59,0.915127,0.61,0.86485,0.77,0.12067,0.79,0.0891429,0.5960174632535752,0.7831125285865177,0.1870950653329425
10,26,0.59,0.943031,0.61,0.898913,0.79,0.127543,0.81,0.0812568,0.6095072306088217,0.8019011714074605,0.1923939407986388
10,27,0.61,0.929223,0.63,0.894646,0.81,0.115877,0.83,0.0833333,0.6269031437082454,0.8197573416667435,0.19285419795849812
10,28,0.65,0.906764,0.67,0.837085,0.83,0.116521,0.85,0.0733509,0.6519414744758105,0.8376539086080411,0.1857124341322306
10,29,0.65,0.924592,0.67,0.872414,0.85,0.106476,0.87,0.0724713,0.6594261949480624,0.8538088852423341,0.1943826902942717
10,30,0.67,0.919573,0.69,0.861193,0.85,0.166386,0.87,0.0952122,0.6767053785542995,0.8686546172889462,0.19194923873464675
11,1,0.19,0.91153,0.21,0.856557,0.39,0.103183,0.41,0.066077,0.19419478653157002,0.39171562550530914,0.19752083897373912
11,2,0.21,0.900178,0.23,0.824606,0.39,0.128961,0.41,0.0930608,0.210047107394273,0.4061341719544738,0.1960870645602008
11,3,0.21,0.921933,0.23,0.881594,0.41,0.116192,0.43,0.0840153,0.2208743399687647,0.4200644255004397,0.199190085531675
11,4,0.23,0.925466,0.25,0.869385,0.43,0.114075,0.45,0.0719656,0.23908186373281504,0.43668496820187414,0.1976031044690591
11,5,0.25,0.923478,0.27,0.862801,0.45,0.10541,0.47,0.0799347,0.2577386818728678,0.45424725125906273,0.19650856938619493
11,6,0.27,0.925969,0.29,0.862254,0.45,0.14809,0.47,0.0981461,0.2781516126500824,0.4692576070350934,0.19110599438501097
11,7,0.29,0.902671,0.31,0.848448,0.47,0.135074,0.49,0.0983161,0.2909851907861977,0.48908378879098097,0.19809859800478324
11,8,0.29,0.942618,0.31,0.888824,0.51,0.106557,0.53,0.0692389,0.30584488976465773,0.5135141124548142,0.20766922269015642
11,9,0.31,0.931412,0.33,0.880952,0.51,0.120824,0.53,0.084199,0.3224502576298058,0.5213714675767918,0.19892120994698598
11,10,0.33,0.91749,0.35,0.868765,0.53,0.118227,0.55,0.0749465,0.33717906618778865,0.5384227307910029,0.20124366460321425
11,11,0.35,0.925926,0.37,0.866432,0.55,0.10113,0.57,0.0833333,0.3587155007227619,0.5512698983519417,0.1925543976291798
11,12,0.37,0.917095,0.39,0.880838,0.55,0.131635,0.57,0.0873995,0.3794299031911079,0.564302991940862,0.18487308874975406
11,13,0.39,0.912763,0.41,0.851024,0.57,0.115959,0.59,0.0854054,0.3941345016926092,0.5804465594888981,0.1863120577962889
11,14,0.41,0.902795,0.43,0.849586,0.59,0.113931,0.61,0.0885668,0.41105057415098945,0.6009847738150621,0.18993419966407266
11,15,0.43,0.908816,0.45,0.827044,0.61,0.120719,0.63,0.0735533,0.4321562392995157,0.6187856217547921,0.18662938245527644
11,16,0.43,0.937608,0.45,0.874924,0.63,0.108645,0.65,0.0782704,0.44199923425435517,0.635692256029709,0.19369302177535386
11,17,0.45,0.91511,0.47,0.873248,0.65,0.1086,0.67,0.0763657,0.4572189575271129,0.6553359309803533,0.19811697345324036
11,18,0.47,0.914053,0.49,0.863887,0.67,0.123497,0.69,0.0833776,0.47560259937009125,0.6817135350977332,0.206110935727642
11,19,0.49,0.900817,0.51,0.86399,0.67,0.149804,0.69,0.092552,0.49044369620115674,0.6873981694962622,0.19695447329510546
11,20,0.49,0.945006,0.51,0.897347,0.69,0.150869,0.71,0.0943796,0.5088866740804465,0.7080101045505882,0.1991234304701417
11,21,0.51,0.938809,0.53,0.899455,0.73,0.106441,0.75,0.0595041,0.5297230268841795,0.7327445357490588,0.20302150886487935
11,22,0.53,0.938764,0.55,0.894111,0.73,0.114241,0.75,0.0909091,0.5473623272792422,0.7422073213068803,0.1948449940276381
11,23,0.55,0.931345,0.57,0.894826,0.75,0.119718,0.77,0.0892388,0.5671664065281087,0.762938659807344,0.1957722532792353
11,24,0.57,0.931172,0.59,0.893333,0.77,0.105148,0.79,0.0940997,0.586476122519094,0.7793190807635564,0.1928429582444624
11,25,0.59,0.932033,0.61,0.878995,0.79,0.101648,0.81,0.0745637,0.602079263923979,0.7912169411799456,0.18913767725596653
11,26,0.61,0.930078,0.63,0.872072,0.79,0.136411,0.81,0.0846923,0.6203706513119333,0.8040804003194203,0.18370974900748704
11,27,0.63,0.908152,0.65,0.838529,0.81,0.10854,0.83,0.0818278,0.6323417548798529,0.8163940821048061,0.18405232722495324
11,28,0.63,0.948848,0.65,0.897494,0.83,0.105293,0.85,0.0832444,0.6490240292869105,0.8348012118683272,0.18577718258141673
11,29,0.65,0.936667,0.67,0.889535,0.85,0.11824,0.87,0.0819415,0.6655592803191038,0.8600500020662011,0.19449072174709725
11,30,0.67,0.935294,0.69,0.87028,0.87,0.109896,0.89,0.0799794,0.6808573538007199,0.8766157250489695,0.19575837124824957
12,1,0.19,0.906002,0.21,0.840393,0.37,0.119261,0.39,0.0883621,0.19182962703287657,0.3824671104796611,0.19063748344678452
12,2,0.19,0.942741,0.21,0.893495,0.39,0.115222,0.41,0.0888645,0.2073581610689193,0.4015504125960353,0.194192251527116
12,3,0.21,0.933333,0.23,0.884437,0.41,0.102041,0.43,0.0768448,0.22363424410994764,0.4116200855684587,0.18798584145851105
12,4,0.23,0.919783,0.25,0.882251,0.43,0.112514,0.45,0.0826902,0.2405419375466269,0.43839195541815595,0.19785001787152906
12,5,0.25,0.928856,0.27,0.861865,0.45,0.105642,0.47,0.0783505,0.25861488856712095,0.4541346206694392,0.19551973210231827
12,6,0.27,0.913708,0.29,0.861646,0.47,0.11503,0.49,0.0731838,0.27526602896546426,0.47718344795943235,0.2019174189939681
12,7,0.29,0.916994,0.31,0.852088,0.49,0.103828,0.51,0.0838135,0.2952364958555449,0.4938252267106348,0.19858873085508988
12,8,0.29,0.947482,0.31,0.898525,0.49,0.130979,0.51,0.0955519,0.3093974303981044,0.5074888715136152,0.1980914411155108
12,9,0.31,0.949367,0.33,0.892878,0.51,0.129805,0.53,0.096828,0.32747844713129987,0.5280762349516329,0.20059778782033305
12,10,0.33,0.930911,0.35,0.895531,0.53,0.122827,0.55,0.0877778,0.3474737139626908,0.5430256896020451,0.19555197563935434
12,11,0.35,0.931151,0.37,0.878921,0.55,0.121854,0.57,0.0785193,0.3619283936434999,0.5600861434370147,0.1981577497935148
12,12,0.37,0.914783,0.39,0.866625,0.57,0.100972,0.59,0.0678708,0.37613937455874413,0.5705872898867714,0.1944479153280273
12,13,0.39,0.918051,0.41,0.846014,0.57,0.136013,0.59,0.0898618,0.39501159126559965,0.5856065281076115,0.19059493684201184
12,14,0.41,0.911552,0.43,0.845774,0.59,0.137035,0.61,0.0902174,0.41351242056614673,0.6058209733091828,0.1923085527430361
12,15,0.41,0.931499,0.43,0.885613,0.61,0.131929,0.63,0.0838964,0.4237292420346075,0.623294720668879,0.19956547863427154
12,16,0.43,0.933333,0.45,0.870076,0.63,0.122383,0.65,0.0807692,0.4405389126895047,0.6407574891021728,0.2002185764126681
12,17,0.45,0.920838,0.47,0.871479,0.65,0.113685,0.67,0.0684039,0.45844344496444417,0.6560444644675152,0.19760101950307102
12,18,0.47,0.921523,0.49,0.88183,0.67,0.135907,0.69,0.0776596,0.48084473332829464,0.6823291340042646,0.20148440067597
12,19,0.49,0.908324,0.51,0.87837,0.69,0.111784,0.71,0.0747517,0.49555785537824665,0.6963641739778517,0.20080631859960502
12,20,0.51,0.90479,0.53,0.853907,0.71,0.117333,0.73,0.0809935,0.5118827506239805,0.7195394818310653,0.20765673120708483
12,21,0.53,0.910286,0.55,0.851367,0.71,0.14735,0.73,0.0926663,0.5334915731767342,0.7273177747665209,0.1938262015897867
12,22,0.53,0.927887,0.55,0.896944,0.73,0.129664,0.75,0.0889878,0.548024755195036,0.7445854332508937,0.19656067805585764
12,23,0.55,0.933077,0.57,0.880117,0.75,0.141204,0.77,0.0871877,0.5624913141993958,0.7652561356479433,0.20276482144854746
12,24,0.57,0.944748,0.59,0.898266,0.77,0.10878,0.79,0.0751121,0.5892539047373176,0.7752156505157732,0.1859617457784556
12,25,0.59,0.929854,0.61,0.873016,0.79,0.102354,0.81,0.0721021,0.6005049438755762,0.7915562658874319,0.1910513220118557
12,26,0.61,0.923847,0.63,0.862586,0.79,0.140803,0.81,0.0969499,0.6177853773199915,0.8086089466879195,0.190823569367928
12,27,0.63,0.924242,0.65,0.857056,0.81,0.142857,0.83,0.0964963,0.6372163843657905,0.8284885042719373,0.1912721199061468
12,28,0.65,0.903207,0.67,0.847447,0.83,0.136462,0.85,0.0869565,0.6511502869440459,0.8447304844916221,0.19358019754757627
12,29,0.67,0.907003,0.69,0.865562,0.85,0.121346,0.87,0.08506,0.6733797446972805,0.8617654191699278,0.1883856744726473
13,1,0.19,0.915614,0.21,0.862027,0.37,0.128707,0.39,0.0879232,0.19582753279713364,0.3840776484780722,0.18825011568093855
13,2,0.21,0.913119,0.23,0.86549,0.39,0.131856,0.41,0.0875753,0.21550882865481114,0.404388209761815,0.18887938110700386
13,3,0.23,0.904306,0.25,0.838078,0.41,0.131019,0.43,0.0825379,0.23130035634474846,0.4227963268160169,0.19149597047126846
13,4,0.23,0.942529,0.25,0.886982,0.41,0.15976,0.43,0.0993959,0.24531279817091833,0.4297998479228548,0.18448704975193647
13,5,0.25,0.932735,0.27,0.875152,0.45,0.111238,0.47,0.0760266,0.2613696750777139,0.4563831599993184,0.19501348492160447
13,6,0.27,0.921521,0.29,0.867225,0.45,0.141758,0.47,0.0801964,0.2779272874613231,0.46356624909034205,0.18563896162901894
13,7,0.27,0.937885,0.29,0.89508,0.49,0.100164,0.51,0.0643821,0.2877012031304754,0.4900916664570635,0.20239046332658805
13,8,0.29,0.936063,0.31,0.893516,0.49,0.127119,0.51,0.0894982,0.30695207652713463,0.5044170246246757,0.19746494809754112
13,9,0.31,0.932533,0.33,0.882147,0.51,0.120045,0.53,0.0847458,0.3229135077203985,0.5213571978968362,0.1984436901764377
13,10,0.33,0.930164,0.35,0.886942,0.53,0.111808,0.55,0.0798722,0.3439577067234279,0.5373948358895033,0.19343712916607542
13,11,0.35,0.928875,0.37,0.884428,0.53,0.139135,0.55,0.0912698,0.3629930029023331,0.5463521723506849,0.1833591694483518
13,12,0.37,0.926143,0.39,0.87307,0.55,0.13232,0.57,0.0888407,0.37985171367738774,0.5648668446824121,0.18501513100502437
13,13,0.39,0.915105,0.41,0.867925,0.57,0.125345,0.59,0.0788748,0.39640313692242474,0.5809080658142207,0.18450492889179598
13,14,0.41,0.902793,0.43,0.848397,0.59,0.12169,0.61,0.0721706,0.4110269137436576,0.5987602030719273,0.18773328932826977
13,15,0.43,0.90162,0.45,0.821208,0.61,0.111965,0.63,0.0664557,0.4304029249365766,0.6152582658929054,0.18485534095632883
13,16,0.43,0.925949,0.45,0.886883,0.61,0.144766,0.63,0.0981798,0.44328469769108686,0.6292185668717345,0.18593386918064764
13,17,0.45,0.920914,0.47,0.869191,0.63,0.128004,0.65,0.0894587,0.4580869245790074,0.6445304356173126,0.1864435110383052
13,18,0.47,0.903076,0.49,0.869565,0.65,0.132641,0.67,0.086159,0.4718358151054877,0.6640445763951638,0.19220876128967607
13,19,0.47,0.94577,0.49,0.890284,0.67,0.112181,0.69,0.0731027,0.4864978553148542,0.6762341504108419,0.18973629509598772
13,20,0.51,0.905714,0.53,0.82386,0.69,0.123069,0.71,0.0780731,0.5113961443545826,0.700253823126107,0.18885767877152437
13,21,0.51,0.918485,0.53,0.894493,0.71,0.117446,0.73,0.0698835,0.5254093031010336,0.7173360315374507,0.19192672843641712
13,22,0.53,0.924756,0.55,0.86533,0.73,0.101961,0.75,0.068617,0.5383317066603843,0.7311762236084453,0.19284451694806093
13,23,0.55,0.922658,0.57,0.87704,0.73,0.157565,0.75,0.0929348,0.5599337980621685,0.7478136536789303,0.1878798556167618
13,24,0.57,0.915649,0.59,0.839101,0.75,0.13841,0.77,0.0891994,0.5740886763860584,0.7656104579094748,0.19152178152341637
13,25,0.57,0.939866,0.59,0.89889,0.77,0.126921,0.79,0.0966562,0.589458219445529,0.7877903042478391,0.19833208480231013
13,26,0.61,0.90344,0.63,0.846671,0.79,0.125824,0.81,0.0951315,0.611211929045782,0.8068275637370693,0.1956156346912873
13,27,0.63,0.900922,0.65,0.82888,0.81,0.112353,0.83,0.0827068,0.630255961800061,0.8183336144261323,0.18807765262607123
13,28,0.63,0.938408,0.65,0.879977,0.81,0.136337,0.83,0.0980726,0.643146446235731,0.8289925884111603,0.18584614217542927
13,29,0.65,0.91875,0.67,0.872487,0.83,0.130701,0.85,0.0917079,0.6581058297127294,0.8457468885520771,0.18764105883934779
13,30,0.67,0.904255,0.69,0.847141,0.85,0.131941,0.87,0.0830654,0.6714900024512379,0.8630703254793802,0.19158032302814232
14,1,0.19,0.929094,0.21,0.880122,0.37,0.140138,0.39,0.0998363,0.20188189169321244,0.3899187627320932,0.18803687103888075
14,2,0.21,0.934481,0.23,0.874923,0.39,0.133985,0.41,0.0959058,0.2215789650424796,0.407849639698313,0.1862706746558334
14,3,0.23,0.921022,0.25,0.854493,0.41,0.150142,0.43,0.088141,0.23631965007740985,0.42617457782938983,0.18985492775197998
14,4,0.25,0.909298,0.27,0.853644,0.43,0.12605,0.45,0.0865333,0.2533413591116542,0.4431842992962469,0.18984294018459275
14,5,0.25,0.945474,0.27,0.89508,0.45,0.107991,0.47,0.0816104,0.2680473865936421,0.4560582397671016,0.1880108531734595
14,6,0.27,0.945068,0.29,0.886905,0.47,0.109994,0.49,0.0718563,0.2854971373553634,0.47524100824118914,0.18974387088582573
14,7,0.29,0.928657,0.31,0.884909,0.49,0.11129,0.51,0.0767579,0.3031009417573374,0.4965388435687375,0.19343790181140008
14,8,0.31,0.927928,0.33,0.883094,0.49,0.125806,0.51,0.0942601,0.3224584021055449,0.5063609217045638,0.18390251959901893
14,9,0.33,0.910714,0.35,0.841502,0.51,0.12095,0.53,0.0794165,0.33309599491417674,0.5200882420215007,0.18699224710732398
14,10,0.35,0.9014,0.37,0.843869,0.53,0.124595,0.55,0.0954178,0.3504866941301211,0.5468590543300934,0.19637236019997228
14,11,0.35,0.93815,0.37,0.880184,0.55,0.119149,0.57,0.0834208,0.363162888589863,0.5607192637748334,0.19755637518497038
14,12,0.37,0.926234,0.39,0.882212,0.57,0.113747,0.59,0.0888208,0.3819185861614647,0.5810301610353764,0.19911157487391173
14,13,0.39,0.917964,0.41,0.84252,0.57,0.164439,0.59,0.0994624,0.394762207730237,0.5898345250444006,0.19507231731416358
14,14,0.41,0.90893,0.43,0.851215,0.59,0.149143,0.61,0.0886214,0.41309451615697823,0.6062398218156823,0.19314530565870403
14,15,0.43,0.904192,0.45,0.839856,0.61,0.132231,0.63,0.0949571,0.4313031584183039,0.6272941387941696,0.1959909803758657
14,16,0.43,0.934109,0.45,0.879403,0.63,0.143508,0.65,0.0958179,0.44246993017219316,0.648246134942053,0.2057762047698598
14,17,0.45,0.930373,0.47,0.898792,0.65,0.112479,0.67,0.0815982,0.4692349830594345,0.658082044506619,0.1888470614471845
14,18,0.47,0.936916,0.49,0.888367,0.67,0.109121,0.69,0.0749311,0.48520772827452674,0.675335493815425,0.19012776554089827
14,19,0.49,0.91752,0.51,0.888218,0.69,0.103157,0.71,0.0797511,0.5019582281072964,0.6926976104315578,0.19073938232426135
14,20,0.51,0.924986,0.53,0.875821,0.69,0.141705,0.71,0.0943833,0.5201641411573273,0.7076261630499326,0.1874620218926053
14,21,0.53,0.918222,0.55,0.847813,0.71,0.134387,0.73,0.0932476,0.535176042835433,0.7267173074959771,0.1915412646605441
14,22,0.55,0.905168,0.57,0.846971,0.75,0.101348,0.77,0.0723751,0.5517760365654587,0.750930524731732,0.19915448816627335
14,23,0.57,0.9073,0.59,0.845783,0.75,0.123667,0.77,0.084456,0.5723733276980346,0.7620716125577006,0.189698284859666
14,24,0.59,0.900107,0.61,0.825581,0.77,0.118465,0.79,0.076962,0.5900287148109384,0.7788981519408236,0.18886943712988513
14,25,0.59,0.931208,0.61,0.89177,0.79,0.107421,0.81,0.0818806,0.6058263603631016,0.7958111854160468,0.18998482505294523
14,26,0.61,0.928769,0.63,0.876246,0.81,0.112528,0.83,0.0785752,0.6209548197932334,0.8173796564642681,0.19642483667103472
14,27,0.63,0.928769,0.65,0.873388,0.83,0.108195,0.85,0.0606996,0.6403894837579676,0.8334508605043857,0.1930613767464181
14,28,0.65,0.900697,0.67,0.867316,0.85,0.100972,0.87,0.0584158,0.650417602827956,0.8504568077036954,0.20003920487573934
14,29,0.67,0.904896,0.69,0.845833,0.85,0.123069,0.87,0.0893235,0.671657890726851,0.8636723414973848,0.1920144507705338
15,1,0.19,0.905932,0.21,0.845762,0.37,0.123145,0.39,0.0828305,0.19197174671763337,0.38148222103709584,0.18951047431946247
15,2,0.21,0.903226,0.23,0.814931,0.37,0.177829,0.39,0.0952656,0.21073073220454158,0.3888531480050482,0.17812241580050664
15,3,0.21,0.926149,0.23,0.889618,0.39,0.147871,0.41,0.0955724,0.2243160603323205,0.40830679979961226,0.18399073946729178
15,4,0.23,0.918644,0.25,0.871217,0.41,0.140893,0.43,0.094062,0.2378621882050309,0.42746407294313593,0.18960188473810502
15,5,0.25,0.935288,0.27,0.869994,0.43,0.120187,0.45,0.0776956,0.2608089564125341,0.43950168740027395,0.17869273098773986
15,6,0.27,0.917143,0.29,0.865291,0.45,0.12059,0.47,0.0758693,0.2766122811077683,0.4592082637346911,0.18259598262692278
15,7,0.29,0.915371,0.31,0.84596,0.47,0.118009,0.49,0.0866299,0.29442898099724824,0.4814783406789869,0.1870493596817387
15,8,0.29,0.948848,0.31,0.899375,0.49,0.113475,0.51,0.0793478,0.30974733693125545,0.49789692679153286,0.1881495898602774
15,9,0.31,0.935673,0.33,0.874346,0.51,0.117769,0.53,0.0795155,0.32163370130611313,0.5192901303148731,0.19765642900876002
15,10,0.33,0.922757,0.35,0.867417,0.53,0.105175,0.55,0.0645661,0.3382244307914709,0.5325487023780502,0.19432427158657928
15,11,0.35,0.915802,0.37,0.859056,0.53,0.126753,0.55,0.0968456,0.3555693793395129,0.5478905555146887,0.1923211761751758
15,12,0.35,0.934685,0.37,0.895322,0.55,0.118625,0.57,0.0913191,0.3676231486421258,0.563641740429724,0.19601859178759823
15,13,0.37,0.940556,0.39,0.891643,0.57,0.122358,0.59,0.0901511,0.3865829125181444,0.5838839813828713,0.19730106886472693
15,14,0.39,0.919623,0.41,0.87847,0.59,0.11781,0.61,0.0835496,0.3995366072947294,0.6003968430024168,0.2008602357076874
15,15,0.41,0.920204,0.43,0.872135,0.61,0.100831,0.63,0.0806112,0.41840624934989284,0.6108219665872066,0.1924157172373137
15,16,0.43,0.936759,0.45,0.889723,0.63,0.113218,0.65,0.0739583,0.44563015562547836,0.6367336225187661,0.19110346689328772
15,17,0.45,0.916096,0.47,0.871437,0.63,0.137529,0.65,0.0898936,0.45720840144203856,0.6457567691254823,0.18854836768344374
15,18,0.47,0.913146,0.49,0.840071,0.65,0.144444,0.67,0.0857143,0.47359794731440297,0.6651351020012022,0.19153715468679922
15,19,0.49,0.900846,0.51,0.846468,0.67,0.115363,0.69,0.0830737,0.49031115524660707,0.6795158458065056,0.18920469055989853
15,20,0.49,0.924036,0.51,0.88863,0.69,0.122911,0.71,0.0772973,0.5035773597695306,0.700045666104701,0.19646830633517043
15,21,0.53,0.901639,0.55,0.834053,0.71,0.105856,0.73,0.0759023,0.5304850116888113,0.7139100344865575,0.1834250227977462
15,22,0.53,0.912129,0.55,0.868047,0.71,0.152429,0.73,0.0980282,0.5355029263645025,0.7292750841899384,0.1937721578254359
15,23,0.55,0.921229,0.57,0.871152,0.75,0.103301,0.77,0.0655738,0.5584785430437127,0.7517499310842045,0.19327138804049182
15,24,0.57,0.912281,0.59,0.8582,0.75,0.130364,0.77,0.0954158,0.5745417059595791,0.7673765744730773,0.19283486851349818
15,25,0.59,0.915927,0.61,0.831441,0.77,0.128996,0.79,0.0915179,0.5937703288118741,0.7854735698981539,0.19170324108627979
15,26,0.61,0.901926,0.63,0.834963,0.79,0.115553,0.81,0.0834242,0.6105752430446665,0.7996816563332587,0.18910641328859223
15,27,0.61,0.935425,0.63,0.884571,0.81,0.117068,0.83,0.0685293,0.6239320407440909,0.8170327388248965,0.19310069808080554
15,28,0.63,0.928013,0.65,0.887553,0.83,0.112025,0.85,0.0740947,0.6438472565496787,0.8363405773220881,0.19249332077240944
15,29,0.65,0.90439,0.67,0.853689,0.83,0.138889,0.85,0.0963527,0.6517317212678251,0.8482850882657871,0.196553366997962
15,30,0.67,0.901434,0.69,0.845543,0.85,0.112912,0.87,0.0982567,0.670513141650713,0.8676209289472068,0.1971077872964938
16,1,0.19,0.905543,0.21,0.846902,0.37,0.113723,0.39,0.0936819,0.19189048617861224,0.38369485706872375,0.19180437089011151
16,2,0.21,0.9036,0.23,0.838073,0.39,0.124172,0.41,0.0843632,0.21109878370747934,0.40214404855207897,0.19104526484459963
16,3,0.21,0.938892,0.23,0.898126,0.41,0.122902,0.43,0.0835962,0.22908060638767597,0.4216532420151733,0.19257263562749732
16,4,0.23,0.935986,0.25,0.879248,0.43,0.128767,0.45,0.0789755,0.2426849730339455,0.4415549842844662,0.1988700112505207
16,5,0.25,0.928402,0.27,0.880024,0.43,0.157952,0.45,0.0967078,0.2617417007730787,0.4489248941124221,0.1871831933393434
16,6,0.27,0.918671,0.29,0.863995,0.47,0.102247,0.49,0.0703625,0.27682968761430976,0.4714094622779093,0.19457977466359955
16,7,0.29,0.910704,0.31,0.853199,0.47,0.135135,0.49,0.0919913,0.29372280671245976,0.4862874301462322,0.19256462343377245
16,8,0.31,0.919431,0.33,0.862155,0.49,0.121669,0.51,0.0976794,0.3167850408548083,0.5080653283089338,0.1912802874541255
16,9,0.33,0.907544,0.35,0.828659,0.51,0.131184,0.53,0.0951057,0.331912657666223,0.5272868455553615,0.19537418788913852
16,10,0.33,0.928452,0.35,0.88631,0.53,0.116318,0.55,0.0850359,0.3435029187034313,0.5404328034243225,0.19692988472089124
16,11,0.35,0.92027,0.37,0.876794,0.55,0.131504,0.57,0.0759845,0.3593246848836139,0.5613488053746882,0.20202412049107432
16,12,0.37,0.909404,0.39,0.869159,0.57,0.113699,0.59,0.070557,0.3746733755746055,0.5763506559732974,0.20167728039869187
16,13,0.39,0.918739,0.41,0.857733,0.59,0.10944,0.61,0.0707676,0.39614333016424613,0.594882034732781,0.19873870456853487
16,14,0.41,0.914579,0.43,0.870074,0.59,0.123723,0.61,0.0987172,0.41655162341309965,0.6089739980324564,0.1924223746193568
16,15,0.43,0.915698,0.45,0.844975,0.61,0.130511,0.63,0.0962052,0.43443929131965553,0.6277876627275855,0.19334837140792993
16,16,0.43,0.943864,0.45,0.895895,0.63,0.11771,0.65,0.0797218,0.4482884779753591,0.6393239479627885,0.19103546998742937
16,17,0.45,0.944601,0.47,0.894573,0.65,0.112598,0.67,0.0777174,0.4678304149676181,0.6572234995957639,0.18939308462814575
16,18,0.47,0.925128,0.49,0.877246,0.65,0.165299,0.67,0.0979943,0.48049580218036,0.6694039940747081,0.1889081918943481
16,19,0.49,0.914062,0.51,0.862733,0.69,0.105682,0.71,0.0764543,0.4954791638255177,0.6938880924602345,0.19840892863471682
16,20,0.51,0.911243,0.53,0.861345,0.71,0.100364,0.73,0.0701187,0.5145063930418053,0.7102406985548168,0.1957343055130114
16,21,0.53,0.913043,0.55,0.86052,0.71,0.125267,0.73,0.0976541,0.5349665860670564,0.728300866623933,0.19333428055687663
16,22,0.53,0.940654,0.55,0.894152,0.73,0.127811,0.75,0.0883298,0.5474848393617479,0.7440882242687659,0.196603384907018
16,23,0.55,0.931885,0.57,0.891552,0.75,0.116942,0.77,0.0773026,0.565810874470037,0.7585480607678219,0.1927371862977849
16,24,0.57,0.929977,0.59,0.878402,0.77,0.101806,0.79,0.0704752,0.5816246243334948,0.7711528591673369,0.18952823483384207
16,25,0.59,0.915595,0.61,0.863905,0.77,0.136153,0.79,0.0986804,0.5960340491390984,0.7892956987238676,0.1932616495847692
16,26,0.61,0.900718,0.63,0.840598,0.79,0.121506,0.81,0.0806806,0.6102388556220891,0.8005355979365787,0.19029674231448956
16,27,0.61,0.94649,0.63,0.8892,0.81,0.110808,0.83,0.0831545,0.6262297085006109,0.8178167320592331,0.19158702355862223
16,28,0.63,0.927346,0.65,0.888626,0.83,0.123273,0.85,0.0885942,0.6441250000000001,0.8434220330576605,0.19929703305766044
16,29,0.65,0.932224,0.67,0.887736,0.85,0.118097,0.87,0.0858209,0.6644866031289337,0.8612138703251012,0.1967272671961675
16,30,0.67,0.930778,0.69,0.86382,0.87,0.112807,0.89,0.0704822,0.6791932256041101,0.8760517710656637,0.19685854546155357
17,1,0.19,0.909556,0.21,0.858857,0.37,0.12679,0.39,0.0853789,0.19376969959959764,0.38293855995131737,0.18916886035171973
17,2,0.21,0.90218,0.23,0.839641,0.39,0.109323,0.41,0.0754516,0.2106971649690593,0.39550493927029884,0.18480777430123954
17,3,0.23,0.904134,0.25,0.829518,0.41,0.103675,0.43,0.0742521,0.23110807333547764,0.41249805423666597,0.18138998090118832
17,4,0.23,0.922313,0.25,0.873804,0.43,0.106069,0.45,0.0680236,0.23919952998412666,0.43319039883928145,0.1939908688551548
17,5,0.25,0.921053,0.27,0.878418,0.43,0.1463,0.45,0.0940032,0.2598759235370001,0.44770662832142694,0.18783070478442682
17,6,0.27,0.917307,0.29,0.860438,0.47,0.102694,0.49,0.0679663,0.27608662012695845,0.47155149923548056,0.19546487910852212
17,7,0.29,0.903621,0.31,0.836066,0.47,0.131963,0.49,0.0840243,0.29107201539486344,0.4833349465045986,0.19226293110973514
17,8,0.29,0.942889,0.31,0.896692,0.49,0.119522,0.51,0.072043,0.30856787237266486,0.4982234250931991,0.18965555272053425
17,9,0.33,0.900059,0.35,0.827054,0.49,0.163982,0.51,0.0958751,0.3300161632764879,0.5087886983550859,0.17877253507859797
17,10,0.33,0.937682,0.35,0.892039,0.51,0.147009,0.53,0.0912548,0.3465116228118222,0.5268629448543787,0.1803513220425565
17,11,0.35,0.926249,0.37,0.860864,0.53,0.142775,0.55,0.0849257,0.3580290586525961,0.5447884244061726,0.1867593657535765
17,12,0.37,0.9156,0.39,0.877105,0.55,0.139373,0.57,0.0821697,0.3781049486946356,0.5637659890251088,0.18566104033047315
17,13,0.39,0.908268,0.41,0.84689,0.57,0.117971,0.59,0.0766773,0.39269412493075695,0.5787039911657226,0.18600986623496563
17,14,0.39,0.940401,0.41,0.898585,0.59,0.102464,0.61,0.0685841,0.4093232255595944,0.5914545497477856,0.18213132418819117
17,15,0.41,0.932091,0.43,0.86416,0.61,0.102439,0.63,0.0694006,0.41944811647112507,0.6114764637512712,0.19202834728014612
17,16,0.43,0.922458,0.45,0.866499,0.61,0.147682,0.63,0.0879425,0.43802659089690665,0.6259633073594523,0.18793671646254562
17,17,0.45,0.91546,0.47,0.864979,0.63,0.139028,0.65,0.0969863,0.4561250767615539,0.6485663281931987,0.1924412514316448
17,18,0.47,0.90539,0.49,0.8302,0.65,0.111175,0.67,0.0812325,0.4714337012900651,0.6574643065876263,0.1860306052975612
17,19,0.47,0.934311,0.49,0.884863,0.67,0.101872,0.69,0.0782974,0.4838776088011648,0.6715881499580056,0.18771054115684083
17,20,0.49,0.931973,0.51,0.879511,0.67,0.14747,0.69,0.0989691,0.5021890129998856,0.6895748944864941,0.1873858814866085
17,21,0.51,0.915025,0.53,0.863102,0.69,0.148128,0.71,0.0879121,0.515787415981357,0.7059851467801693,0.1901977307988123
17,22,0.53,0.911414,0.55,0.869068,0.71,0.131787,0.73,0.0888657,0.5353908279412459,0.7248117601284211,0.18942093218717515
17,23,0.53,0.944508,0.55,0.898186,0.73,0.116047,0.75,0.073197,0.5492167868399465,0.7374898483080513,0.18827306146810485
17,24,0.55,0.931247,0.57,0.895662,0.75,0.121591,0.77,0.0741715,0.5675618940564845,0.7591063802865909,0.19154448623010645
17,25,0.59,0.904934,0.61,0.824045,0.77,0.107375,0.79,0.0748634,0.5912199433791986,0.7745368422347716,0.183316898855573
17,26,0.59,0.941469,0.61,0.882564,0.77,0.149044,0.79,0.0994709,0.6040799592564298,0.7897865374568063,0.1857065782003765
17,27,0.61,0.922773,0.63,0.869617,0.79,0.156447,0.81,0.0930105,0.6185683648130031,0.8077963790562216,0.18922801424321845
17,28,0.63,0.918841,0.65,0.860285,0.83,0.102086,0.85,0.0559876,0.6364352073229046,0.830905020564705,0.19446981324180046
17,29,0.65,0.919318,0.67,0.841572,0.83,0.140231,0.85,0.0817308,0.6549695161165848,0.8437541410114837,0.1887846248948989
17,30,0.65,0.945,0.67,0.888361,0.85,0.117486,0.87,0.0760756,0.6658901110542206,0.8584452214902536,0.19255511043603302
17,31,0.67,0.933255,0.69,0.876053,0.87,0.107605,0.89,0.0662252,0.6816272158316143,0.8736757065041397,0.19204849067252538
18,1,0.19,0.925391,0.21,0.863378,0.39,0.10177,0.41,0.0670893,0.19818892812797315,0.39102074064248993,0.19283181251451678
18,2,0.21,0.90266,0.23,0.8523,0.39,0.147786,0.41,0.0883002,0.21105639396346307,0.40606635533186075,0.19500996136839768
18,3,0.23,0.913329,0.25,0.835689,0.41,0.138274,0.43,0.0961857,0.23343353941267386,0.42818747727990913,0.19475393786723527
18,4,0.23,0.94457,0.25,0.886951,0.43,0.117057,0.45,0.0862999,0.24547059129800936,0.4410914227934363,0.19562083149542697
18,5,0.25,0.948357,0.27,0.872314,0.45,0.103391,0.47,0.0816549,0.26271833041831594,0.45312015494959995,0.19040182453128401
18,6,0.27,0.939884,0.29,0.884293,0.47,0.108791,0.49,0.071157,0.2843490852835891,0.47467183929425516,0.19032275401066606
18,7,0.29,0.923409,0.31,0.862923,0.49,0.116876,0.51,0.0677313,0.2977403035413153,0.4968678819893091,0.19912757844799378
18,8,0.31,0.919069,0.33,0.863507,0.49,0.135229,0.51,0.0956989,0.3168640437709226,0.507823886101983,0.19095984233106045
18,9,0.33,0.91555,0.35,0.843087,0.51,0.142695,0.53,0.0918422,0.3342918454935622,0.5267916024289715,0.19249975693540927
18,10,0.35,0.901112,0.37,0.826699,0.53,0.110676,0.55,0.0892256,0.3502988725088358,0.5399541267295715,0.18965525422073576
18,11,0.35,0.936563,0.37,0.888822,0.55,0.104059,0.57,0.0773875,0.3653172325673949,0.5530436983296778,0.1877264657622829
18,12,0.37,0.925364,0.39,0.87844,0.57,0.106043,0.59,0.0729499,0.3808106725769329,0.5736521208348567,0.19284144825792382
18,13,0.39,0.925863,0.41,0.880421,0.59,0.101473,0.61,0.0775275,0.4013828616698209,0.591230293792153,0.18984743212233207
18,14,0.41,0.92071,0.43,0.876968,0.61,0.103575,0.63,0.0701382,0.4194691600749851,0.6121383625227295,0.19266920244774438
18,15,0.41,0.95276,0.43,0.896552,0.63,0.107351,0.65,0.0673026,0.4287731283803017,0.6336710580197961,0.20489792963949438
18,16,0.43,0.95317,0.45,0.893134,0.63,0.120456,0.65,0.0852925,0.44771270570990734,0.6416347917584996,0.19392208604859223
18,17,0.45,0.931793,0.47,0.890691,0.65,0.119101,0.67,0.0880773,0.46547029341637874,0.662313811698798,0.19684351828241925
18,18,0.47,0.921994,0.49,0.883835,0.65,0.170635,0.67,0.0963252,0.48152755575355743,0.6690109514492032,0.18748339569564576
18,19,0.49,0.911864,0.51,0.856787,0.69,0.105935,0.71,0.0741549,0.49430815040761117,0.6937350417399567,0.19942689133234554
18,20,0.51,0.920757,0.53,0.85,0.71,0.108427,0.73,0.0748075,0.515867122687508,0.715013162004194,0.19914603931668595
18,21,0.53,0.918713,0.55,0.857233,0.73,0.100265,0.75,0.0636224,0.5360875081327261,0.7301446403912386,0.1940571322585125
18,22,0.55,0.912442,0.57,0.834673,0.73,0.135484,0.75,0.0837809,0.553199732541244,0.7437260628472954,0.19052633030605137
18,23,0.57,0.900295,0.59,0.840465,0.75,0.101043,0.77,0.0820975,0.5700986127360855,0.7511010530205062,0.1810024402844207
18,24,0.57,0.93,0.59,0.885535,0.77,0.115837,0.79,0.0961645,0.5834937591363993,0.7861006481128479,0.20260688897644852
18,25,0.59,0.912458,0.61,0.869048,0.79,0.115515,0.81,0.0829741,0.5957396913153651,0.7995356920060601,0.20379600069069503
18,26,0.61,0.925356,0.63,0.863941,0.79,0.174171,0.81,0.0983871,0.6182572661401937,0.809574342307535,0.19131707616734128
18,27,0.63,0.910523,0.65,0.858065,0.83,0.110738,0.85,0.0649282,0.6340119714819474,0.8346880798431776,0.20067610836123018
18,28,0.65,0.91681,0.67,0.834275,0.83,0.139548,0.85,0.0802961,0.654073423396135,0.843349107792324,0.18927568439618903
18,29,0.67,0.910955,0.69,0.838433,0.85,0.113701,0.87,0.0923944,0.6730211522020905,0.8628608036946298,0.18983965149253934
18,30,0.67,0.936517,0.69,0.899289,0.87,0.11287,0.89,0.0940083,0.6896180294402063,0.8836467020470054,0.194028672606799
19,1,0.19,0.903044,0.21,0.841615,0.37,0.107514,0.39,0.0870262,0.19099106285304984,0.37733509698454687,0.18634403413149703
19,2,0.19,0.935537,0.21,0.888688,0.39,0.104411,0.41,0.089422,0.20517086810817733,0.39588564947628263,0.1907147813681053
19,3,0.21,0.942037,0.23,0.889477,0.41,0.118812,0.43,0.0974576,0.22599581430745813,0.42761885138425804,0.2016230370767999
19,4,0.23,0.925544,0.25,0.894498,0.43,0.121805,0.45,0.0839378,0.24645558203955423,0.44151656314699794,0.19506098110744371
19,5,0.25,0.920672,0.27,0.880708,0.43,0.161382,0.45,0.0946844,0.26034531077970174,0.448406059588351,0.18806074880864926
19,6,0.27,0.903169,0.29,0.867463,0.45,0.14152,0.47,0.0952637,0.2717750518120204,0.4679521492207548,0.1961770974087344
19,7,0.29,0.903559,0.31,0.852217,0.47,0.120738,0.49,0.0811547,0.29138638931089555,0.4804781561921315,0.18909176688123597
19,8,0.29,0.936812,0.31,0.898507,0.49,0.120292,0.51,0.0702997,0.30922046730191877,0.49811805017972766,0.1888975828778089
19,9,0.31,0.935841,0.33,0.897436,0.51,0.112644,0.53,0.0726351,0.3286647571930738,0.516320593667909,0.18765583647483514
19,10,0.33,0.919265,0.35,0.873182,0.53,0.104236,0.55,0.0803994,0.3383610008028991,0.5335541981658458,0.1951931973629467
19,11,0.35,0.93922,0.37,0.883155,0.55,0.100324,0.57,0.0672,0.3639909034156782,0.5501956285472769,0.1862047251315987
19,12,0.37,0.925839,0.39,0.878108,0.55,0.136414,0.57,0.0855881,0.3808269258972156,0.5643289149823221,0.18350198908510645
19,13,0.39,0.926761,0.41,0.855233,0.57,0.123484,0.59,0.0834242,0.3974826641315289,0.5817244719144878,0.18424180778295896
19,14,0.41,0.910924,0.43,0.846532,0.59,0.115982,0.61,0.0868167,0.41339296807056775,0.6009595992497934,0.18756663117922562
19,15,0.41,0.944506,0.43,0.892665,0.61,0.108211,0.63,0.0778667,0.42717019347620605,0.615411889547625,0.188241696071419
19,16,0.43,0.932339,0.45,0.883586,0.63,0.105634,0.65,0.0698808,0.44326646565339567,0.6331516060100915,0.1898851403566958
19,17,0.45,0.936766,0.47,0.872684,0.65,0.101309,0.67,0.0724157,0.4614746730751225,0.6509060924158888,0.1894314193407663
19,18,0.47,0.914303,0.49,0.86284,0.65,0.143876,0.67,0.0810811,0.4755585566329207,0.6639743832699789,0.18841582663705825
19,19,0.49,0.901484,0.51,0.853443,0.67,0.121008,0.69,0.0880744,0.49061780562436247,0.6827577914348872,0.19213998581052477
19,20,0.49,0.931092,0.51,0.895021,0.69,0.118834,0.71,0.085641,0.5072393335366361,0.701348175820203,0.19410884228356695
19,21,0.51,0.920024,0.53,0.877312,0.71,0.11036,0.73,0.0758734,0.5193762876943248,0.7160081306942406,0.19663184299991587
19,22,0.53,0.927083,0.55,0.876744,0.73,0.103933,0.75,0.0815217,0.5407602455352709,0.733509836555666,0.19274959102039513
19,23,0.55,0.922414,0.57,0.861416,0.75,0.112174,0.77,0.0901423,0.5573490934128988,0.7610513487384087,0.2037022553255099
19,24,0.57,0.904459,0.59,0.868531,0.77,0.11165,0.79,0.0735135,0.572482186595413,0.7761096325042938,0.20362744590888082
19,25,0.59,0.908774,0.61,0.839369,0.79,0.101901,0.81,0.0682415,0.5925283481017217,0.7911295473788975,0.1986011992771758
19,26,0.59,0.946081,0.61,0.889796,0.79,0.121753,0.81,0.0944414,0.6063741671848627,0.8059294951595659,0.1995553279747032
19,27,0.61,0.93798,0.63,0.884571,0.81,0.126722,0.83,0.0809952,0.6242223220805482,0.8216876754988323,0.19746535341828408
19,28,0.63,0.915437,0.65,0.879259,0.83,0.119009,0.85,0.081138,0.6385339156393388,0.8400388159805655,0.2015049003412267
19,29,0.65,0.919317,0.67,0.875077,0.85,0.108587,0.87,0.0766839,0.6587328209764919,0.8553831759296119,0.19665035495312
19,30,0.67,0.905238,0.69,0.863688,0.87,0.100951,0.89,0.0749872,0.6725212996389892,0.8707325584082454,0.19821125876925616
20,1,0.19,0.903686,0.21,0.854907,0.37,0.133073,0.39,0.0908078,0.19151130609483588,0.3856502276104218,0.1941389215155859
20,2,0.19,0.935335,0.21,0.889796,0.39,0.117381,0.41,0.0899784,0.2055185665034366,0.4026856575653405,0.19716709106190392
20,3,0.21,0.939609,0.23,0.884593,0.41,0.117786,0.43,0.0792651,0.2243990839028646,0.4192344675228252,0.19483538361996064
20,4,0.23,0.934211,0.25,0.874924,0.41,0.171206,0.43,0.0992984,0.24154080995833827,0.42980486068232004,0.18826405072398178
20,5,0.25,0.918143,0.27,0.860947,0.45,0.109051,0.47,0.077795,0.25634414994055527,0.4557915280266189,0.1994473780860636
20,6,0.27,0.90407,0.29,0.859927,0.45,0.125628,0.47,0.091314,0.27184400697732375,0.464937343358396,0.19309333638107223
20,7,0.29,0.904843,0.31,0.855556,0.47,0.122584,0.49,0.0979843,0.29196522409560327,0.48836119952682344,0.19639597543122017
20,8,0.29,0.939327,0.31,0.894461,0.49,0.107474,0.51,0.0787815,0.30753086970088706,0.4952097237954169,0.18767885409452983
20,9,0.31,0.924654,0.33,0.885294,0.51,0.116341,0.53,0.0606516,0.32252743902439024,0.5158686213175219,0.19334118229313163
20,10,0.33,0.927952,0.35,0.870426,0.53,0.101111,0.55,0.0668037,0.33971804053819143,0.5306476755675906,0.1909296350293992
20,11,0.35,0.915649,0.37,0.879788,0.53,0.124,0.55,0.0978022,0.35872758707230695,0.5483221491880997,0.1895945621157928
20,12,0.37,0.91245,0.39,0.834104,0.55,0.117552,0.57,0.0810355,0.3731782094810201,0.5596131885585969,0.18643497907757678
20,13,0.39,0.909562,0.41,0.841499,0.57,0.119165,0.59,0.0927673,0.39280974979063515,0.5845202044117479,0.19171045462111275
20,14,0.39,0.941577,0.41,0.895882,0.57,0.167055,0.59,0.0945105,0.4081976146186672,0.5884865840966579,0.18028896947799067
20,15,0.41,0.933626,0.43,0.891204,0.61,0.112195,0.63,0.070937,0.4258530950921691,0.6159115807843327,0.1900584856921636
20,16,0.43,0.929608,0.45,0.887926,0.61,0.137088,0.63,0.0951363,0.4442066119667962,0.627681285859691,0.18347467389289474
20,17,0.45,0.929601,0.47,0.877419,0.63,0.127181,0.65,0.0888889,0.4613452914798206,0.6441966619746632,0.18285137049484257
20,18,0.47,0.918666,0.49,0.878731,0.65,0.122186,0.67,0.0904711,0.4793481908100663,0.6639909001762578,0.18464270936619154
20,19,0.49,0.914989,0.51,0.853993,0.67,0.126709,0.69,0.0904169,0.4949147485080989,0.6847189057673709,0.18980415725927202
20,20,0.51,0.904317,0.53,0.840361,0.69,0.123626,0.71,0.0864398,0.5113499906185502,0.7027068643744184,0.19135687375586818
20,21,0.53,0.901695,0.55,0.809151,0.71,0.117808,0.73,0.0971086,0.5303663122406639,0.7272062958346618,0.1968399835939979
20,22,0.53,0.921957,0.55,0.877937,0.73,0.113197,0.75,0.0801282,0.5399759200363471,0.7379815415134507,0.19800562147710365
20,23,0.55,0.910785,0.57,0.842136,0.75,0.115676,0.77,0.0867321,0.5531420705327099,0.7608319887782918,0.20768991824558192
20,24,0.57,0.907711,0.59,0.84795,0.77,0.102754,0.79,0.0742471,0.5725806127742172,0.7719321637919241,0.19935155101770685
20,25,0.57,0.943638,0.59,0.896692,0.79,0.102111,0.81,0.0840381,0.588590721254207,0.7923360943733435,0.20374537311913654
20,26,0.59,0.940728,0.61,0.897561,0.79,0.121455,0.81,0.0842451,0.6088699701160608,0.8015318772692214,0.19266190715316056
20,27,0.61,0.929603,0.63,0.873804,0.81,0.117315,0.83,0.0947581,0.6206105844190756,0.8253522868833927,0.2047417024643171
20,28,0.63,0.938375,0.65,0.879518,0.83,0.103149,0.85,0.084855,0.6430400801943694,0.8334426587952334,0.19040257860086396
20,29,0.65,0.916111,0.67,0.864897,0.85,0.108506,0.87,0.0696335,0.6562916390049596,0.8543763586082707,0.1980847196033111
20,30,0.67,0.913119,0.69,0.856711,0.87,0.10626,0.89,0.0776596,0.6746514678768969,0.8743775611529908,0.19972609327609392
