"drive","beta","speed","suppressed","gens_till_suppression","chased","gens_till_chasing","average_nondrive_GC","variance_in_nondrive_GC","average_overall_GC","variance_in_overall_GC","average_popsize_during_chase","variance_in_popsize_during_chase","duration_of_chase","drive_loss","gens_till_drive_loss","equilibrium_state","gens_till_equilibrium_state","simulation_stopped_after_1000_gens","rate_of_drive_after_1000_gens","r1_resistance_formed","gens_till_r1_resistance_formed","long_term_chase","drive_loss_with_chase","drive_loss_without_chase","outcome_of_suppression_with_tiny_chase","outcome_of_suppression_after_chasing","outcome_of_drive_loss_after_chasing","outcome_of_suppression_without_chasing","outcome_of_drive_loss_without_chasing","outcome_of_long_term_chasing","average_number_of_fertile_females_during_any_chase","average_number_of_fertile_females_during_ending_chase","average_number_of_fertile_females_during_long_term_chase","average_number_of_fertile_females_during_chase_ending_in_suppression"
"nosF",2,0.008,0,NA,1,56.55,0.00536342545,1.4965e-06,0.00217025405,2.7425e-07,27184.315516,7275056.339,NA,0,NA,0,NA,1,0.5133891,0,NA,1,0,0,0,0,0,0,0,1,9795.368318,NA,9795.368318,NA
"nosF",2,0.0118,0,NA,1,94.35,0.01362307435,1.2668e-05,0.0052625039,2.279e-06,22188.8395855,9823946.17875,NA,0,NA,0,NA,1,0.60032425,0,NA,1,0,0,0,0,0,0,0,1,7130.48617035,NA,7130.48617035,NA
"nosF",2,0.0156,0,NA,1,99.65,0.02219975925,6.271895e-05,0.00873694835,1.193e-05,18871.654962,17322801.768,NA,0,NA,0,NA,1,0.6119388,0,NA,1,0,0,0,0,0,0,0,1,5754.71775515,NA,5754.71775515,NA
"nosF",2,0.0194,0,NA,1,90.1,0.0292887157,0.00015375465,0.012263785,3.2965e-05,16523.31084,28241956.875,NA,0,NA,0,NA,1,0.65072395,0,NA,1,0,0,0,0,0,0,0,1,4935.07447545,NA,4935.07447545,NA
"nosF",2,0.0232,0,NA,1,82,0.0362814851,0.00040250975,0.01629876145,0.00010856725,14984.14009,44313879.4635,NA,0,NA,0,NA,1,0.63036715,0,NA,1,0,0,0,0,0,0,0,1,4502.61341295,NA,4502.61341295,NA
"nosF",2,0.027,0.25,850.4,0.9,79.2222222222222,0.0610234374444444,0.00351848172222222,0.0327574791666667,0.00227758205555556,13000.1071188889,62502299.4688889,1254.33333333333,0.1,312.5,0,NA,0.65,0.757406384615385,0,NA,0.65,0.1,0,0,0.15,0.1,0.1,0,0.65,4139.50861649541,4329.86661727413,4120.12909015385,4383.05997027372
"nosF",2,0.0308,0.4,822.125,0.85,73,0.0739878658235294,0.00558970488235294,0.0397475721176471,0.00250542417647059,11839.1526312353,86848754.5738824,1166.4,0.3,794.666666666667,0,NA,0.3,0.6607555,0,NA,0.3,0.3,0,0,0.25,0.3,0.15,0,0.3,3936.73500341028,4052.33991733537,3875.161503,4151.84602266032
"nosF",2,0.0346,0.7,846,0.7,70.7857142857143,0.0837472368571429,0.00832376207142857,0.0449984255714286,0.00247982664285714,9693.0021255,71799931.2846429,1320.5,0.25,794.2,0,NA,0.05,0.464414,0,NA,0.05,0.2,0.05,0.05,0.4,0.2,0.25,0.05,0.05,3536.36279732466,3497.75854962543,3708.405579,3220.92918239029
"nosF",2,0.0384,0.75,379.466666666667,0.5,65.8,0.0876788752,0.0074177292,0.0469566705,0.0027441735,9508.4169973,97521724.3871,630,0.25,476,0,NA,0,NA,0,NA,0,0.15,0.1,0,0.35,0.15,0.4,0.1,0,3419.18146292312,3419.18146292312,NA,3427.01134473061
"nosF",2,0.0422,0.95,311.578947368421,0.35,63.8571428571429,0.0653604498571429,0.003075287,0.037715875,0.00122181142857143,9718.00487842857,107027972.884286,715.833333333333,0.05,105,0,NA,0,NA,0,NA,0,0.05,0,0,0.3,0.05,0.65,0,0,3374.33186121272,3374.33186121272,NA,3363.80846508638
"nosF",2,0.046,0.95,184.368421052632,0.3,59.8333333333333,0.143178587666667,0.0163625725,0.0639780053333333,0.00224853466666667,5737.03850785,50535620.86214,925,0.05,215,0,NA,0,NA,0,NA,0,0.05,0,0.15,0.1,0.05,0.7,0,0,2984.81367534462,2984.81367534462,NA,2946.17941963459
"nosF",3,0.008,0,NA,1,65.65,0.0045158637,1.27685e-06,0.00132342185,1.2064e-07,32433.260601,5133858.37885,NA,0,NA,0,NA,1,0.60007775,0,NA,1,0,0,0,0,0,0,0,1,10453.061361,NA,10453.061361,NA
"nosF",3,0.0118,0,NA,1,86.45,0.0100510541,7.771e-06,0.00283974655,6.843e-07,28326.688861,7713983.8905,NA,0,NA,0,NA,1,0.6883955,0,NA,1,0,0,0,0,0,0,0,1,7784.92914485,NA,7784.92914485,NA
"nosF",3,0.0156,0,NA,1,96.15,0.01524732715,2.5495e-05,0.0044172342,2.4465e-06,24911.5061775,13547062.1372,NA,0,NA,0,NA,1,0.7246767,0,NA,1,0,0,0,0,0,0,0,1,6248.02013535,NA,6248.02013535,NA
"nosF",3,0.0194,0,NA,1,87.25,0.019758116,6.193705e-05,0.00603402735,6.6105e-06,22064.8729175,20310328.1575,NA,0,NA,0,NA,1,0.7414453,0,NA,1,0,0,0,0,0,0,0,1,5250.040272,NA,5250.040272,NA
"nosF",3,0.0232,0,NA,1,81,0.0238303251,0.00012440025,0.0077803228,1.5391e-05,19776.0642985,27806435.644,NA,0,NA,0,NA,1,0.77077535,0,NA,1,0,0,0,0,0,0,0,1,4564.86203685,NA,4564.86203685,NA
"nosF",3,0.027,0,NA,1,76.6,0.02668143895,0.00025126775,0.0095461011,4.41657e-05,17971.169999,38958611.1375,NA,0,NA,0,NA,1,0.7699636,0,NA,1,0,0,0,0,0,0,0,1,4069.72472565,NA,4069.72472565,NA
"nosF",3,0.0308,0.15,112.333333333333,0.9,74.8888888888889,0.0369688744444444,0.000984345111111111,0.0149214063333333,0.000206071888888889,15888.8853401667,49186938.1146111,NA,0,NA,0,NA,0.85,0.775211529411765,0,NA,0.85,0,0,0.05,0,0,0.1,0,0.85,3775.42306994118,NA,3775.42306994118,NA
"nosF",3,0.0346,0,NA,1,70.45,0.03196029275,0.0009789097,0.0134939438,0.0002310241,15134.5355415,61161906.283,NA,0.05,704,0,NA,0.95,0.799957368421053,0,NA,0.95,0.05,0,0,0,0.05,0,0,0.95,3419.77303518679,2969.711278,3424.52841594737,NA
"nosF",3,0.0384,0.55,606.545454545455,0.75,63.8666666666667,0.0781365778666667,0.0117353461333333,0.0328933570666667,0.00328442446666667,10976.4169905333,50621150.6586,1141.4,0.05,95,0,NA,0.4,0.731366125,0,NA,0.4,0.05,0,0.05,0.25,0.05,0.25,0,0.4,3128.98679649211,3253.8216401598,3100.96475225,3253.8216401598
"nosF",3,0.0422,0.75,650.266666666667,0.6,65.5,0.07724214425,0.00398487533333333,0.0360392805833333,0.001197543,10381.6524051667,72446964.8475417,1206.14285714286,0.1,271.5,0,NA,0.15,0.813124,0,NA,0.15,0.1,0,0,0.35,0.1,0.4,0,0.15,3026.45923317656,3105.3626966731,2953.16690333333,2987.07018806905
"nosF",3,0.046,0.85,289.176470588235,0.45,60.1111111111111,0.0697156723333333,0.00545923955555556,0.0289468245555556,0.000937112444444444,12011.6670183444,145805413.125811,694.6,0,NA,0,NA,0.15,0.768927333333333,0,NA,0.15,0,0,0.05,0.25,0,0.55,0,0.15,3272.98422342093,3511.80559984797,3185.98751266667,3511.80559984797
"nosF",4,0.008,0,NA,1,68.9,0.0041458279,1.2269e-06,0.00098454045,7.441e-08,35834.004209,3945776.6409,NA,0,NA,0,NA,1,0.64149535,0,NA,1,0,0,0,0,0,0,0,1,10808.7659395,NA,10808.7659395,NA
"nosF",4,0.0118,0,NA,1,93,0.00853747765,5.976e-06,0.00196891875,3.8975e-07,32448.2847795,6320229.11715,NA,0,NA,0,NA,1,0.72335915,0,NA,1,0,0,0,0,0,0,0,1,8098.83555105,NA,8098.83555105,NA
"nosF",4,0.0156,0,NA,1,94.05,0.01250575225,1.7365e-05,0.00296772905,1.15995e-06,29188.1876795,10388636.1103,NA,0,NA,0,NA,1,0.77992005,0,NA,1,0,0,0,0,0,0,0,1,6503.8136515,NA,6503.8136515,NA
"nosF",4,0.0194,0,NA,1,85.5,0.01572640595,4.2205e-05,0.00395532585,3.4665e-06,26295.996087,16460346.5025,NA,0,NA,0,NA,1,0.7936477,0,NA,1,0,0,0,0,0,0,0,1,5444.4285401,NA,5444.4285401,NA
"nosF",4,0.0232,0,NA,1,81.05,0.01866423955,8.14374e-05,0.00498438735,7.939e-06,23907.331219,23144867.915,NA,0,NA,0,NA,1,0.81592625,0,NA,1,0,0,0,0,0,0,0,1,4724.22403,NA,4724.22403,NA
"nosF",4,0.027,0,NA,1,76.1,0.02035664065,0.0001243538,0.00588710585,1.71125e-05,21785.115458,29722994.6395,NA,0,NA,0,NA,1,0.8246853,0,NA,1,0,0,0,0,0,0,0,1,4128.77768575,NA,4128.77768575,NA
"nosF",4,0.0308,0,NA,1,70.85,0.02884454465,0.0006156502,0.01024469595,0.0001354886,19195.4072967,35889362.3618,NA,0.05,108,0,NA,0.95,0.850767947368421,0,NA,0.95,0.05,0,0,0,0.05,0,0,0.95,3716.93504363158,NA,3716.93504363158,NA
"nosF",4,0.0346,0.15,111.333333333333,0.85,68.3529411764706,0.0234021527058824,0.000277413058823529,0.00776159417647059,4.39504117647059e-05,18651.07751,44415942.4376471,NA,0,NA,0,NA,0.85,0.846142176470588,0,NA,0.85,0,0,0,0,0,0.15,0,0.85,3412.476274,NA,3412.476274,NA
"nosF",4,0.0384,0.1,106,0.95,63.6315789473684,0.0391681102631579,0.00158902163157895,0.0157842564736842,0.000534977368421053,15841.5275546316,45248131.5716842,32,0.05,97,0,NA,0.85,0.839552411764706,0,NA,0.85,0.05,0,0,0.05,0.05,0.05,0,0.85,3117.44945873837,5123.58868093846,3115.03582364706,3669.428571
"nosF",4,0.0422,0.2,94.75,0.8,62.5625,0.0417782445625,0.0060687028125,0.013875911375,0.0007962608125,15343.6166058125,53625471.3675,NA,0.05,108,0,NA,0.75,0.8834614,0,NA,0.75,0.05,0,0,0,0.05,0.2,0,0.75,2870.06383425417,4488.426471,2868.6040148,NA
"nosF",4,0.046,0.5,526.9,0.6,56.6666666666667,0.02527259,0.00062995825,0.00995292933333333,0.000130700166666667,15331.1667425,66015438.5116667,2197,0,NA,0,NA,0.5,0.8305608,0,NA,0.5,0,0,0,0.1,0,0.4,0,0.5,2741.74430420551,2543.59324428903,2769.1412758,2543.59324428903
"nosF",5,0.008,0,NA,0.95,75.1052631578947,0.00393819915789474,1.24163157894737e-06,0.000810328526315789,5.72631578947368e-08,38179.659781579,3297069.639,NA,0,NA,0,NA,0.95,0.657498736842105,0,NA,0.95,0,0,0,0,0,0,0,0.95,10998.3285489474,NA,10998.3285489474,NA
"nosF",5,0.0118,0,NA,1,88.5,0.00767746385,5.2625e-06,0.00152962695,2.714e-07,35459.364768,5769190.818,NA,0,NA,0,NA,1,0.7490391,0,NA,1,0,0,0,0,0,0,0,1,8318.08350855,NA,8318.08350855,NA
"nosF",5,0.0156,0,NA,1,96.35,0.010976658,1.4515e-05,0.00224872275,7.3425e-07,32337.7337145,8793319.9052,NA,0,NA,0,NA,1,0.78284965,0,NA,1,0,0,0,0,0,0,0,1,6648.97211585,NA,6648.97211585,NA
"nosF",5,0.0194,0,NA,1,85.9,0.0135094931,3.1545e-05,0.002935432,1.7608e-06,29514.782581,13110751.8575,NA,0,NA,0,NA,1,0.8340905,0,NA,1,0,0,0,0,0,0,0,1,5555.38335945,NA,5555.38335945,NA
"nosF",5,0.0232,0,NA,1,80.05,0.01538663415,5.1275e-05,0.0035328601,3.142e-06,27160.847803,18150177.3745,NA,0,NA,0,NA,1,0.83505705,0,NA,1,0,0,0,0,0,0,0,1,4798.675175,NA,4798.675175,NA
"nosF",5,0.027,0,NA,1,74.45,0.01689674185,7.94776e-05,0.00420024705,7.0335e-06,24940.6495285,22571252.7505,NA,0,NA,0,NA,1,0.85159915,0,NA,1,0,0,0,0,0,0,0,1,4190.907051,NA,4190.907051,NA
"nosF",5,0.0308,0,NA,1,71.55,0.0185699113,0.0001723131,0.0049856483,2.27145e-05,23144.862323,31393005.142,NA,0,NA,0,NA,1,0.86293445,0,NA,1,0,0,0,0,0,0,0,1,3781.93940375,NA,3781.93940375,NA
"nosF",5,0.0346,0,NA,1,65.4,0.0195982201,0.0002598101,0.0056987499,4.703025e-05,21555.2017425,36665275.796,NA,0,NA,0,NA,1,0.86670625,0,NA,1,0,0,0,0,0,0,0,1,3433.848234,NA,3433.848234,NA
"nosF",5,0.0384,0.2,101.5,0.85,64.0588235294118,0.0278134884705882,0.000367211882352941,0.00889186923529412,7.44708823529412e-05,19295.3952472353,37380311.9011176,37,0,NA,0,NA,0.8,0.878844875,0,NA,0.8,0,0,0,0.05,0,0.15,0,0.8,3146.69302488755,4173.615385,3145.9457756875,4173.615385
"nosF",5,0.0422,0.25,97.6,0.75,60.8,0.0202024227333333,0.000322552,0.00639730913333333,5.05798e-05,19140.9787446667,46654350.956,NA,0,NA,0,NA,0.75,0.8705502,0,NA,0.75,0,0,0,0,0,0.25,0,0.75,2918.49099033333,NA,2918.49099033333,NA
"nosF",5,0.046,0.45,302.222222222222,0.7,59.5714285714286,0.0453094463571429,0.00467112785714286,0.0196438975,0.0034191015,15968.7715654286,49800678.2090714,960,0,NA,0,NA,0.55,0.888091454545455,0,NA,0.55,0,0,0.05,0.1,0,0.3,0,0.55,2743.63776049599,2544.89007720885,2754.55358954545,2544.89007720885
"nosF",6,0.008,0,NA,1,80.3,0.00382758885,1.2585e-06,0.00069967385,4.5185e-08,39871.1150435,2844145.96635,NA,0,NA,0,NA,1,0.6787388,0,NA,1,0,0,0,0,0,0,0,1,11111.505703,NA,11111.505703,NA
"nosF",6,0.0118,0,NA,1,92.85,0.00713453685,4.886e-06,0.001260404,1.9005e-07,37662.922349,5267955.65135,NA,0,NA,0,NA,1,0.76460295,0,NA,1,0,0,0,0,0,0,0,1,8442.99099125,NA,8442.99099125,NA
"nosF",6,0.0156,0,NA,1,92.5,0.0098481518,1.21835e-05,0.00178420135,5.0105e-07,34875.2501165,7511861.71655,NA,0,NA,0,NA,1,0.8124295,0,NA,1,0,0,0,0,0,0,0,1,6776.14704195,NA,6776.14704195,NA
"nosF",6,0.0194,0,NA,1,84.85,0.01197411055,2.627e-05,0.0023111185,1.3677e-06,32178.867646,12196203.091,NA,0,NA,0,NA,1,0.8240755,0,NA,1,0,0,0,0,0,0,0,1,5671.61131515,NA,5671.61131515,NA
"nosF",6,0.0232,0,NA,1,80.7,0.0137548404,4.636e-05,0.00282191215,2.749e-06,29708.343245,16290428.752,NA,0,NA,0,NA,1,0.85605945,0,NA,1,0,0,0,0,0,0,0,1,4873.09003105,NA,4873.09003105,NA
"nosF",6,0.027,0,NA,1,76.4,0.01508142225,8.32e-05,0.0033016337,7.082e-06,27730.588877,21897827.182,NA,0,NA,0,NA,1,0.86864175,0,NA,1,0,0,0,0,0,0,0,1,4309.2163505,NA,4309.2163505,NA
"nosF",6,0.0308,0,NA,1,69.3,0.01578382105,0.00010211305,0.0037021725,9.076e-06,25863.712379,24867317.8355,NA,0,NA,0,NA,1,0.88309015,0,NA,1,0,0,0,0,0,0,0,1,3843.3014648,NA,3843.3014648,NA
"nosF",6,0.0346,0,NA,1,68.8,0.01651078605,0.0001290739,0.00410164175,1.53885e-05,24259.2067755,28620661.1315,NA,0,NA,0,NA,1,0.88625765,0,NA,1,0,0,0,0,0,0,0,1,3474.4950582,NA,3474.4950582,NA
"nosF",6,0.0384,0.3,105.833333333333,0.85,65.4117647058823,0.0423494558235294,0.00185027811764706,0.0140694739411765,0.000315276882352941,19630.3019048235,31800001.4638235,35.5,0,NA,0,NA,0.7,0.906464428571429,0,NA,0.7,0,0,0.05,0.1,0,0.15,0,0.7,3188.69247088674,4302.83438661972,3186.91453157143,4302.83438661972
"nosF",6,0.0422,0.25,103.4,0.75,61.2666666666667,0.0176960984666667,0.000172047733333333,0.0048906466,2.23453333333333e-05,21630.9174786667,40961441.616,NA,0,NA,0,NA,0.75,0.898901133333333,0,NA,0.75,0,0,0,0,0,0.25,0,0.75,2971.09673013333,NA,2971.09673013333,NA
"nosF",6,0.046,0.4,98.25,0.65,58,0.0235755871538462,0.000510878615384615,0.00748560338461538,7.99366153846154e-05,19545.4326385385,46299519.4030769,66,0,NA,0,NA,0.6,0.9238885,0,NA,0.6,0,0,0,0.05,0,0.35,0,0.6,2763.23061086791,4845.778846,2759.6264525,4845.778846
"nosF",7,0.008,0,NA,1,80.3,0.0037179404,1.29125e-06,0.00061768925,3.8485e-08,41274.673568,2577311.85905,NA,0,NA,0,NA,1,0.69251635,0,NA,1,0,0,0,0,0,0,0,1,11214.842479,NA,11214.842479,NA
"nosF",7,0.0118,0,NA,1,84.5,0.00688134735,4.927e-06,0.00109765035,1.614e-07,39353.992145,4932160.5849,NA,0,NA,0,NA,1,0.76355305,0,NA,1,0,0,0,0,0,0,0,1,8545.0396072,NA,8545.0396072,NA
"nosF",7,0.0156,0,NA,1,92.75,0.00932899735,1.182e-05,0.0015394196,4.1415e-07,36709.891656,7242314.40285,NA,0,NA,0,NA,1,0.82377775,0,NA,1,0,0,0,0,0,0,0,1,6835.5411393,NA,6835.5411393,NA
"nosF",7,0.0194,0,NA,1,84.35,0.0111763668,2.371e-05,0.00194121165,9.703e-07,34266.8763115,11182877.0861,NA,0,NA,0,NA,1,0.8490141,0,NA,1,0,0,0,0,0,0,0,1,5769.35451935,NA,5769.35451935,NA
"nosF",7,0.0232,0,NA,1,79.75,0.01279369895,6.294555e-05,0.0024025715,7.25165e-06,31877.7196015,15783267.6465,NA,0,NA,0,NA,1,0.86524125,0,NA,1,0,0,0,0,0,0,0,1,4943.4713753,NA,4943.4713753,NA
"nosF",7,0.027,0,NA,1,74.55,0.01362054895,5.266e-05,0.00263207995,2.438e-06,29903.188764,17013442.753,NA,0,NA,0,NA,1,0.88360175,0,NA,1,0,0,0,0,0,0,0,1,4361.13263725,NA,4361.13263725,NA
"nosF",7,0.0308,0,NA,1,71.1,0.0145796662,9.71262e-05,0.0030297745,8.93e-06,28137.8748515,22517138.9045,NA,0,NA,0,NA,1,0.895896,0,NA,1,0,0,0,0,0,0,0,1,3918.07345445,NA,3918.07345445,NA
"nosF",7,0.0346,0.05,108,0.95,65.4736842105263,0.0154477137368421,0.000141151368421053,0.00343443657894737,1.61710526315789e-05,26495.6812073684,27218015.6931579,NA,0,NA,0,NA,0.95,0.896560368421053,0,NA,0.95,0,0,0,0,0,0.05,0,0.95,3561.72924568421,NA,3561.72924568421,NA
"nosF",7,0.0384,0.15,113,0.9,64.7222222222222,0.0295137406666667,0.00103445083333333,0.0113386257777778,0.0002953835,23780.7435024444,28529303.7291111,47,0,NA,0,NA,0.85,0.900570529411765,0,NA,0.85,0,0,0,0.05,0,0.1,0,0.85,3258.06416537499,2153.879518,3259.02475247059,2153.879518
"nosF",7,0.0422,0.15,102.666666666667,0.9,59.1666666666667,0.0254850307777778,0.001496558,0.007389393,0.000268438777777778,22778.3782501667,37568172.9794444,41,0,NA,0,NA,0.85,0.905508647058824,0,NA,0.85,0,0,0,0.05,0,0.1,0,0.85,3004.60923688919,5809.948052,3002.48028247059,5809.948052
"nosF",7,0.046,0.2,105.75,0.9,55.5,0.0284797716111111,0.00372782044444444,0.00885832794444444,0.000553556277777778,21500.5617941667,56975435.9516667,49.5,0,NA,0,NA,0.8,0.9167036875,0,NA,0.8,0,0,0,0.1,0,0.1,0,0.8,2820.23063585128,5887.85704651515,2814.2580309375,5887.85704651515
"nosF",8,0.008,0,NA,1,80.9,0.00368506215,1.23925e-06,0.00057575455,3.635e-08,42273.727138,2366006.2225,NA,0,NA,0,NA,1,0.69512615,0,NA,1,0,0,0,0,0,0,0,1,11255.659756,NA,11255.659756,NA
"nosF",8,0.0118,0,NA,1,91.25,0.0065862051,4.4825e-06,0.0009684215,1.24705e-07,40739.042823,4334266.54505,NA,0,NA,0,NA,1,0.7689211,0,NA,1,0,0,0,0,0,0,0,1,8592.76306805,NA,8592.76306805,NA
"nosF",8,0.0156,0,NA,1,93.5,0.00889841405,1.07405e-05,0.00135420455,3.634e-07,38341.505083,7380358.1298,NA,0,NA,0,NA,1,0.82936685,0,NA,1,0,0,0,0,0,0,0,1,6929.9713942,NA,6929.9713942,NA
"nosF",8,0.0194,0,NA,1,84.2,0.0104848501,2.026e-05,0.00165157895,6.804e-07,36020.7117815,9836596.71545,NA,0,NA,0,NA,1,0.8532296,0,NA,1,0,0,0,0,0,0,0,1,5834.75037765,NA,5834.75037765,NA
"nosF",8,0.0232,0,NA,1,80,0.0116220096,3.4205e-05,0.0019488179,1.42385e-06,33825.5369165,13610092.7735,NA,0,NA,0,NA,1,0.86579365,0,NA,1,0,0,0,0,0,0,0,1,5032.2384043,NA,5032.2384043,NA
"nosF",8,0.027,0,NA,1,75.5,0.01270563295,5.12081e-05,0.0022591564,3.816e-06,31779.024164,16187367.1785,NA,0,NA,0,NA,1,0.8845548,0,NA,1,0,0,0,0,0,0,0,1,4426.0769008,NA,4426.0769008,NA
"nosF",8,0.0308,0,NA,1,68.2,0.0132618401,6.456585e-05,0.0024930254,4.255e-06,30064.9649605,20012412.7995,NA,0,NA,0,NA,1,0.8947225,0,NA,1,0,0,0,0,0,0,0,1,3992.51093885,NA,3992.51093885,NA
"nosF",8,0.0346,0,NA,1,66.15,0.01411111315,8.54323e-05,0.0028226402,8.82e-06,28331.2125765,23272564.1855,NA,0,NA,0,NA,1,0.9068386,0,NA,1,0,0,0,0,0,0,0,1,3599.9371682,NA,3599.9371682,NA
"nosF",8,0.0384,0,NA,1,62.9,0.0147771513,0.0001363421,0.00312509415,1.38425e-05,27077.870411,29354141.2155,NA,0,NA,0,NA,1,0.91614165,0,NA,1,0,0,0,0,0,0,0,1,3353.7810018,NA,3353.7810018,NA
"nosF",8,0.0422,0.1,101,0.9,58.3888888888889,0.0149368645555556,0.000130771555555556,0.00335446438888889,1.5305e-05,25637.2076027778,29761701.4577778,NA,0,NA,0,NA,0.9,0.921185111111111,0,NA,0.9,0,0,0,0,0,0.1,0,0.9,3053.56242227778,NA,3053.56242227778,NA
"nosF",8,0.046,0.15,95,0.85,56.4705882352941,0.0151689723529412,0.000212039941176471,0.00355110747058824,2.33386470588235e-05,24528.5345523529,35179978.05,NA,0,NA,0,NA,0.85,0.921628352941177,0,NA,0.85,0,0,0,0,0,0.15,0,0.85,2865.70365917647,NA,2865.70365917647,NA
"nosF",9,0.008,0,NA,1,72.45,0.0036154248,1.2805e-06,0.00052579325,3.0565e-08,43202.0096375,2309745.2538,NA,0,NA,0,NA,1,0.70014515,0,NA,1,0,0,0,0,0,0,0,1,11339.8002675,NA,11339.8002675,NA
"nosF",9,0.0118,0,NA,1,96.7,0.00638776725,4.557e-06,0.00088152085,1.1994e-07,41869.306249,4205412.41115,NA,0,NA,0,NA,1,0.78994675,0,NA,1,0,0,0,0,0,0,0,1,8617.81629815,NA,8617.81629815,NA
"nosF",9,0.0156,0,NA,1,94.75,0.008541711,1.0848e-05,0.00120717965,3.213e-07,39636.120285,6924892.68255,NA,0,NA,0,NA,1,0.83143005,0,NA,1,0,0,0,0,0,0,0,1,6969.72564585,NA,6969.72564585,NA
"nosF",9,0.0194,0,NA,1,83.9,0.01007029865,1.821e-05,0.0014766571,5.5335e-07,37419.9738935,9099016.64285,NA,0,NA,0,NA,1,0.8597973,0,NA,1,0,0,0,0,0,0,0,1,5889.46902365,NA,5889.46902365,NA
"nosF",9,0.0232,0,NA,1,78.1,0.0113000212,3.651695e-05,0.00178373355,1.9251e-06,35252.058211,13082658.75525,NA,0,NA,0,NA,1,0.8825579,0,NA,1,0,0,0,0,0,0,0,1,5094.22926605,NA,5094.22926605,NA
"nosF",9,0.027,0,NA,1,73.1,0.01217893255,7.132455e-05,0.00202593025,4.57415e-06,33296.522542,16190979.6985,NA,0,NA,0,NA,1,0.88958625,0,NA,1,0,0,0,0,0,0,0,1,4489.9670983,NA,4489.9670983,NA
"nosF",9,0.0308,0,NA,1,67.75,0.0129753686,0.00010028705,0.00231599755,1.11715e-05,31540.1001045,20669570.7635,NA,0,NA,0,NA,1,0.9001998,0,NA,1,0,0,0,0,0,0,0,1,4048.1553063,NA,4048.1553063,NA
"nosF",9,0.0346,0.05,98,0.95,65.7894736842105,0.0133526682631579,7.43376315789474e-05,0.00243384247368421,4.84052631578947e-06,30029.9578710526,22349606.4731579,NA,0,NA,0,NA,0.95,0.913492421052632,0,NA,0.95,0,0,0,0,0,0.05,0,0.95,3665.18499052632,NA,3665.18499052632,NA
"nosF",9,0.0384,0,NA,1,60.3,0.01376481055,9.67364e-05,0.002652407,7.4435e-06,28578.267226,25501766.1445,NA,0,NA,0,NA,1,0.9068469,0,NA,1,0,0,0,0,0,0,0,1,3374.16066625,NA,3374.16066625,NA
"nosF",9,0.0422,0.05,102,0.95,57.7368421052632,0.0139468600526316,0.000139719315789474,0.00283717668421053,1.39557894736842e-05,27542.4411252632,30477478.1826316,NA,0,NA,0,NA,0.95,0.919350894736842,0,NA,0.95,0,0,0,0,0,0.05,0,0.95,3162.88725715789,NA,3162.88725715789,NA
"nosF",9,0.046,0.1,97,0.95,54.8947368421053,0.0161345458421053,0.000309268105263158,0.00338772268421053,2.08321578947368e-05,25952.9439184211,41848779.4626316,39,0,NA,0,NA,0.9,0.926234666666667,0,NA,0.9,0,0,0,0.05,0,0.05,0,0.9,2931.11880817279,8132.418919,2927.57271516667,8132.418919
"nosF",10,0.008,0,NA,1,74.7,0.00357073215,1.2239e-06,0.00048977505,2.8825e-08,43950.116061,2220473.99935,NA,0,NA,0,NA,1,0.71176915,0,NA,1,0,0,0,0,0,0,0,1,11375.794491,NA,11375.794491,NA
"nosF",10,0.0118,0,NA,1,94.35,0.00627960955,4.3395e-06,0.00081771085,1.0582e-07,42794.8535435,3997439.18885,NA,0,NA,0,NA,1,0.79239395,0,NA,1,0,0,0,0,0,0,0,1,8661.5402715,NA,8661.5402715,NA
"nosF",10,0.0156,0,NA,1,90.45,0.0082448179,9.8475e-06,0.0010971109,2.592e-07,40717.1125555,6473229.9635,NA,0,NA,0,NA,1,0.85228305,0,NA,1,0,0,0,0,0,0,0,1,7015.4087862,NA,7015.4087862,NA
"nosF",10,0.0194,0,NA,1,83.7,0.0097186174,1.777e-05,0.00133107805,4.6885e-07,38567.6124495,8587134.20885,NA,0,NA,0,NA,1,0.86829425,0,NA,1,0,0,0,0,0,0,0,1,5914.55916425,NA,5914.55916425,NA
"nosF",10,0.0232,0,NA,1,78.6,0.0107704961,3.095e-05,0.0015600449,1.44195e-06,36595.588797,12268954.42005,NA,0,NA,0,NA,1,0.8845676,0,NA,1,0,0,0,0,0,0,0,1,5140.136081,NA,5140.136081,NA
"nosF",10,0.027,0,NA,1,74.75,0.0116838309,4.545365e-05,0.001771353,2.06345e-06,34739.052488,14696342.7135,NA,0,NA,0,NA,1,0.90242765,0,NA,1,0,0,0,0,0,0,0,1,4558.1602942,NA,4558.1602942,NA
"nosF",10,0.0308,0,NA,1,69.75,0.01238017475,6.272915e-05,0.00199959185,3.5339e-06,32991.0820275,18913146.8035,NA,0,NA,0,NA,1,0.9112761,0,NA,1,0,0,0,0,0,0,0,1,4093.87077065,NA,4093.87077065,NA
"nosF",10,0.0346,0,NA,1,63.8,0.0128878727,8.610985e-05,0.00221251275,7.8555e-06,31419.8000615,21144218.0085,NA,0,NA,0,NA,1,0.91974375,0,NA,1,0,0,0,0,0,0,0,1,3729.55711195,NA,3729.55711195,NA
"nosF",10,0.0384,0.05,99,0.95,60.5789473684211,0.0129678157894737,7.11307894736842e-05,0.00228677121052632,4.46368421052632e-06,30025.7102621053,24091838.2326316,NA,0,NA,0,NA,0.95,0.916738210526316,0,NA,0.95,0,0,0,0,0,0.05,0,0.95,3422.65087468421,NA,3422.65087468421,NA
"nosF",10,0.0422,0.05,140,1,56.85,0.0248396922,0.0016770803,0.0064260868,0.00016536775,27817.284596,30327364.865,68,0,NA,0,NA,0.95,0.926900473684211,0,NA,0.95,0,0,0,0.05,0,0,0,0.95,3184.99703320589,4708.944444,3183.28081936842,4708.944444
"nosF",10,0.046,0.15,104.666666666667,0.9,55.9444444444444,0.0176053761111111,0.000447571611111111,0.00375166188888889,3.50747777777778e-05,26710.6311305556,34367628.1444444,54,0,NA,0,NA,0.85,0.922499176470588,0,NA,0.85,0,0,0,0.05,0,0.1,0,0.85,2963.55989279075,5278.191011,2961.24637558824,5278.191011
"nosF",11,0.008,0,NA,1,75.15,0.0035718468,1.3765e-06,0.0004667116,2.7875e-08,44547.9033755,2127313.3025,NA,0,NA,0,NA,1,0.72485305,0,NA,1,0,0,0,0,0,0,0,1,11417.695408,NA,11417.695408,NA
"nosF",11,0.0118,0,NA,1,92.35,0.00616114385,4.4475e-06,0.0007632654,9.645e-08,43596.8457785,3944735.5246,NA,0,NA,0,NA,1,0.80221055,0,NA,1,0,0,0,0,0,0,0,1,8703.70449695,NA,8703.70449695,NA
"nosF",11,0.0156,0,NA,1,94.5,0.00798147945,9.1325e-06,0.00099694115,2.118e-07,41724.8397905,5809510.74455,NA,0,NA,0,NA,1,0.8510116,0,NA,1,0,0,0,0,0,0,0,1,7041.7318773,NA,7041.7318773,NA
"nosF",11,0.0194,0,NA,1,85.5,0.0094783075,1.6585e-05,0.0012315767,4.689e-07,39635.0071345,8384732.4177,NA,0,NA,0,NA,1,0.8736308,0,NA,1,0,0,0,0,0,0,0,1,5957.0103671,NA,5957.0103671,NA
"nosF",11,0.0232,0,NA,1,80.35,0.01055902605,2.549e-05,0.0014237282,9.4285e-07,37757.5953815,11543483.02725,NA,0,NA,0,NA,1,0.8869951,0,NA,1,0,0,0,0,0,0,0,1,5205.8223891,NA,5205.8223891,NA
"nosF",11,0.027,0,NA,1,72.65,0.01126159555,3.5815e-05,0.00159253065,1.19085e-06,35842.729146,14303811.447,NA,0,NA,0,NA,1,0.8980498,0,NA,1,0,0,0,0,0,0,0,1,4594.1727627,NA,4594.1727627,NA
"nosF",11,0.0308,0,NA,1,69.9,0.01208684245,6.199265e-05,0.00179489195,3.0366e-06,34236.923369,18419383.0065,NA,0,NA,0,NA,1,0.9010381,0,NA,1,0,0,0,0,0,0,0,1,4156.5477447,NA,4156.5477447,NA
"nosF",11,0.0346,0,NA,1,64.25,0.01266518115,9.89201e-05,0.002040693,7.623e-06,32640.698062,21876726.2045,NA,0,NA,0,NA,1,0.9202272,0,NA,1,0,0,0,0,0,0,0,1,3782.6259904,NA,3782.6259904,NA
"nosF",11,0.0384,0.05,123,1,60.55,0.0244942579,0.00318781285,0.00517147565,0.00038469985,30365.475044,33391333.932,47,0,NA,0,NA,0.95,0.918119578947368,0,NA,0.95,0,0,0,0.05,0,0,0,0.95,3476.82101442979,6126,3474.75895268421,6126
"nosF",11,0.0422,0.05,107,0.95,58.6842105263158,0.0128796592105263,0.000110488789473684,0.00224973636842105,1.12673684210526e-05,30169.3608052632,26501874.3563158,NA,0,NA,0,NA,0.95,0.933026368421053,0,NA,0.95,0,0,0,0,0,0.05,0,0.95,3222.73258294737,NA,3222.73258294737,NA
"nosF",11,0.046,0.2,99.75,0.85,58.2941176470588,0.0184527559411765,0.000409466823529412,0.00421947282352941,6.06734705882353e-05,28016.0755841176,39042533.7411765,47,0,NA,0,NA,0.8,0.933593625,0,NA,0.8,0,0,0,0.05,0,0.15,0,0.8,3009.54201166339,6353.845238,3006.4507936875,6353.845238
"nosF",12,0.008,0,NA,1,86.85,0.00352465985,1.3238e-06,0.00044406625,2.5555e-08,45075.4792095,1904155.0285,NA,0,NA,0,NA,1,0.71102675,0,NA,1,0,0,0,0,0,0,0,1,11413.251475,NA,11413.251475,NA
"nosF",12,0.0118,0,NA,1,90.25,0.00607439975,4.807e-06,0.00071235215,8.5705e-08,44330.831221,3543128.1246,NA,0,NA,0,NA,1,0.80481555,0,NA,1,0,0,0,0,0,0,0,1,8736.79113195,NA,8736.79113195,NA
"nosF",12,0.0156,0,NA,1,92.2,0.007852051,9.002e-06,0.0009463272,1.9215e-07,42460.8123305,5679111.9591,NA,0,NA,0,NA,1,0.85130615,0,NA,1,0,0,0,0,0,0,0,1,7073.66187125,NA,7073.66187125,NA
"nosF",12,0.0194,0,NA,1,84.55,0.00916786965,1.80215e-05,0.00112780665,5.2305e-07,40554.776471,8178691.03225,NA,0,NA,0,NA,1,0.87460245,0,NA,1,0,0,0,0,0,0,0,1,5994.73853515,NA,5994.73853515,NA
"nosF",12,0.0232,0,NA,1,79.35,0.01013284965,2.447e-05,0.00131168655,7.989e-07,38658.737876,10714687.7785,NA,0,NA,0,NA,1,0.89458385,0,NA,1,0,0,0,0,0,0,0,1,5216.78536705,NA,5216.78536705,NA
"nosF",12,0.027,0,NA,1,73.7,0.0108286501,4.66348e-05,0.0014727727,3.1606e-06,36908.3232805,13131114.2444,NA,0,NA,0,NA,1,0.90046295,0,NA,1,0,0,0,0,0,0,0,1,4625.1144151,NA,4625.1144151,NA
"nosF",12,0.0308,0,NA,1,70.85,0.0118745097,6.386195e-05,0.00170293075,5.132e-06,35199.7134615,17532807.8025,NA,0,NA,0,NA,1,0.91649895,0,NA,1,0,0,0,0,0,0,0,1,4177.70060615,NA,4177.70060615,NA
"nosF",12,0.0346,0,NA,1,63.95,0.01203462865,5.839065e-05,0.00177934605,2.93635e-06,33717.5970175,19312328.4815,NA,0,NA,0,NA,1,0.9192074,0,NA,1,0,0,0,0,0,0,0,1,3797.6228218,NA,3797.6228218,NA
"nosF",12,0.0384,0.05,103,0.95,62.4210526315789,0.0122147412631579,6.80069473684211e-05,0.00189346473684211,3.77315789473684e-06,32446.3332778947,22388843.3463158,NA,0,NA,0,NA,0.95,0.925417736842105,0,NA,0.95,0,0,0,0,0,0.05,0,0.95,3501.20344810526,NA,3501.20344810526,NA
"nosF",12,0.0422,0.05,121,0.95,56.6842105263158,0.0127558485789474,0.000136748894736842,0.00211696478947368,1.5747e-05,31198.7094636842,25586806.0015789,NA,0,NA,0,NA,0.95,0.931488894736842,0,NA,0.95,0,0,0,0,0,0.05,0,0.95,3261.46512352632,NA,3261.46512352632,NA
"nosF",12,0.046,0.05,108,1,57.05,0.01868759125,0.0009374309,0.00336037025,6.923415e-05,29767.5301345,42947924.942,43,0,NA,0,NA,0.95,0.937340157894737,0,NA,0.95,0,0,0,0.05,0,0,0,0.95,3068.89676977541,7948.071429,3065.42214968421,7948.071429
