week,drive_carrier,pop_size,female,drop_size,sampling.drive,sampling.female,num,sem_drive,sem_female,sem_femaleratio
0,0.040404,1980,780,80,0.03333333333333330,844.8000000000000,1,NA,NA,
1,0.107143,2240,820,140,0.16,806.4,1,NA,NA,
2,0.114286,2100,720,80,0.12666666666666700,742,1,NA,NA,
3,0.132075,2120,780,80,0.11333333333333300,848,1,NA,NA,
4,0.165138,2180,840,120,0.21333333333333300,872,1,NA,NA,
5,0.247706,2180,740,140,0.26,857.4666666666670,1,NA,NA,
6,0.220183,2180,640,140,0.21333333333333300,639.4666666666670,1,NA,NA,
7,0.25,2240,660,140,0.22666666666666700,686.9333333333330,1,NA,NA,
8,0.254902,2040,640,140,0.2733333333333330,788.8,1,NA,NA,
9,0.267327,2020,680,140,0.29333333333333300,592.5333333333330,1,NA,NA,
10,0.388889,2520,800,460,0.4133333333333330,789.6,1,NA,NA,
11,0.477273,2640,760,360,0.5466666666666670,633.6,1,NA,NA,
12,0.64,3000,780,660,0.7066666666666670,700,1,NA,NA,
13,0.68125,3200,660,540,0.64,789.3333333333330,1,NA,NA,
14,0.757764,3220,760,400,0.7333333333333330,966,1,NA,NA,
15,0.768707,2940,680,460,0.7466666666666670,921.2,1,NA,NA,
16,0.779412,2720,640,460,0.8466666666666670,707.2,1,NA,NA,
17,0.815603,2820,680,620,0.8533333333333330,564,1,NA,NA,
18,0.785714,2800,640,440,0.7266666666666670,802.6666666666670,1,NA,NA,
19,0.828767,2920,660,600,0.8266666666666670,486.66666666666700,1,NA,NA,
20,0.880282,2840,400,580,0.9,378.6666666666670,1,NA,NA,
21,0.891667,2400,340,480,0.9066666666666670,384,1,NA,NA,
22,0.931034,2320,180,740,0.94,247.46666666666700,1,NA,NA,
23,0.932692,2080,100,600,0.9066666666666670,138.66666666666700,1,NA,NA,
24,0.972477,2180,60,920,0.98,58.13333333333330,1,NA,NA,
25,0.990196,2040,20,520,1,27.200000000000000,1,NA,NA,
26,0.988506,1740,20,480,0.9866666666666670,23.200000000000000,1,NA,NA,
0,0.0444444,1800,540,80,0.05333333333333330,540,2,NA,NA,
1,0.12,2000,480,140,0.11333333333333300,493.33333333333300,2,NA,NA,
2,0.149533,2140,640,80,0.14666666666666700,627.7333333333330,2,NA,NA,
3,0.222222,2160,660,80,0.23333333333333300,576,2,NA,NA,
4,0.313043,2300,720,120,0.3,828,2,NA,NA,
5,0.353383,2660,800,140,0.32,833.4666666666670,2,NA,NA,
6,0.44186,2580,860,140,0.4,877.2,2,NA,NA,
7,0.393939,2640,860,140,0.42,880,2,NA,NA,
8,0.4375,2560,940,140,0.43333333333333300,1006.9333333333300,2,NA,NA,
9,0.4375,2560,820,140,0.4133333333333330,716.8000000000000,2,NA,NA,
10,0.5,2760,840,460,0.5066666666666670,920,2,NA,NA,
11,0.561644,2920,860,360,0.5133333333333330,876,2,NA,NA,
12,0.610778,3340,780,660,0.6133333333333330,890.6666666666670,2,NA,NA,
13,0.722543,3460,760,540,0.7333333333333330,784.2666666666670,2,NA,NA,
14,0.754491,3340,840,400,0.7066666666666670,801.6,2,NA,NA,
15,0.783133,3320,740,460,0.8133333333333330,708.2666666666670,2,NA,NA,
16,0.818792,2980,740,460,0.8066666666666670,814.5333333333330,2,NA,NA,
17,0.851852,3240,840,620,0.8266666666666670,993.6,2,NA,NA,
18,0.862069,2900,700,440,0.9066666666666670,638,2,NA,NA,
19,0.836601,3060,740,600,0.8333333333333330,877.2,2,NA,NA,
20,0.854305,3020,780,580,0.8666666666666670,845.6000000000000,2,NA,NA,
21,0.864516,3100,760,480,0.8466666666666670,785.3333333333330,2,NA,NA,
22,0.897959,2940,640,740,0.9266666666666670,529.2000000000000,2,NA,NA,
23,0.897059,2720,540,600,0.8466666666666670,562.1333333333330,2,NA,NA,
24,0.94964,2780,320,920,0.94,333.60000000000000,2,NA,NA,
25,0.967742,2480,200,520,0.9733333333333330,165.33333333333300,2,NA,NA,
26,0.969072,1940,120,480,0.9266666666666670,168.13333333333300,2,NA,NA,
27,0.978022,1820,40,620,0.9666666666666670,48.53333333333330,2,NA,NA,
28,1,1700,20,620,1,11.333333333333300,2,NA,NA,
0,0.0408163,1960,720,80,0.03333333333333330,718.6666666666670,3,NA,NA,
1,0.108911,2020,700,140,0.1,579.0666666666670,3,NA,NA,
2,0.181818,1980,760,80,0.13333333333333300,871.2,3,NA,NA,
3,0.211009,2180,920,80,0.2,915.6,3,NA,NA,
4,0.237113,1940,760,120,0.25333333333333300,814.8,3,NA,NA,
5,0.242718,2060,860,140,0.28,837.7333333333330,3,NA,NA,
6,0.333333,2220,840,140,0.2866666666666670,888,3,NA,NA,
7,0.37069,2320,820,140,0.37333333333333300,804.2666666666670,3,NA,NA,
8,0.39823,2260,880,140,0.43333333333333300,964.2666666666670,3,NA,NA,
9,0.417391,2300,920,140,0.36,858.6666666666670,3,NA,NA,
10,0.533835,2660,920,460,0.56,780.2666666666670,3,NA,NA,
11,0.569444,2880,1020,360,0.5466666666666670,1113.6,3,NA,NA,
12,0.634831,3560,1140,660,0.6,1210.4,3,NA,NA,
13,0.714286,3640,1080,540,0.7533333333333330,1140.5333333333300,3,NA,NA,
14,0.752809,3560,1040,400,0.7533333333333330,1186.6666666666700,3,NA,NA,
15,0.75,3440,1120,460,0.72,1192.5333333333300,3,NA,NA,
16,0.777778,3060,980,460,0.78,999.6,3,NA,NA,
17,0.825503,2980,860,620,0.8066666666666670,854.2666666666670,3,NA,NA,
18,0.877698,2780,640,440,0.8666666666666670,574.5333333333330,3,NA,NA,
19,0.886957,2300,480,600,0.8866666666666670,398.6666666666670,3,NA,NA,
20,0.945455,2200,400,580,0.98,440,3,NA,NA,
21,0.970874,2060,240,480,0.96,219.73333333333300,3,NA,NA,
22,0.99,2000,180,740,0.9866666666666670,226.66666666666700,3,NA,NA,
23,1,1840,100,600,1,147.20000000000000,3,NA,NA,
24,1,2100,60,920,1,56.00000000000000,3,NA,NA,
25,1,1900,20,520,1,0,3,NA,NA,
0,0.0380952,2100,760,80,0.04666666666666670,602,4,NA,NA,
1,0.126126,2220,660,140,0.14,621.6,4,NA,NA,
2,0.141414,1980,600,80,0.19333333333333300,567.6,4,NA,NA,
3,0.172727,2200,700,80,0.2066666666666670,630.6666666666670,4,NA,NA,
4,0.166667,2520,860,120,0.18666666666666700,974.4,4,NA,NA,
5,0.223077,2600,800,140,0.26,866.6666666666670,4,NA,NA,
6,0.224,2500,940,140,0.24,900,4,NA,NA,
7,0.296875,2560,880,140,0.26666666666666700,972.8,4,NA,NA,
8,0.375,2400,800,140,0.38,848,4,NA,NA,
9,0.362069,2320,780,140,0.32,850.6666666666670,4,NA,NA,
10,0.516129,2480,740,460,0.52,578.6666666666670,4,NA,NA,
11,0.592,2500,780,360,0.5866666666666670,950,4,NA,NA,
12,0.713333,3000,840,660,0.7666666666666670,760.0000000000000,4,NA,NA,
13,0.772727,3080,760,540,0.7733333333333330,718.6666666666670,4,NA,NA,
14,0.813333,3000,780,400,0.8466666666666670,680,4,NA,NA,
15,0.84106,3020,840,460,0.8466666666666670,946.2666666666670,4,NA,NA,
16,0.880597,2680,680,460,0.86,732.5333333333330,4,NA,NA,
17,0.92,2500,560,620,0.88,650,4,NA,NA,
18,0.965217,2300,420,440,0.9666666666666670,352.66666666666700,4,NA,NA,
19,0.981651,2180,400,600,0.96,436,4,NA,NA,
20,0.981132,2120,300,580,0.98,296.8,4,NA,NA,
21,0.978022,1820,180,480,0.98,194.13333333333300,4,NA,NA,
22,0.989583,1920,100,740,0.98,51.2,4,NA,NA,
23,1,1880,60,600,1,62.666666666666700,4,NA,NA,
24,1,2000,40,920,1,80,4,NA,NA,
0,0.0366972,2180,800,80,0.04,842.9333333333330,5,NA,NA,
1,0.0917431,2180,900,140,0.06666666666666670,915.6,5,NA,NA,
2,0.145299,2340,820,80,0.15333333333333300,858.0000000000000,5,NA,NA,
3,0.167939,2620,980,80,0.14,978.1333333333330,5,NA,NA,
4,0.210938,2560,740,120,0.22666666666666700,546.1333333333330,5,NA,NA,
5,0.283465,2540,720,140,0.28,592.6666666666670,5,NA,NA,
6,0.339286,2240,640,140,0.32,657.0666666666670,5,NA,NA,
7,0.371681,2260,660,140,0.34,813.6,5,NA,NA,
8,0.361111,2160,600,140,0.3466666666666670,633.6,5,NA,NA,
9,0.4,2300,900,140,0.4,736,5,NA,NA,
10,0.468254,2520,900,460,0.5333333333333330,940.8,5,NA,NA,
11,0.571429,2660,980,360,0.6066666666666670,975.3333333333330,5,NA,NA,
12,0.651007,2980,800,660,0.7266666666666670,814.5333333333330,5,NA,NA,
13,0.727811,3380,860,540,0.68,833.7333333333330,5,NA,NA,
14,0.75,3200,820,400,0.8,810.6666666666670,5,NA,NA,
15,0.785235,2980,860,460,0.8,754.9333333333330,5,NA,NA,
16,0.837037,2700,700,460,0.84,738,5,NA,NA,
17,0.891473,2580,460,620,0.8866666666666670,447.2,5,NA,NA,
18,0.879032,2480,440,440,0.86,413.3333333333330,5,NA,NA,
19,0.941176,2380,300,600,0.96,285.60000000000000,5,NA,NA,
20,0.981308,2140,140,580,0.98,185.46666666666700,5,NA,NA,
21,0.989362,1880,100,480,0.9866666666666670,137.86666666666700,5,NA,NA,
22,1,2000,60,740,1,26.666666666666700,5,NA,NA,
23,1,1840,40,600,1,24.533333333333300,5,NA,NA,
24,1,2140,20,920,1,14.266666666666700,5,NA,NA,
0,0.05,1600,640,80,0.07333333333333330,597.3333333333330,6,NA,NA,
1,0.148936,1880,760,140,0.12666666666666700,701.8666666666670,6,NA,NA,
2,0.173077,2080,860,80,0.22666666666666700,762.6666666666670,6,NA,NA,
3,0.327434,2260,860,80,0.29333333333333300,904,6,NA,NA,
4,0.393443,2440,1000,120,0.4066666666666670,976,6,NA,NA,
5,0.45,2400,920,140,0.43333333333333300,928,6,NA,NA,
6,0.475806,2480,880,140,0.46,727.4666666666670,6,NA,NA,
7,0.537037,2160,760,140,0.5533333333333330,705.6,6,NA,NA,
8,0.62069,2320,920,140,0.6333333333333330,881.6,6,NA,NA,
9,0.633333,2400,960,140,0.6066666666666670,896,6,NA,NA,
10,0.666667,2400,820,460,0.5733333333333330,848,6,NA,NA,
11,0.675,2400,760,360,0.64,768,6,NA,NA,
12,0.748148,2700,660,660,0.7266666666666670,558,6,NA,NA,
13,0.832117,2740,580,540,0.8,566.2666666666670,6,NA,NA,
14,0.853659,2460,460,400,0.8266666666666670,606.8000000000000,6,NA,NA,
15,0.889764,2540,500,460,0.8666666666666670,626.5333333333330,6,NA,NA,
16,0.875,2240,400,460,0.8466666666666670,477.8666666666670,6,NA,NA,
17,0.918919,2220,320,620,0.9266666666666670,162.8,6,NA,NA,
18,0.923077,2080,320,440,0.9533333333333330,332.8,6,NA,NA,
19,0.920792,2020,240,600,0.9133333333333330,242.4,6,NA,NA,
20,0.94382,1780,100,580,0.9133333333333330,94.93333333333330,6,NA,NA,
21,0.952381,1680,60,480,0.96,44.8,6,NA,NA,
22,0.977273,1760,20,740,0.9533333333333330,11.733333333333300,6,NA,NA,
0,0.0392157,2040,840,80,0.04666666666666670,897.6,7,NA,NA,
1,0.115789,1900,600,140,0.11333333333333300,519.3333333333330,7,NA,NA,
2,0.186916,2140,820,80,0.23333333333333300,856,7,NA,NA,
3,0.194175,2060,680,80,0.17333333333333300,618,7,NA,NA,
4,0.191489,1880,640,120,0.23333333333333300,538.9333333333330,7,NA,NA,
5,0.213592,2060,640,140,0.15333333333333300,727.8666666666670,7,NA,NA,
6,0.330435,2300,860,140,0.36,690,7,NA,NA,
7,0.378151,2380,880,140,0.3466666666666670,793.3333333333330,7,NA,NA,
8,0.398305,2360,840,140,0.43333333333333300,912.5333333333330,7,NA,NA,
9,0.425926,2160,820,140,0.4266666666666670,950.4,7,NA,NA,
10,0.515152,2640,880,460,0.49333333333333300,1144,7,NA,NA,
11,0.584507,2840,940,360,0.52,1003.4666666666700,7,NA,NA,
12,0.660377,3180,840,660,0.6733333333333330,932.8,7,NA,NA,
13,0.708861,3160,760,540,0.8,758.4,7,NA,NA,
14,0.740506,3160,740,400,0.7466666666666670,568.8,7,NA,NA,
15,0.753165,3160,800,460,0.7533333333333330,758.4,7,NA,NA,
16,0.748344,3020,760,460,0.7066666666666670,926.1333333333330,7,NA,NA,
17,0.730539,3340,900,620,0.7866666666666670,734.8,7,NA,NA,
18,0.769697,3300,820,440,0.7933333333333330,660,7,NA,NA,
19,0.773585,3180,700,600,0.8,742,7,NA,NA,
20,0.801325,3020,640,580,0.76,463.0666666666670,7,NA,NA,
21,0.814286,2800,480,480,0.8133333333333330,466.66666666666700,7,NA,NA,
22,0.876712,2920,420,740,0.8533333333333330,350.4,7,NA,NA,
23,0.902985,2680,460,600,0.9,500.2666666666670,7,NA,NA,
24,0.916084,2860,360,920,0.9066666666666670,476.66666666666700,7,NA,NA,
25,0.946154,2600,340,520,0.9533333333333330,450.6666666666670,7,NA,NA,
26,0.959677,2480,220,480,0.9266666666666670,248,7,NA,NA,
27,0.954128,2180,240,620,0.9666666666666670,290.6666666666670,7,NA,NA,
28,0.931373,2040,220,620,0.92,299.2,7,NA,NA,
29,0.949495,1980,200,560,0.9466666666666670,158.4,7,NA,NA,
30,0.96,2000,180,560,0.94,186.66666666666700,7,NA,NA,
31,0.988235,1700,100,560,0.9933333333333330,90.66666666666670,7,NA,NA,
32,0.987805,1640,40,560,0.9933333333333330,21.866666666666700,7,NA,NA,
0,0.0380952,2100,820,80,0.06,868,8,NA,NA,
1,0.108911,2020,720,140,0.07333333333333330,754.1333333333330,8,NA,NA,
2,0.191489,1880,640,80,0.24666666666666700,488.8,8,NA,NA,
3,0.235294,2040,820,80,0.25333333333333300,693.6,8,NA,NA,
4,0.283186,2260,1040,120,0.29333333333333300,1130,8,NA,NA,
5,0.235294,2380,1020,140,0.28,983.7333333333330,8,NA,NA,
6,0.296875,2560,1220,140,0.35333333333333300,1228.8,8,NA,NA,
7,0.377953,2540,1040,140,0.38666666666666700,1032.9333333333300,8,NA,NA,
8,0.477941,2720,920,140,0.5066666666666670,779.7333333333330,8,NA,NA,
9,0.465649,2620,820,140,0.48,733.6,8,NA,NA,
10,0.537975,3160,960,460,0.5466666666666670,1053.3333333333300,8,NA,NA,
11,0.594771,3060,900,360,0.58,836.4,8,NA,NA,
12,0.695652,3220,760,660,0.6866666666666670,644,8,NA,NA,
13,0.751479,3380,860,540,0.7133333333333330,1149.2,8,NA,NA,
14,0.768212,3020,880,400,0.7466666666666670,946.2666666666670,8,NA,NA,
15,0.802632,3040,920,460,0.88,749.8666666666670,8,NA,NA,
16,0.848921,2780,800,460,0.8266666666666670,815.4666666666670,8,NA,NA,
17,0.848921,2780,620,620,0.8466666666666670,574.5333333333330,8,NA,NA,
18,0.862319,2760,520,440,0.8733333333333330,625.6,8,NA,NA,
19,0.907143,2800,480,600,0.9266666666666670,354.6666666666670,8,NA,NA,
20,0.936508,2520,340,580,0.9733333333333330,386.4,8,NA,NA,
21,0.974359,2340,240,480,0.9533333333333330,296.40000000000000,8,NA,NA,
22,0.97479,2380,200,740,0.98,222.13333333333300,8,NA,NA,
23,0.989796,1960,180,600,0.9933333333333330,261.3333333333330,8,NA,NA,
24,1,2060,120,920,1,96.13333333333330,8,NA,NA,
25,1,1980,60,520,1,26.4,8,NA,NA,
26,1,1720,20,480,1,11.466666666666700,8,NA,NA,
0,0.040404,1980,760,80,0.03333333333333330,858,9,NA,NA,
1,0.107143,2240,740,140,0.15333333333333300,597.3333333333330,9,NA,NA,
2,0.137931,2320,840,80,0.12666666666666700,866.1333333333330,9,NA,NA,
3,0.190909,2200,840,80,0.19333333333333300,924,9,NA,NA,
4,0.252525,1980,800,120,0.24,818.4,9,NA,NA,
5,0.317308,2080,900,140,0.32666666666666700,859.7333333333330,9,NA,NA,
6,0.377049,2440,1060,140,0.4,1154.9333333333300,9,NA,NA,
7,0.439655,2320,880,140,0.4733333333333330,742.4,9,NA,NA,
8,0.46281,2420,880,140,0.4733333333333330,887.3333333333330,9,NA,NA,
9,0.471074,2420,860,140,0.5066666666666670,935.7333333333330,9,NA,NA,
10,0.582609,2300,700,460,0.5533333333333330,736,9,NA,NA,
11,0.656934,2740,760,360,0.66,931.6,9,NA,NA,
12,0.719512,3280,800,660,0.6933333333333330,830.9333333333330,9,NA,NA,
13,0.727811,3380,880,540,0.74,901.3333333333330,9,NA,NA,
14,0.751445,3460,980,400,0.7933333333333330,876.5333333333330,9,NA,NA,
15,0.796512,3440,900,460,0.7866666666666670,871.4666666666670,9,NA,NA,
16,0.833333,3240,800,460,0.8466666666666670,604.8000000000000,9,NA,NA,
17,0.871166,3260,820,620,0.88,782.4,9,NA,NA,
18,0.872483,2980,600,440,0.86,715.2000000000000,9,NA,NA,
19,0.888,2500,440,600,0.9266666666666670,350.00000000000000,9,NA,NA,
20,0.913793,2320,400,580,0.94,309.3333333333330,9,NA,NA,
21,0.945455,2200,340,480,0.96,352,9,NA,NA,
22,0.980198,2020,180,740,0.9866666666666670,175.06666666666700,9,NA,NA,
23,0.978261,1840,140,600,0.9466666666666670,134.93333333333300,9,NA,NA,
24,0.990476,2100,60,920,0.9733333333333330,42,9,NA,NA,
25,1,1900,40,520,1,0,9,NA,NA,
26,1,1700,20,480,1,0,9,NA,NA,
0,0.0412371,1940,760,80,0.03333333333333330,711.3333333333330,10,NA,NA,
1,0.12037,2160,800,140,0.09333333333333330,676.8000000000000,10,NA,NA,
2,0.15748,2540,920,80,0.15333333333333300,829.7333333333330,10,NA,NA,
3,0.183333,2400,960,80,0.18,1008,10,NA,NA,
4,0.302752,2180,820,120,0.29333333333333300,741.2,10,NA,NA,
5,0.315315,2220,880,140,0.34,769.6,10,NA,NA,
6,0.282051,2340,960,140,0.3333333333333330,1045.2,10,NA,NA,
7,0.364407,2360,960,140,0.4,928.2666666666670,10,NA,NA,
8,0.377193,2280,820,140,0.4,820.8,10,NA,NA,
9,0.382114,2460,840,140,0.36,934.8,10,NA,NA,
10,0.453333,3000,760,460,0.46,660,10,NA,NA,
11,0.493671,3160,900,360,0.4733333333333330,1011.2,10,NA,NA,
12,0.623457,3240,700,660,0.6,669.6,10,NA,NA,
13,0.625767,3260,660,540,0.6333333333333330,804.1333333333330,10,NA,NA,
14,0.681818,3080,720,400,0.6733333333333330,718.6666666666670,10,NA,NA,
15,0.738562,3060,660,460,0.7333333333333330,571.2,10,NA,NA,
16,0.729323,2660,720,460,0.7266666666666670,673.8666666666670,10,NA,NA,
17,0.793103,2900,720,620,0.8,618.6666666666670,10,NA,NA,
18,0.782609,2760,740,440,0.7933333333333330,699.2,10,NA,NA,
19,0.835821,2680,680,600,0.84,821.8666666666670,10,NA,NA,
20,0.801418,2820,680,580,0.86,601.6,10,NA,NA,
21,0.8,2800,720,480,0.8,765.3333333333330,10,NA,NA,
22,0.859259,2700,540,740,0.7933333333333330,666,10,NA,NA,
23,0.87218,2660,520,600,0.8866666666666670,514.2666666666670,10,NA,NA,
24,0.912409,2740,440,920,0.92,310.5333333333330,10,NA,NA,
25,0.938931,2620,440,520,0.9533333333333330,366.8,10,NA,NA,
26,0.966102,2360,380,480,0.98,393.3333333333330,10,NA,NA,
27,0.965217,2300,340,620,0.98,306.6666666666670,10,NA,NA,
28,0.956522,2300,400,620,0.9866666666666670,291.33333333333300,10,NA,NA,
29,0.967213,2440,420,560,0.9666666666666670,325.3333333333330,10,NA,NA,
30,0.973214,2240,360,560,0.9666666666666670,328.53333333333300,10,NA,NA,
31,0.961538,2080,320,560,0.9866666666666670,318.9333333333330,10,NA,NA,
32,0.979592,1960,260,560,0.9866666666666670,222.13333333333300,10,NA,NA,
33,0.988235,1700,120,560,0.9933333333333330,124.66666666666700,10,NA,NA,
34,1,1780,40,560,1,23.733333333333300,10,NA,NA,
35,1,1820,20,560,1,0,10,NA,NA,
36,1,1580,20,560,1,0,10,NA,NA,
37,1,1580,20,560,1,10.533333333333300,10,NA,NA,
0,0.0449438,1780,720,80,0.04666666666666670,759.4666666666670,11,NA,NA,
1,0.0967742,1860,660,140,0.08666666666666670,719.2000000000000,11,NA,NA,
2,0.202247,1780,700,80,0.2,664.5333333333330,11,NA,NA,
3,0.348315,1780,640,80,0.3333333333333330,593.3333333333330,11,NA,NA,
4,0.357143,1960,640,120,0.43333333333333300,666.4000000000000,11,NA,NA,
5,0.336364,2200,840,140,0.34,777.3333333333330,11,NA,NA,
6,0.318966,2320,800,140,0.31333333333333300,958.9333333333330,11,NA,NA,
7,0.365385,2080,480,140,0.3,540.8000000000000,11,NA,NA,
8,0.326531,1960,480,140,0.32,496.53333333333300,11,NA,NA,
9,0.355556,1800,460,140,0.35333333333333300,456.00000000000000,11,NA,NA,
10,0.448598,2140,620,460,0.46,599.2,11,NA,NA,
11,0.528455,2460,700,360,0.5066666666666670,820,11,NA,NA,
12,0.676259,2780,640,660,0.6933333333333330,500.4,11,NA,NA,
13,0.73913,3220,740,540,0.7133333333333330,644,11,NA,NA,
14,0.755102,2940,840,400,0.7866666666666670,823.2,11,NA,NA,
15,0.782313,2940,880,460,0.7733333333333330,862.4,11,NA,NA,
16,0.816794,2620,700,460,0.7733333333333330,646.2666666666670,11,NA,NA,
17,0.852459,2440,580,620,0.8533333333333330,699.4666666666670,11,NA,NA,
18,0.881818,2200,360,440,0.8733333333333330,425.3333333333330,11,NA,NA,
19,0.941748,2060,140,600,0.9133333333333330,137.33333333333300,11,NA,NA,
20,0.96,2000,80,580,0.9666666666666670,80,11,NA,NA,
21,0.955056,1780,40,480,0.9266666666666670,59.333333333333300,11,NA,NA,
0,0.0421053,1900,700,80,0.04,658.6666666666670,12,NA,NA,
1,0.111111,1980,620,140,0.13333333333333300,607.2000000000000,12,NA,NA,
2,0.149533,2140,780,80,0.11333333333333300,727.6,12,NA,NA,
3,0.212121,2640,1000,80,0.2,1038.4,12,NA,NA,
4,0.291339,2540,900,120,0.31333333333333300,778.9333333333330,12,NA,NA,
5,0.333333,2640,1020,140,0.34,968,12,NA,NA,
6,0.366412,2620,1000,140,0.38666666666666700,1135.3333333333300,12,NA,NA,
7,0.456,2500,860,140,0.43333333333333300,1000,12,NA,NA,
8,0.42623,2440,780,140,0.43333333333333300,829.6,12,NA,NA,
9,0.495726,2340,640,140,0.4866666666666670,670.8000000000000,12,NA,NA,
10,0.544,2500,600,460,0.4733333333333330,666.6666666666670,12,NA,NA,
11,0.560606,2640,660,360,0.5933333333333330,510.4,12,NA,NA,
12,0.703226,3100,720,660,0.7133333333333330,537.3333333333330,12,NA,NA,
13,0.73125,3200,740,540,0.7266666666666670,682.6666666666670,12,NA,NA,
14,0.765957,2820,660,400,0.76,564,12,NA,NA,
15,0.809524,2940,600,460,0.76,627.2,12,NA,NA,
16,0.835821,2680,560,460,0.82,625.3333333333330,12,NA,NA,
17,0.868217,2580,420,620,0.9,395.6,12,NA,NA,
18,0.866071,2240,380,440,0.86,477.8666666666670,12,NA,NA,
19,0.893805,2260,360,600,0.8733333333333330,316.40000000000000,12,NA,NA,
20,0.924528,2120,240,580,0.92,197.86666666666700,12,NA,NA,
21,0.923913,1840,120,480,0.8933333333333330,147.20000000000000,12,NA,NA,
22,0.957447,1880,60,740,0.9666666666666670,50.13333333333330,12,NA,NA,
23,0.957895,1900,40,600,0.9733333333333330,63.333333333333300,12,NA,NA,
24,0.989362,1880,20,920,0.9933333333333330,0,12,NA,NA,
0,0.04,2000,1000,80,0.05333333333333330,933.3333333333330,13,NA,NA,
1,0.144144,2220,1000,140,0.22,902.8,13,NA,NA,
2,0.23301,2060,860,80,0.21333333333333300,796.5333333333330,13,NA,NA,
3,0.205607,2140,840,80,0.21333333333333300,813.2,13,NA,NA,
4,0.304348,2300,840,120,0.29333333333333300,904.6666666666670,13,NA,NA,
5,0.29771,2620,980,140,0.32,1013.0666666666700,13,NA,NA,
6,0.289062,2560,960,140,0.25333333333333300,955.7333333333330,13,NA,NA,
7,0.276923,2600,1080,140,0.3333333333333330,1005.3333333333300,13,NA,NA,
8,0.294574,2580,1080,140,0.2733333333333330,1290,13,NA,NA,
9,0.313559,2360,880,140,0.38,818.1333333333330,13,NA,NA,
10,0.375887,2820,940,460,0.35333333333333300,1052.8,13,NA,NA,
11,0.464789,2840,1040,360,0.4533333333333330,927.7333333333330,13,NA,NA,
12,0.590062,3220,740,660,0.5666666666666670,729.8666666666670,13,NA,NA,
13,0.610778,3340,840,540,0.64,623.4666666666670,13,NA,NA,
14,0.670886,3160,980,400,0.6866666666666670,926.9333333333330,13,NA,NA,
15,0.743421,3040,900,460,0.7533333333333330,830.9333333333330,13,NA,NA,
16,0.797297,2960,700,460,0.76,592,13,NA,NA,
17,0.84375,3200,680,620,0.84,533.3333333333330,13,NA,NA,
18,0.892086,2780,720,440,0.9133333333333330,630.1333333333330,13,NA,NA,
19,0.925373,2680,620,600,0.88,750.4000000000000,13,NA,NA,
20,0.930233,2580,480,580,0.9466666666666670,464.4,13,NA,NA,
21,0.920354,2260,500,480,0.9533333333333330,482.1333333333330,13,NA,NA,
22,0.92562,2420,340,740,0.9666666666666670,403.3333333333330,13,NA,NA,
23,0.945455,2200,240,600,0.9533333333333330,322.6666666666670,13,NA,NA,
24,0.974359,2340,200,920,0.9866666666666670,187.2,13,NA,NA,
25,0.981651,2180,120,520,0.9933333333333330,101.73333333333300,13,NA,NA,
26,0.979592,1960,120,480,0.98,156.8,13,NA,NA,
27,1,1680,40,620,1,33.6,13,NA,NA,
28,1,1580,40,620,1,0,13,NA,NA,
29,1,1660,40,560,1,11.066666666666700,13,NA,NA,
0,0.0392157,2040,960,80,0.02666666666666670,1033.6,14,NA,NA,
1,0.125,2240,960,140,0.10666666666666700,910.9333333333330,14,NA,NA,
2,0.198347,2420,1040,80,0.2066666666666670,1242.2666666666700,14,NA,NA,
3,0.219298,2280,1060,80,0.24,1003.2,14,NA,NA,
4,0.333333,2460,1200,120,0.3466666666666670,1098.8,14,NA,NA,
5,0.430769,2600,1100,140,0.42,1144,14,NA,NA,
6,0.451613,2480,1020,140,0.4133333333333330,1058.1333333333300,14,NA,NA,
7,0.436508,2520,920,140,0.42,705.6,14,NA,NA,
8,0.472441,2540,1000,140,0.56,948.2666666666670,14,NA,NA,
9,0.483871,2480,1020,140,0.44,992,14,NA,NA,
10,0.595745,2820,820,460,0.5733333333333330,958.8,14,NA,NA,
11,0.602564,3120,880,360,0.58,894.4000000000000,14,NA,NA,
12,0.658824,3400,860,660,0.6533333333333330,884,14,NA,NA,
13,0.662983,3620,900,540,0.6466666666666670,796.4,14,NA,NA,
14,0.674286,3500,940,400,0.6066666666666670,1120,14,NA,NA,
15,0.690909,3300,820,460,0.6933333333333330,814,14,NA,NA,
16,0.7375,3200,800,460,0.7466666666666670,618.6666666666670,14,NA,NA,
17,0.8,3100,720,620,0.8066666666666670,702.6666666666670,14,NA,NA,
18,0.821429,2800,600,440,0.8666666666666670,560,14,NA,NA,
19,0.786667,3000,680,600,0.7466666666666670,660,14,NA,NA,
20,0.812903,3100,660,580,0.8333333333333330,558,14,NA,NA,
21,0.807407,2700,480,480,0.7733333333333330,486,14,NA,NA,
22,0.876712,2920,540,740,0.9133333333333330,467.2,14,NA,NA,
23,0.896552,2900,540,600,0.9133333333333330,464,14,NA,NA,
24,0.926667,3000,380,920,0.9733333333333330,340,14,NA,NA,
25,0.887417,3020,540,520,0.9133333333333330,563.7333333333330,14,NA,NA,
26,0.882353,2720,600,480,0.8466666666666670,634.6666666666670,14,NA,NA,
27,0.891667,2400,440,620,0.8733333333333330,480,14,NA,NA,
28,0.92437,2380,380,620,0.9266666666666670,349.06666666666700,14,NA,NA,
29,0.919643,2240,320,560,0.9,313.6,14,NA,NA,
30,0.888889,1980,240,560,0.9,264,14,NA,NA,
31,0.927835,1940,180,560,0.9466666666666670,245.73333333333300,14,NA,NA,
32,0.957895,1900,120,560,0.9733333333333330,164.66666666666700,14,NA,NA,
33,0.978261,1840,80,560,0.9733333333333330,49.06666666666670,14,NA,NA,
34,0.976471,1700,40,560,0.9866666666666670,34,14,NA,NA,
35,0.974359,1560,20,560,0.9866666666666670,0,14,NA,NA,
0,0.037037,2160,980,80,0.04,1022.4,15,NA,NA,
1,0.109091,2200,920,140,0.11333333333333300,880,15,NA,NA,
2,0.174312,2180,780,80,0.21333333333333300,741.2,15,NA,NA,
3,0.190476,2520,1040,80,0.18666666666666700,1092,15,NA,NA,
4,0.207547,2120,960,120,0.2,876.2666666666670,15,NA,NA,
5,0.226087,2300,1120,140,0.22,1073.3333333333300,15,NA,NA,
6,0.268293,2460,1180,140,0.2733333333333330,1295.6,15,NA,NA,
7,0.325203,2460,1040,140,0.3466666666666670,902,15,NA,NA,
8,0.372727,2200,800,140,0.35333333333333300,777.3333333333330,15,NA,NA,
9,0.37963,2160,740,140,0.4066666666666670,676.8000000000000,15,NA,NA,
10,0.533333,2400,720,460,0.49333333333333300,800,15,NA,NA,
11,0.598425,2540,780,360,0.6533333333333330,694.2666666666670,15,NA,NA,
12,0.697368,3040,840,660,0.74,668.8,15,NA,NA,
13,0.766667,3000,760,540,0.82,660,15,NA,NA,
14,0.809524,2940,720,400,0.8466666666666670,705.6,15,NA,NA,
15,0.832258,3100,740,460,0.7866666666666670,764.6666666666670,15,NA,NA,
16,0.85034,2940,720,460,0.8266666666666670,784,15,NA,NA,
17,0.824324,2960,640,620,0.8066666666666670,473.6,15,NA,NA,
18,0.880795,3020,600,440,0.8466666666666670,604,15,NA,NA,
19,0.878571,2800,540,600,0.8866666666666670,373.3333333333330,15,NA,NA,
20,0.856115,2780,580,580,0.8133333333333330,611.6,15,NA,NA,
21,0.853659,2460,540,480,0.8133333333333330,590.4,15,NA,NA,
22,0.893443,2440,440,740,0.8866666666666670,471.73333333333300,15,NA,NA,
23,0.913793,2320,440,600,0.9333333333333330,386.66666666666700,15,NA,NA,
24,0.916667,2640,400,920,0.9533333333333330,404.8000000000000,15,NA,NA,
25,0.957265,2340,260,520,0.9733333333333330,187.2,15,NA,NA,
26,0.980198,2020,140,480,0.98,121.2,15,NA,NA,
27,0.978495,1860,80,620,0.98,62,15,NA,NA,
28,0.977778,1800,60,620,0.98,48,15,NA,NA,
29,0.988095,1680,40,560,0.9866666666666670,44.8,15,NA,NA,
30,0.987805,1640,40,560,0.9866666666666670,21.866666666666700,15,NA,NA,
0,0.0444444,1800,760,80,0.03333333333333330,708,16,NA,NA,
1,0.102804,2140,960,140,0.08,984.4,16,NA,NA,
2,0.111111,2160,1020,80,0.1,1008,16,NA,NA,
3,0.148148,2160,940,80,0.14666666666666700,979.2,16,NA,NA,
4,0.233333,2400,980,120,0.22666666666666700,960,16,NA,NA,
5,0.273504,2340,880,140,0.3333333333333330,951.6,16,NA,NA,
6,0.293651,2520,980,140,0.3466666666666670,1008,16,NA,NA,
7,0.348837,2580,900,140,0.3,928.8,16,NA,NA,
8,0.383333,2400,840,140,0.37333333333333300,768,16,NA,NA,
9,0.429752,2420,820,140,0.4066666666666670,855.0666666666670,16,NA,NA,
10,0.475524,2860,900,460,0.4666666666666670,896.1333333333330,16,NA,NA,
11,0.541096,2920,840,360,0.5333333333333330,837.0666666666670,16,NA,NA,
12,0.653333,3000,600,660,0.6333333333333330,520,16,NA,NA,
13,0.722581,3100,540,540,0.68,620,16,NA,NA,
14,0.761589,3020,720,400,0.76,906,16,NA,NA,
15,0.810458,3060,680,460,0.8266666666666670,775.2,16,NA,NA,
16,0.846715,2740,580,460,0.8533333333333330,602.8,16,NA,NA,
17,0.886364,2640,500,620,0.88,668.8000000000000,16,NA,NA,
18,0.910448,2680,540,440,0.9133333333333330,500.2666666666670,16,NA,NA,
19,0.9375,2560,540,600,0.9333333333333330,597.3333333333330,16,NA,NA,
20,0.956522,2300,480,580,0.9866666666666670,536.6666666666670,16,NA,NA,
21,0.969072,1940,280,480,0.9533333333333330,323.3333333333330,16,NA,NA,
22,0.980952,2100,220,740,0.9733333333333330,154,16,NA,NA,
23,0.989583,1920,120,600,1,89.60000000000000,16,NA,NA,
24,0.990826,2180,60,920,1,72.66666666666670,16,NA,NA,
25,0.990476,2100,40,520,0.9933333333333330,14.000000000000000,16,NA,NA,
0,0.0384615,2080,920,80,0.03333333333333330,915.2,17,NA,NA,
1,0.116505,2060,1000,140,0.11333333333333300,1043.7333333333300,17,NA,NA,
2,0.136842,1900,840,80,0.09333333333333330,874,17,NA,NA,
3,0.204301,1860,600,80,0.2,620,17,NA,NA,
4,0.221053,1900,580,120,0.24,557.3333333333330,17,NA,NA,
5,0.326923,2080,660,140,0.3333333333333330,665.6,17,NA,NA,
6,0.418182,2200,680,140,0.4533333333333330,498.66666666666700,17,NA,NA,
7,0.431373,2040,580,140,0.37333333333333300,680,17,NA,NA,
8,0.475728,2060,620,140,0.48,645.4666666666670,17,NA,NA,
9,0.51,2000,780,140,0.43333333333333300,840,17,NA,NA,
10,0.625,2400,920,460,0.6,896,17,NA,NA,
11,0.706767,2660,960,360,0.7133333333333330,904.4,17,NA,NA,
12,0.782609,3220,960,660,0.7666666666666670,858.6666666666670,17,NA,NA,
13,0.825301,3320,860,540,0.88,619.7333333333330,17,NA,NA,
14,0.822785,3160,840,400,0.8133333333333330,905.8666666666670,17,NA,NA,
15,0.853147,2860,660,460,0.8133333333333330,610.1333333333330,17,NA,NA,
16,0.857143,2520,520,460,0.8266666666666670,504,17,NA,NA,
17,0.854701,2340,400,620,0.8333333333333330,483.6,17,NA,NA,
18,0.889831,2360,400,440,0.8733333333333330,346.1333333333330,17,NA,NA,
19,0.954545,2200,320,600,0.96,337.3333333333330,17,NA,NA,
20,0.980392,2040,200,580,0.9933333333333330,163.20000000000000,17,NA,NA,
21,0.978723,1880,120,480,0.9733333333333330,62.666666666666700,17,NA,NA,
22,0.979381,1940,40,740,0.98,64.66666666666670,17,NA,NA,
0,0.0366972,2180,820,80,0.02666666666666670,784.8,18,NA,NA,
1,0.105769,2080,700,140,0.11333333333333300,818.1333333333330,18,NA,NA,
2,0.163462,2080,680,80,0.19333333333333300,873.6,18,NA,NA,
3,0.230769,2080,720,80,0.23333333333333300,693.3333333333330,18,NA,NA,
4,0.241379,2320,920,120,0.24,928,18,NA,NA,
5,0.371681,2260,940,140,0.3466666666666670,858.8,18,NA,NA,
6,0.466102,2360,1020,140,0.44666666666666700,912.5333333333330,18,NA,NA,
7,0.468254,2520,920,140,0.48,806.4,18,NA,NA,
8,0.504,2500,920,140,0.5066666666666670,933.3333333333330,18,NA,NA,
9,0.471698,2120,700,140,0.46,749.0666666666670,18,NA,NA,
10,0.552,2500,740,460,0.5933333333333330,716.6666666666670,18,NA,NA,
11,0.592,2500,680,360,0.5666666666666670,700.0000000000000,18,NA,NA,
12,0.695652,2760,540,660,0.68,552,18,NA,NA,
13,0.767123,2920,600,540,0.7733333333333330,545.0666666666670,18,NA,NA,
14,0.802817,2840,620,400,0.8933333333333330,359.73333333333300,18,NA,NA,
15,0.843537,2940,600,460,0.8333333333333330,607.6,18,NA,NA,
16,0.82963,2700,540,460,0.8,468,18,NA,NA,
17,0.839416,2740,560,620,0.84,566.2666666666670,18,NA,NA,
18,0.892308,2600,580,440,0.9,710.6666666666670,18,NA,NA,
19,0.894309,2460,560,600,0.8733333333333330,606.8000000000000,18,NA,NA,
20,0.943089,2460,560,580,0.96,508.4,18,NA,NA,
21,0.963964,2220,440,480,0.94,473.6,18,NA,NA,
22,0.980952,2100,260,740,0.98,280,18,NA,NA,
23,0.979592,1960,180,600,0.98,130.66666666666700,18,NA,NA,
24,1,2240,100,920,1,59.733333333333300,18,NA,NA,
25,1,2020,40,520,1,0,18,NA,NA,
0,0.0416667,1920,740,80,0.02,601.6,19,NA,NA,
1,0.12766,1880,740,140,0.16666666666666700,739.4666666666670,19,NA,NA,
2,0.202128,1880,740,80,0.24,764.5333333333330,19,NA,NA,
3,0.231579,1900,680,80,0.26,671.3333333333330,19,NA,NA,
4,0.297872,1880,560,120,0.26,576.5333333333330,19,NA,NA,
5,0.326531,1960,680,140,0.29333333333333300,718.6666666666670,19,NA,NA,
6,0.327103,2140,640,140,0.32,613.4666666666670,19,NA,NA,
7,0.405172,2320,780,140,0.38,788.8000000000000,19,NA,NA,
8,0.469231,2600,900,140,0.4666666666666670,953.3333333333330,19,NA,NA,
9,0.433628,2260,920,140,0.4133333333333330,768.4000000000000,19,NA,NA,
10,0.543307,2540,820,460,0.5266666666666670,778.9333333333330,19,NA,NA,
11,0.617021,2820,800,360,0.6466666666666670,752,19,NA,NA,
12,0.733728,3380,920,660,0.64,878.8000000000000,19,NA,NA,
13,0.797619,3360,920,540,0.78,761.6000000000000,19,NA,NA,
14,0.824675,3080,920,400,0.8133333333333330,985.6,19,NA,NA,
15,0.851613,3100,840,460,0.86,640.6666666666670,19,NA,NA,
16,0.878378,2960,860,460,0.8733333333333330,947.2,19,NA,NA,
17,0.863946,2940,740,620,0.8866666666666670,725.2,19,NA,NA,
18,0.900709,2820,740,440,0.9066666666666670,714.4000000000000,19,NA,NA,
19,0.931298,2620,640,600,0.92,681.2,19,NA,NA,
20,0.957983,2380,480,580,0.9266666666666670,539.4666666666670,19,NA,NA,
21,0.969388,1960,280,480,0.98,261.3333333333330,19,NA,NA,
22,0.989474,1900,140,740,0.98,139.33333333333300,19,NA,NA,
23,0.988235,1700,60,600,0.98,68,19,NA,NA,
0,0.0377358,2120,820,80,0.04,848,20,NA,NA,
1,0.117021,1880,660,140,0.08,601.6,20,NA,NA,
2,0.156522,2300,840,80,0.14666666666666700,705.3333333333330,20,NA,NA,
3,0.19802,2020,780,80,0.22,794.5333333333330,20,NA,NA,
4,0.27381,1680,640,120,0.24666666666666700,627.2,20,NA,NA,
5,0.230769,1820,680,140,0.2,740.1333333333330,20,NA,NA,
6,0.351064,1880,740,140,0.34,726.9333333333330,20,NA,NA,
7,0.366972,2180,840,140,0.31333333333333300,784.8,20,NA,NA,
8,0.408,2500,980,140,0.4,950,20,NA,NA,
9,0.445312,2560,840,140,0.5,870.4000000000000,20,NA,NA,
10,0.460432,2780,780,460,0.49333333333333300,815.4666666666670,20,NA,NA,
11,0.507042,2840,740,360,0.44666666666666700,662.6666666666670,20,NA,NA,
12,0.598684,3040,660,660,0.54,668.8,20,NA,NA,
13,0.654545,3300,840,540,0.6333333333333330,836.0000000000000,20,NA,NA,
14,0.705128,3120,940,400,0.82,956.8,20,NA,NA,
15,0.796407,3340,1020,460,0.7933333333333330,1002,20,NA,NA,
16,0.83125,3200,1000,460,0.8133333333333330,1024,20,NA,NA,
17,0.884146,3280,880,620,0.8533333333333330,830.9333333333330,20,NA,NA,
18,0.932886,2980,880,440,0.9333333333333330,774.8000000000000,20,NA,NA,
19,0.964286,2800,740,600,0.96,989.3333333333330,20,NA,NA,
20,0.976744,2580,520,580,0.9733333333333330,567.6,20,NA,NA,
21,0.98,2000,280,480,0.9733333333333330,253.33333333333300,20,NA,NA,
22,1,2040,160,740,1,108.8,20,NA,NA,
23,1,1840,60,600,1,85.86666666666670,20,NA,NA,
0,0.031388479,2708,NA,100,0.031388479,NA,21,0.003,NA,
2,0.14049587,2447,859.168889,100,0.14049587,859.168889,21,0.032,107.668,0.044
3,0.10204082,2317,1179.26165,100,0.10204082,1179.26165,21,0.025,94.997,0.041
4,0.08695652,1761,646.081169,100,0.08695652,646.081169,21,0.022,66.918,0.038
5,0.12403101,2660,835.371901,100,0.12403101,835.371901,21,0.029,109.06,0.041
6,0.15068545,2340,862.679194,100,0.15068545,862.679194,21,0.027,79.56,0.034
7,0.1773399,2271,889.986486,100,0.1773399,889.986486,21,0.031,81.756,0.036
8,0.18867925,2746,839.055556,100,0.18867925,839.055556,21,0.024,90.618,0.033
9,0.12631579,1839,563.064607,100,0.12631579,563.064607,21,0.024,51.492,0.028
10,0.21428571,1913,736.049524,100,0.21428571,736.049524,21,0.055,89.911,0.047
11,0.48809524,1133,356.850394,500,0.48809524,356.850394,21,0.055,48.719,0.043
12,0.54216867,1754,405.884298,500,0.54216867,405.884298,21,0.045,42.096,0.024
13,0.71287129,1500,92.3076923,500,0.71287129,92.3076923,21,0.035,45,0.030
14,0.61928934,1685,439.834559,500,0.61928934,439.834559,21,0.039,57.29,0.034
15,0.58282209,1874,502.978355,500,0.58282209,502.978355,21,0.029,69.338,0.037
16,0.8427673,1821,682.875,500,0.8427673,682.875,21,0.032,60.093,0.033
17,0.77192982,1756,476.628571,500,0.77192982,476.628571,21,0.042,70.24,0.040
18,0.64341085,1086,366.137143,500,0.64341085,366.137143,21,0.033,30.408,0.028
19,0.61711712,927,220.42671,500,0.61711712,220.42671,21,0.037,28.737,0.031
20,0.70945946,665,111.413613,500,0.70945946,111.413613,21,0.028,17.955,0.027
21,0.72834646,1434,350.73065,500,0.72834646,350.73065,21,0.028,37.284,0.026
22,0.81967213,947,149.064815,500,0.81967213,149.064815,21,0.041,35.039,0.037
23,0.67669173,933,265.056818,500,0.67669173,265.056818,21,0.037,29.856,0.032
24,0.80869565,796,145.255474,500,0.80869565,145.255474,21,0.029,24.676,0.031
25,0.85034014,1031,201.319527,500,0.85034014,201.319527,21,0.011,18.558,0.018
26,0.984,1322,72.8661417,500,0.984,72.8661417,21,0.014,13.22,0.010
27,0.96531792,1183,19.8268156,500,0.96531792,19.8268156,21,0.006,9.464,0.008
28,0.99401198,873,10.3928571,500,0.99401198,10.3928571,21,0.011,7.857,0.009
29,0.97169811,867,19.8853211,500,0.97169811,19.8853211,21,0.009,7.803,0.009
30,0.99115044,751,13.1754386,500,0.99115044,13.1754386,21,0.000,6.759,0.009
31,1,370,3.27433628,500,1,3.27433628,21,0.010,2.22,0.006
0,0.041728,2037,NA,100,0.041728,NA,22,0.004,NA,
2,0.1323529,2607,636.35433,100,0.1323529,636.35433,22,0.029,96.459,0.037
3,0.1512605,1641,581.80909,100,0.1512605,581.80909,22,0.033,72.204,0.044
4,0.1365854,2532,1073.7801,100,0.1365854,1073.7801,22,0.024,86.088,0.034
5,0.1794872,2185,666.78404,100,0.1794872,666.78404,22,0.035,91.77,0.042
6,0.2288164,2133,854.42279,100,0.2288164,854.42279,22,0.036,85.32,0.040
7,0.2781457,2556,1042.0615,100,0.2781457,1042.0615,22,0.040,112.464,0.044
8,0.2755906,2477,1119.7397,100,0.2755906,1119.7397,22,0.029,84.218,0.034
9,0.2171717,1934,668.40793,100,0.2171717,668.40793,22,0.023,63.822,0.033
10,0.125,2487,939.53333,100,0.125,939.53333,22,0.036,89.532,0.036
11,0.3791209,2219,925.21017,500,0.3791209,925.21017,22,0.048,82.103,0.037
12,0.5648148,1769,342.3871,500,0.5648148,342.3871,22,0.051,81.374,0.046
13,0.6436782,1988,522.27119,500,0.6436782,522.27119,22,0.032,49.7,0.025
14,0.3813559,1857,374.31675,500,0.3813559,374.31675,22,0.038,64.995,0.035
15,0.5722892,1685,440.80169,500,0.5722892,440.80169,22,0.018,43.81,0.026
16,0.9259259,1444,317.43103,500,0.9259259,317.43103,22,0.036,51.984,0.036
17,0.7761194,1593,398.25,500,0.7761194,398.25,22,0.045,57.348,0.036
18,0.5932203,1207,225.40361,500,0.5932203,225.40361,22,0.032,30.175,0.025
19,0.7433155,1271,194.70638,500,0.7433155,194.70638,22,0.041,36.859,0.029
20,0.7391304,904,105.98621,500,0.7391304,105.98621,22,0.039,33.448,0.037
21,0.7520661,1101,247.90728,500,0.7520661,247.90728,22,0.033,29.727,0.027
22,0.8156028,1058,145.71257,500,0.8156028,145.71257,22,0.043,39.146,0.037
23,0.7117117,1015,234.23077,500,0.7117117,234.23077,22,0.031,22.33,0.022
24,0.7771429,1201,123.46729,500,0.7771429,123.46729,22,0.024,34.829,0.029
25,0.8915663,770,142.28261,500,0.8915663,142.28261,22,0.018,13.09,0.017
26,0.9090909,1366,128.0625,500,0.9090909,128.0625,22,0.022,21.856,0.016
27,0.9344262,994,30.584615,500,0.9344262,30.584615,22,0.013,11.928,0.012
28,0.9727891,670,13.311258,500,0.9727891,13.311258,22,0.009,NA,NA
29,0.9908257,671,0,500,0.9908257,0,22,0.012,NA,NA
30,0.9823009,407,0,500,0.9823009,0,22,0.000,NA,NA
31,1,194,0,500,1,0,22,0.017,NA,NA